flow_duration,tot_pkts,pkt_len_mean,pkt_len_std,pkt_len_min,pkt_len_max,pkt_len_var,flow_iat_mean,flow_iat_std,flow_iat_min,flow_iat_max,total_requests,ratio_404,ratio_200,ratio_302,ratio_500,unique_url_ratio,unique_agent_ratio,size_mean,size_std,reqtime_mean,reqtime_std,label
0.47981905937194824,151.5,192.5277777777778,165.33447683766977,66.0,471.5,29834.58010662177,0.010374608958089651,0.0198806895499836,5.7578086853003905e-05,0.06796705722808835,32,0.03125,0.03125,0.8125,0.125,0.15625,1.0,2697.375,1249.3045502898804,0.0026562499999999,0.0013371933059584,malicious
0.8705980777740479,297.0,265.8888888888889,215.32538476537005,66.0,566.0,46365.02132435465,0.0029412097222096,0.0054677642287885,1.1920928955078125e-06,0.0495481491088867,69,0.0,0.0,1.0,0.0,0.0144927536231884,1.0,3344.0,0.0,0.0021304347826086,0.0008149516475077,malicious
0.5934231281280518,303.0,252.91749174917493,220.81751001753085,66.0,565.0,48760.37273034234,0.0019649772454571,0.0014512497838671,1.9073486328125e-06,0.0095670223236083,32,0.0,0.0,1.0,0.0,0.03125,1.0,3344.0,0.0,0.00253125,0.0014786897705401,malicious
0.4570937156677246,223.0,255.89873749279687,216.8912372586959,66.0,565.6666666666666,47058.21814248809,0.0023998357984301665,0.0032921668169315667,1.5894571940104167e-06,0.0200880368550618,173,0.0,0.0,1.0,0.0,0.0057803468208092,1.0,3344.0,0.0,0.0020462427745664,0.0004663848035594,malicious
0.2074339389801025,63.0,257.25396825396825,211.31530404196525,66.0,566.0,44654.15772234821,0.0033457086932274,0.0071011176320867,9.5367431640625e-07,0.046281099319458,16,0.0,0.0625,0.8125,0.125,0.1875,1.0,2870.5,1020.9996327129604,0.0024375,0.0012732217992164,malicious
0.5216730833053589,113.0,203.5132743362832,49.49643968977005,66.0,243.0,2449.926384211763,0.00465779538665495,0.016998134229740197,0.00012695789337155,0.18014252185821525,150,0.98,0.0,0.02,0.0,0.9866666666666668,0.9866666666666668,284.64666666666665,40.775178179323206,0.00128,0.0013717142559585,malicious
0.07628677686055495,25.266666666666666,131.58545914912222,58.2830892078573,66.0,230.4,3454.153602749372,0.0016480517901579263,0.000992896454678364,0.00025113423665360006,0.0051774660746255925,242,0.6446280991735537,0.0041322314049586,0.0867768595041322,0.0,0.8966942148760331,0.5371900826446281,260.73553719008265,85.91094452979019,0.0016198347107438,0.0019782127268102,malicious
0.277263601620992,85.0,208.86288658272483,56.288372381356425,66.0,336.1666666666667,3228.2627753108177,0.00316606425682335,0.0015389830369613,0.00023444493611648334,0.010620792706807417,272,0.8014705882352942,0.0,0.0183823529411764,0.0036764705882352,0.9779411764705882,0.0220588235294117,290.04411764705884,45.73185394665215,0.0012610294117647,0.0011122098295813,malicious
0.07442329611097061,28.071428571428573,156.97859639629377,74.53503476714866,66.0,279.57142857142856,5807.835400007108,0.0019170260155174715,0.0010887372339250787,0.00026081289563855,0.005137579781668493,268,0.5634328358208955,0.0,0.0559701492537313,0.0,0.9552238805970148,0.0708955223880597,275.9179104477612,74.94705081245371,0.0013470149253731,0.0014230611475365,malicious
0.18632929665701728,54.142857142857146,190.10690878646503,73.76455639237597,66.0,318.7142857142857,5571.241407614509,0.002576119318178072,0.0013559287631258715,0.0002467291695730714,0.006768158503941086,241,0.6970954356846473,0.0041493775933609,0.0373443983402489,0.0,0.983402489626556,0.0290456431535269,624.9502074688796,5226.836783467242,0.0014979253112033,0.0011951648138147,malicious
0.286187211672465,90.66666666666667,212.48595105517418,76.99422943908141,66.0,364.1666666666667,6051.72971349686,0.002973173249669066,0.0014984406037605333,0.00019466876983638336,0.007387797037760366,260,0.3807692307692307,0.0,0.0153846153846153,0.0,0.8807692307692307,0.1923076923076923,295.6576923076923,40.24408865408227,0.001226923076923,0.0009273857766314,malicious
0.33300125598907465,102.0,235.99400071901061,79.74914429085752,66.0,416.0,6623.469047722748,0.00332110920258275,0.0018036691126050502,0.00022828578948970002,0.011255204677581725,271,0.8819188191881919,0.003690036900369,0.014760147601476,0.0,0.996309963099631,0.0036900369003689,590.2250922509226,4895.979936615283,0.0012693726937269,0.0010544857499713,malicious
0.18437167576381133,51.0,196.72763180705513,73.09695866165369,66.0,313.57142857142856,5599.743801713987,0.0029925577599397997,0.001565107578334845,0.00023572785513735714,0.0079294954027448,224,0.5982142857142857,0.0,0.1964285714285714,0.0,0.8660714285714286,0.2678571428571429,234.6741071428572,117.78698254956434,0.0019553571428571,0.0019220914615945,malicious
0.3697904944419861,109.75,201.90875729774817,42.94463825957958,66.0,252.0,1844.5465531221807,0.00340062208192665,0.00137703068742155,0.00020498037338252502,0.008301079273223825,276,0.9818840579710144,0.0144927536231884,0.0,0.0,1.0,0.0181159420289854,322.8623188405797,379.11574638867256,0.0011449275362318,0.0007666105017645,malicious
0.36907370885213214,111.0,203.08506301957627,45.41924998351473,66.0,235.66666666666666,2073.9723941182447,0.0033559535022591666,0.0013438867164818665,0.00023873647054033337,0.0075446764628092,268,0.5298507462686567,0.003731343283582,0.0,0.0,1.0,0.003731343283582,294.7276119402985,40.25947166166336,0.0011119402985074,0.0006308067301195,malicious
0.35058122873306274,110.75,215.15877437011753,54.350575565827626,66.0,305.5,3253.637852459434,0.0031910734118716752,0.0013321687211592498,0.00028097629547115,0.0089534521102905,292,0.9623287671232876,0.0,0.0,0.0,1.0,0.0034246575342465,292.07876712328766,7.042723913646667,0.0011027397260273,0.000679740603776,malicious
0.3790464997291565,109.0,246.58565255148457,69.57547189787013,66.0,396.75,5118.754139570472,0.0035108758092194745,0.0016017021218117,0.000286459922790475,0.011382400989532426,263,0.779467680608365,0.0,0.0038022813688212,0.0,1.0,0.0038022813688213,295.4942965779468,19.377551733828827,0.0012623574144486,0.0011250641526331,malicious
0.2576262474060058,80.6,183.74507485417374,56.428107237466875,66.0,274.6,3260.162171502839,0.00264454465730798,0.0011285062884906151,0.00019397735595696002,0.00617017745971676,270,0.6666666666666666,0.0,0.0,0.0,0.9962962962962963,0.0074074074074074,296.6296296296296,14.074532156287871,0.0011407407407407,0.0007061944225312,malicious
0.2838819026947021,87.6,197.31794492012412,65.95775124116345,66.0,326.6,4469.284991679552,0.00278321321641698,0.00130378631893392,0.0002439975738525,0.0071942329406737586,263,0.8098859315589354,0.0152091254752851,0.0152091254752851,0.0038022813688212,0.9695817490494296,0.0456273764258554,390.0380228136882,909.6256105706218,0.0012699619771863,0.001099313127442,malicious
0.12463300228118893,42.3,166.88997176399874,109.28170587132635,66.0,730.4,20102.057028833224,0.00165254867227132,0.000808373233436837,0.00015921592712397998,0.0044934034347533704,270,0.7888888888888889,0.0074074074074074,0.0185185185185185,0.0,0.9888888888888888,0.0518518518518518,1002.9925925925926,8291.245834543444,0.0012481481481481,0.0011680532618406,malicious
0.3729599714279175,114.25,215.74870403837258,132.18350123955403,66.0,1304.5,37663.75078167555,0.003297988241919325,0.00147789848160605,0.00018149614334102502,0.008512973785400349,272,0.9816176470588236,0.0036764705882352,0.0,0.0,0.9963235294117648,0.1360294117647058,315.94485294117646,291.86286927048786,0.0011838235294117,0.0006382674836013,malicious
0.3572072982788086,111.5,229.06704607652884,55.90008104793379,66.0,273.25,3221.543265997976,0.003233956732699425,0.00135380192414815,0.0002840161323547,0.008068740367889349,272,0.9852941176470588,0.0,0.0147058823529411,0.0,1.0,0.0073529411764705,293.8492647058824,43.41408096378329,0.0012058823529411,0.0008411970380044,malicious
0.3684353828430176,109.66666666666667,268.9650060464387,64.32148208881824,66.0,335.3333333333333,4146.170285093142,0.003403422386604233,0.0013690309909635667,0.00016641616821286666,0.008287350336710533,272,1.0,0.0,0.0,0.0,1.0,0.0073529411764705,315.25,20.10203750281812,0.0011617647058823,0.0006326948460087,malicious
0.38392961025238037,108.25,265.91659623906247,59.16374438765189,66.0,324.25,3502.3748840506064,0.0035844094325332997,0.00149900650815545,0.00012975931167600896,0.00859045982360835,270,1.0,0.0,0.0,0.0,1.0,0.011111111111111,302.0814814814815,12.276778351591329,0.0011814814814814,0.0005966182705618,malicious
0.3724334836006164,108.75,255.19416875173755,57.78006224486223,66.0,320.5,3346.9833778125685,0.00345612474864275,0.0013383925706462,0.00025606155395505,0.007742166519164975,269,0.9962825278810408,0.0,0.0,0.0,0.9925650557620818,0.0074349442379182,301.26765799256503,13.94928794928088,0.0012230483271375,0.0006470324031684,malicious
0.3736669222513835,108.66666666666667,251.82718880960473,55.30144364997481,66.0,296.0,3061.5972470285947,0.003470245441433633,0.0014001032688024334,0.00027362505594886663,0.008451938629150333,265,0.9849056603773584,0.0,0.0,0.0150943396226415,0.9962264150943396,0.0075471698113207,295.01509433962264,30.188710849040064,0.0011471698113207,0.0006764512766302,malicious
0.5866743723551432,107.66666666666667,250.2327070738155,52.154748015832276,66.0,314.0,2736.700837953451,0.005504477811418867,0.0024288770394049666,0.0002069473266601,0.012806733449300068,124,0.1370967741935483,0.0,0.8629032258064516,0.0,1.0,0.032258064516129,41.75,104.78007882872984,0.0053145161290322,0.002470362829182,malicious
0.42012834548950195,107.33333333333333,254.01572327044028,52.23305108659744,66.0,315.6666666666667,2742.1172324716276,0.003959238117163067,0.0016390400763524333,0.00027036666870110005,0.009940067927042601,254,0.9330708661417324,0.0,0.0433070866141732,0.0236220472440944,1.0,0.0078740157480314,308.6102362204724,152.6003273103298,0.0013976377952755,0.0011308810979869,malicious
0.356263518333435,111.0,255.82975032530157,63.63985397652801,66.0,322.25,4101.132088169365,0.003242083046781,0.001077633781850025,0.00025129318237300004,0.0066205263137817,279,1.0,0.0,0.0,0.0,1.0,0.046594982078853,307.89247311827955,13.584565112504423,0.0011326164874551,0.000486716708151,malicious
0.34661370515823364,110.75,251.62707615605544,61.69119514377094,66.0,330.25,3848.2844887017427,0.00316224265127575,0.00107920869865005,0.0002372860908508,0.007477700710296575,290,0.9896551724137932,0.0,0.0,0.0034482758620689,1.0,0.0034482758620689,300.26206896551724,21.63092316797164,0.001051724137931,0.0003992412542217,malicious
0.398064374923706,109.33333333333333,255.71353137334447,61.79175363792657,66.0,328.6666666666667,3864.7471888347595,0.003673404470973867,0.0015530632509187,0.00022006034851069998,0.0094099839528401,248,0.9879032258064516,0.0,0.0,0.0,1.0,0.0080645161290322,310.0483870967742,19.43967295237544,0.0012701612903225,0.0008540680488403,malicious
0.2507839600245158,77.0,190.5851466035717,56.819470883620106,66.0,283.5,3402.698776500698,0.002721160028617367,0.001119825719478475,0.0002720355987548333,0.006592830022176049,267,0.9775280898876404,0.0,0.0037453183520599,0.0037453183520599,0.99625468164794,0.0449438202247191,294.2621722846442,60.61759697848451,0.0012434456928838,0.000800692654176,malicious
0.13433523178100587,45.4,172.89169171220402,65.69462488013853,66.0,281.4,4398.807524039496,0.0023606788880884,0.0013074026138823,0.00021104812622065998,0.00683236122131344,144,0.9444444444444444,0.0138888888888888,0.0069444444444444,0.0069444444444444,0.9930555555555556,0.2083333333333333,331.6666666666667,390.78871458173455,0.0011041666666666,0.0009183223683555,malicious
0.31139500935872394,43.333333333333336,226.60009578544063,132.38188327765567,66.0,451.3333333333333,17671.533160892013,0.0113786651974632,0.019578016948438633,0.00013597806294756928,0.06255761782328283,11,0.0,0.9090909090909092,0.0909090909090909,0.0,1.0,1.0,1129.8181818181818,395.5113647790939,0.0022727272727272,0.0006165754530113,malicious
0.6560465097427368,112.5,458.7990351154698,138.19200985919667,66.0,589.0,19114.39953309529,0.0058560077790860005,0.00434658736402155,0.00011861324310300391,0.0312135219573974,165,0.0,0.9818181818181818,0.0121212121212121,0.0,0.9818181818181818,1.0,973.6909090909091,130.89605490648924,0.0022,0.0004948216697442,malicious
0.6809312502543131,107.33333333333333,544.6140315258111,136.62838996509117,66.0,712.3333333333334,18672.754442364618,0.006413734639124466,0.0019267879925793667,0.00011801719665523751,0.014398018519083566,133,0.0,1.0,0.0,0.0,0.9097744360902256,1.0,1059.1353383458647,45.64060024034583,0.0030150375939849,0.0008841542614188,malicious
0.7036124467849731,106.5,596.8961823311586,150.83717125703586,66.0,843.5,22876.27235138334,0.00666952078554505,0.00262102430553095,0.00022351741790770625,0.01989698410034175,149,0.0,0.8791946308724832,0.0,0.0,0.7718120805369127,1.0,869.6442953020135,267.4478202592352,0.0026510067114093,0.0007678626703336,malicious
0.6898030042648315,106.5,592.2169370481397,151.55780167094855,66.0,841.0,23078.63030795152,0.0065380022853532005,0.0028226045591821,0.0005695819854736,0.022459983825683552,136,0.0,0.9779411764705882,0.0,0.0,0.8235294117647058,1.0,923.6323529411764,118.91969663350493,0.0029632352941176,0.0016864864635375,malicious
1.7794774770736694,109.0,544.8551212938005,151.74915802239138,66.0,752.5,23140.699765604,0.01620566581053465,0.10317430126681144,0.00046455860137934997,1.0914994478225708,75,0.0,1.0,0.0,0.0,0.84,1.0,1062.3333333333333,58.44891406652099,0.0024933333333333,0.0007370813312578,malicious
1.6966865062713623,110.0,506.4854497354497,142.79910485856567,66.0,645.0,20774.771071288596,0.015371633597754,0.10252851745318735,0.00017762184143059999,1.0859630107879639,46,0.0,1.0,0.0,0.0,1.0,1.0,1062.5217391304348,40.749894174541055,0.0023043478260869,0.0006874516652539,malicious
0.5193060239156088,107.33333333333333,508.26577823929847,120.0870709727357,66.0,572.3333333333334,14431.962429005149,0.004884074403167166,0.0010567897553181332,0.00012071927388503333,0.007167339324951133,192,0.0,1.0,0.0,0.0,1.0,1.0,1075.0,0.0,0.0021666666666666,0.0004487637339278,malicious
0.5210610628128052,107.0,509.4859813084112,117.45724711589756,66.0,564.0,13800.097126386585,0.00491567040389435,0.0010374239758275498,9.846687316893593e-05,0.00701439380645745,192,0.0,1.0,0.0,0.0,1.0,1.0,1075.0,0.0,0.0021458333333333,0.0004559597630883,malicious
0.5311607519785563,106.66666666666667,531.5463469111855,120.3988103844307,66.0,596.3333333333334,14502.607761987854,0.005027020602356134,0.0010297779039237,9.838740030922395e-05,0.007872978846232033,185,0.0,1.0,0.0,0.0,1.0,1.0,940.1891891891892,37.06228347119673,0.0022972972972972,0.0004687455867822,malicious
0.5703756809234619,106.33333333333333,545.0482572150709,121.32456512298349,66.0,620.3333333333334,14734.306510949342,0.005415227206819366,0.0011550677105998334,0.0001106262207031,0.007992982864379867,178,0.0,1.0,0.0,0.0,0.9831460674157304,1.0,928.5842696629212,0.9808158581031547,0.0024101123595505,0.0005459853362273,malicious
0.6599195798238119,106.0,538.6635220125786,117.92883601974154,66.0,615.3333333333334,13933.787142518095,0.0062849483792743665,0.0014876678289081,0.0001254081726074,0.009995381037394167,144,0.0,0.9583333333333334,0.0,0.0,1.0,1.0,897.8611111111111,152.6158308334612,0.0031388888888888,0.0007871459619613,malicious
0.6915990114212036,106.0,525.2924528301887,113.24957685751582,66.0,593.0,12830.636169455323,0.00658665725163045,0.0015215853857449,6.997585296630625e-05,0.010266900062561,142,0.0,1.0,0.0,0.0,1.0,1.0,932.0,0.0,0.0034647887323943,0.000924334338565,malicious
0.6860510110855103,106.0,527.7264150943397,113.84304666745989,66.0,595.0,12963.0622997508,0.0065338191531953,0.0014131845293130002,5.650520324705625e-05,0.009592413902282701,151,0.0,1.0,0.0,0.0,1.0,1.0,932.0,0.0,0.0031258278145695,0.0006740667894039,malicious
0.6785460313161215,106.0,514.188679245283,110.94169505313596,66.0,576.0,12338.026047229147,0.0064623431553916,0.0015914645015121332,0.00014400482177733334,0.012737035751342732,144,0.0,1.0,0.0,0.0,1.0,1.0,991.7777777777778,71.82593198958743,0.0033819444444444,0.0013436916797565,malicious
0.7012630701065063,107.0,494.37465059399017,113.7036490926856,66.0,562.0,13028.380699441364,0.00661509680015855,0.0018373650148123502,0.0001643896102905,0.015715956687927198,145,0.0,1.0,0.0,0.0,1.0,1.0,1080.3862068965518,4.795380258046569,0.0033793103448275,0.000788442073767,malicious
0.44255053997039795,64.0,381.1685185185185,171.61633651929904,66.0,600.0,31748.459406721537,0.00782750905351685,0.0096830016113426,0.00010848045349115,0.05080592632293694,24,0.0,1.0,0.0,0.0,1.0,1.0,1153.3333333333333,194.5451247283148,0.0039583333333333,0.0016703085210689,malicious
0.6480919122695923,203.0,147.45566502463055,82.64173851135212,66.0,253.0,6829.678929360092,0.00320837580331475,0.00567671625131185,0.00027346611022945,0.0792038440704345,102,0.0,0.9901960784313726,0.0098039215686274,0.0,0.9901960784313726,0.9803921568627452,1508.0686274509803,150.05843697026577,0.0023725490196078,0.0007129278024587,malicious
0.5320090055465698,190.5,149.21764819837273,84.11931324442317,66.0,294.5,7077.82590113156,0.0028031939240438,0.0010648450591981499,0.00017452239990231561,0.008659005165100049,180,0.0055555555555555,0.9944444444444444,0.0,0.0,0.9277777777777778,0.9222222222222224,1516.1166666666666,92.0927235031206,0.0024555555555555,0.0008453942027389,malicious
0.2968573910849435,94.85714285714286,134.64028110056418,78.6669349652094,66.0,282.7142857142857,6346.353731205531,0.0022288958051259575,0.0009712109721603271,0.0002043587820870188,0.006219966070992572,143,0.0,0.965034965034965,0.0,0.0,0.944055944055944,0.0489510489510489,1464.902097902098,277.90546047286256,0.0025944055944055,0.0012695341485656,malicious
0.6756055355072021,203.0,151.7167487684729,88.37962347426756,66.0,399.5,7811.527651726565,0.0033445818589465,0.0014703000791545001,0.00021851062774655,0.00887238979339595,148,0.0,1.0,0.0,0.0,0.9662162162162162,0.0202702702702702,1523.0,0.0,0.0023918918918918,0.000859251207134,malicious
0.11319037584158088,38.38461538461539,137.18484918544388,84.17876409394901,66.0,286.3076923076923,7359.93486783072,0.0022088357425446774,0.001226246107442174,0.00018336222721975485,0.005508863008939245,161,0.0248447204968944,0.906832298136646,0.0,0.0,0.9254658385093169,0.0931677018633539,1399.7888198757764,384.7979773248109,0.0024720496894409,0.0012513948083938,malicious
0.20845464865366617,83.0,146.1471439117596,95.66875658639451,66.0,328.6666666666667,9587.774222248152,0.0016772254876143832,0.0008013521988489862,0.00019248326619460002,0.004779179890950484,194,0.0,0.9742268041237112,0.0,0.0,0.979381443298969,0.0206185567010309,1488.7268041237114,210.89835486713187,0.0024072164948453,0.0007626253383793,malicious
3.2906612555185952,255.0,165.14565862885448,103.81924078855714,66.0,444.0,10913.762756718972,0.0100456296905301,0.1237112498985019,0.0002333323160807,2.3413116137186685,153,0.0,0.9673202614379084,0.0,0.0,1.0,0.0065359477124182,1482.2091503267975,222.1439989199366,0.0026013071895424,0.0012332001479812,malicious
4.439654469490051,257.5,160.69292149016076,99.94857747281696,66.0,412.25,10171.095420807851,0.015126063516006375,0.19960372275223007,0.000271260738372775,3.486301004886627,141,0.0,0.9929078014184396,0.0,0.0,1.0,0.0070921985815602,1513.3758865248226,113.87404632150604,0.002531914893617,0.0010488304292652,malicious
4.9509202003479,260.8,166.86819782765653,104.05537785041797,66.0,373.4,11225.041313684287,0.01591890696084662,0.2243367845214296,0.00027842521667476,4.039475584030152,168,0.0059523809523809,0.9940476190476192,0.0,0.0,0.9107142857142856,0.3273809523809523,1515.6666666666667,94.76755187768065,0.0025654761904761,0.0012181166227319,malicious
3.648456130708967,215.71428571428572,154.39277567058915,95.82224306102626,66.0,340.0,9629.060823237884,0.011971501178235916,0.16050928817264234,0.00023317337036128568,2.8877624103001187,143,0.0139860139860139,0.972027972027972,0.0,0.0,0.902097902097902,0.0139860139860139,1486.902097902098,213.08842232712817,0.0026573426573426,0.0015782831032215,malicious
6.135532331466675,281.6,164.021811886012,100.61959898841955,66.0,349.4,10648.537904794332,0.021368663434396584,0.3001475815476558,0.00018944740295406,5.1356579780578615,140,0.0,1.0,0.0,0.0,1.0,0.0071428571428571,1523.0,0.0,0.0026071428571428,0.0010330013730555,malicious
6.131000757217407,281.6,163.87304341310556,100.43606436905347,66.0,344.6,10619.588219046072,0.021346229898509123,0.3001784718178758,0.0001484394073486028,5.135723638534546,145,0.0,1.0,0.0,0.0,1.0,0.0344827586206896,1523.0,0.0,0.0025655172413793,0.0011850435353763,malicious
5.289291858673096,288.14285714285717,158.91811334574393,95.1126546723152,66.0,321.85714285714283,9497.789442123767,0.017811521704210232,0.2433766841907073,0.00016501971653525913,4.248598405293056,129,0.0,1.0,0.0,0.0,1.0,0.0077519379844961,1523.0,0.0,0.0026124031007751,0.0012532752595776,malicious
6.054684003194173,302.3333333333333,161.52105013489503,97.89672015262717,66.0,335.8333333333333,10056.111762977942,0.020205076483668854,0.2837107056785682,0.00019216537475581666,4.95516578356425,114,0.0,1.0,0.0,0.0,1.0,0.0087719298245614,1523.0,0.0,0.0024736842105263,0.0009752240076973,malicious
7.086605167388916,322.2,164.73067888108588,101.34990759509645,66.0,354.0,10767.069484060998,0.023359875758402183,0.3400696563006255,0.00017499923706049998,5.943888378143311,132,0.0,0.9166666666666666,0.0,0.0,1.0,0.0075757575757575,1421.25,337.46657241866194,0.002340909090909,0.0010718826926893,malicious
5.515714979171753,287.8,167.63124299856187,103.67559507433182,66.0,362.6,11208.236357509013,0.019389206509198717,0.2667921575786566,0.00021100044250484001,4.5452981948852536,156,0.0,0.7948717948717948,0.0,0.0,1.0,0.0064102564102563,1272.5384615384614,493.03403149581646,0.002275641025641,0.0013232328222601,malicious
3.1697999835014343,219.0,150.67905991908373,86.12724349333217,66.0,298.75,7489.854457756913,0.012813340253497951,0.1461096172143053,0.00023972988128657502,2.3889611959457397,138,0.0,0.8913043478260869,0.0,0.0,1.0,0.0144927536231883,1388.3115942028985,385.98995257488616,0.0022391304347826,0.0009967654051188,malicious
3.1553725004196167,304.5,147.814039408867,83.20534804836825,66.0,283.0,6923.181868645199,0.0088279833378061,0.1013555274323163,0.00016605854034415,2.030051350593567,132,0.0,1.0,0.0,0.0,1.0,0.0075757575757575,1523.0,0.0,0.0025454545454545,0.001150517909489,malicious
0.7324634790420532,202.5,153.57168463151734,91.32471207754506,66.0,375.0,8402.478712043392,0.0036338045117796,0.0016987062046227002,0.00020658969879145002,0.00959146022796625,141,0.0070921985815602,0.9929078014184396,0.0,0.0,0.9716312056737588,0.0070921985815602,1514.2482269503546,103.55237521056632,0.0025106382978723,0.0010149032813968,malicious
0.4587262272834778,153.25,164.15553280744007,102.96727851706297,66.0,405.5,10636.15296722319,0.0029311177964721747,0.00141466821354035,0.0002380013465881,0.00828605890274045,162,0.0,0.9938271604938272,0.0,0.0,0.9876543209876544,0.0617283950617284,1514.6234567901236,106.28641803944446,0.0025123456790123,0.0009701575175718,malicious
0.20957461992899573,66.66666666666667,140.45863516142342,130.42350158490115,66.0,1027.0,23501.963910424307,0.0018134618582973166,0.0008616338549386156,0.00024215380350743336,0.004891554514567017,157,0.0,0.9681528662420382,0.0,0.0,1.0,0.0636942675159235,1479.783439490446,238.27967078454049,0.0025350318471337,0.0012287877223107,malicious
0.6962116559346517,203.33333333333334,159.74529926913294,162.11107577246918,66.0,1680.0,36911.34175764665,0.0034403548045070335,0.005715489446463167,0.0002167224884033,0.07469367980957024,168,0.0,1.0,0.0,0.0,0.9940476190476192,0.2202380952380952,1523.0,0.0,0.0022678571428571,0.0007357634056649,malicious
0.7027963797251383,203.33333333333334,148.31836987668632,84.78805983424631,66.0,301.0,7228.667633062217,0.0034729524470341997,0.0055991835660549666,0.0001777013142903333,0.07423400878906243,141,0.0,1.0,0.0,0.0,1.0,0.0070921985815602,1523.0,0.0,0.0024609929078014,0.0009566321724805,malicious
0.6595674355824789,203.0,154.10837438423644,89.85469062694239,66.0,258.0,8460.272400042062,0.0032651853246656996,0.0011034102332746999,0.0002323786417642667,0.009379625320434534,138,0.0,1.0,0.0,0.0,1.0,0.0072463768115942,1523.0,0.0,0.002427536231884,0.0006470409923557,malicious
0.588310956954956,203.33333333333334,176.97252004249972,113.71075728220812,66.0,339.3333333333333,12949.204550060449,0.0029065218242202,0.005397063945353234,0.00021664301554356666,0.07382098833719884,192,0.0,1.0,0.0,0.0,1.0,0.0104166666666666,1523.0,0.0,0.0025052083333333,0.0010557254409159,malicious
0.5705124735832214,203.25,177.80451318458415,114.32413678521048,66.0,340.25,13126.30973155332,0.0028198876843384,0.004288822055240725,0.00021648406982414998,0.05700248479843133,191,0.0,1.0,0.0,0.0,1.0,0.0104712041884816,1523.0,0.0,0.0024973821989528,0.0009145384528124,malicious
0.5000849962234497,203.0,171.56650246305418,107.48620734347826,66.0,320.0,11553.408114732218,0.0024756682981358,0.0009145215163698,0.00022184848785395002,0.008272528648376399,199,0.0,1.0,0.0,0.0,1.0,0.015075376884422,1523.0,0.0,0.0023316582914572,0.0009081168121677,malicious
0.516386349995931,202.66666666666666,173.1792420621372,109.16406602466061,66.0,330.6666666666667,11926.435271915061,0.0025607856696433,0.0010412221770411667,0.0002212524414062,0.008857965469360301,191,0.0,0.9947643979057592,0.0,0.0,0.9895287958115184,0.0052356020942407,1516.607329842932,88.11687710105839,0.0024502617801047,0.00114699125398,malicious
0.5103471279144287,202.66666666666666,170.5700466598384,106.43784640278477,66.0,327.0,11331.35186780431,0.002530888530626,0.0009770011822322333,0.00018270810445143333,0.0079147020975748,201,0.0,1.0,0.0,0.0,1.0,0.0149253731343284,1523.0,0.0,0.0023134328358208,0.0007894003371263,malicious
0.5032993952433268,203.0,170.54515599343185,106.27345113940059,66.0,309.0,11297.48364030511,0.0024915811645708666,0.0008180148440042,0.00022673606872553333,0.006879329681396433,195,0.0,1.0,0.0,0.0,0.9948717948717948,0.0051282051282051,1523.0,0.0,0.0023743589743589,0.0007899100723623,malicious
0.5035336017608643,203.0,168.5894909688013,104.41657035769676,66.0,327.0,10913.98385465958,0.0024927406027765,0.0009046649594126333,0.0002603530883789,0.007137934366861933,203,0.0,1.0,0.0,0.0,1.0,0.0197044334975369,1523.0,0.0,0.0023054187192118,0.0008035145686996,malicious
0.5071579615275065,203.0,170.5615763546798,106.46690664215487,66.0,325.6666666666667,11344.361717100634,0.0025106829778589,0.0009573490542697334,0.00016872088114416666,0.0071146488189697,197,0.0,1.0,0.0,0.0,1.0,0.0101522842639594,1523.0,0.0,0.0024060913705583,0.0008998383677628,malicious
0.5452022552490234,203.0,175.06568144499178,111.05919754486733,66.0,327.6666666666667,12334.928696805715,0.0026990210655891667,0.0011442818807530335,4.363059997557292e-05,0.009164571762084933,182,0.0,1.0,0.0,0.0,1.0,0.0659340659340659,1523.0,0.0,0.0026758241758241,0.0010991345905787,malicious
0.6579397519429525,203.0,173.19540229885058,109.36892952841576,66.0,345.3333333333333,11967.654703260616,0.0032571274848660335,0.0021406321457594336,1.2715657552083333e-06,0.017082929611206034,143,0.0,1.0,0.0,0.0,1.0,0.0139860139860139,1523.0,0.0,0.0034965034965034,0.0013632238931499,malicious
0.5872441530227661,202.0,172.1958066808813,107.74955546347843,66.0,340.5,11612.229632748726,0.002919864300454,0.0019798035929773,1.5497207641601562e-06,0.014460563659667951,170,0.0,0.9882352941176472,0.0,0.0,1.0,0.0058823529411764,1508.6352941176472,131.65470408331956,0.0029176470588235,0.0021099861427249,malicious
0.5810043017069498,201.66666666666666,175.8786853907801,111.39182466694119,66.0,334.0,12425.007275798465,0.0028937758156174667,0.0012401955535233666,7.700920104977344e-05,0.010386069615681934,172,0.0,0.9883720930232558,0.0,0.0,1.0,0.0116279069767442,1508.8023255813953,130.89609049249557,0.0028023255813953,0.0008868518588682,malicious
0.8403973579406738,203.33333333333334,164.1901381242152,100.88371336558549,66.0,307.6666666666667,10391.574600801598,0.004150846127786567,0.0027967952226737335,8.598963419593332e-05,0.0220890839894612,147,0.0,1.0,0.0,0.0,1.0,0.0068027210884353,1523.0,0.0,0.0032721088435374,0.001676398078848,malicious
1.1732020378112793,204.0,146.2058823529412,81.66932827619068,66.0,241.0,6669.879181084199,0.0057793203833067,0.0046898672253261,0.0,0.0327820777893066,86,0.0,1.0,0.0,0.0,1.0,0.0116279069767442,1523.0,0.0,0.0037441860465116,0.002459845176219,malicious
1.0618929862976074,203.5,145.78767024051,81.09287155391877,66.0,239.0,6576.386119213021,0.00524259072329675,0.0034090724375213,0.0,0.02451598644256585,102,0.0,1.0,0.0,0.0,1.0,0.0098039215686274,1523.0,0.0,0.0032941176470588,0.0016953699075464,malicious
0.45606309175491333,106.75,135.82215209359606,81.55443743325884,66.0,294.75,6735.357975608142,0.0032183343329444747,0.00251134890744775,0.000154733657836875,0.0229219198226928,118,0.0,0.9830508474576272,0.0,0.0,0.9915254237288136,0.3389830508474576,1500.0,175.16278143486988,0.0041016949152542,0.0024473778098633,malicious
0.2958832263946533,77.2,138.95695122054263,83.55842339144522,66.0,291.4,7006.015674564066,0.00298357604492142,0.002500377918220484,0.00016717910766598002,0.02100362777709958,87,0.0,0.9655172413793104,0.0,0.0,1.0,0.0344827586206896,1476.2068965517242,247.6058295941137,0.0027931034482758,0.001125850187401,malicious
2.39101505279541,14.0,175.5,145.7310389528796,66.0,371.0,21237.53571428572,0.1839242348304161,0.5837769301733277,0.0002260208129882,2.203843116760254,2,0.0,1.0,0.0,0.0,0.5,1.0,716.0,0.0,0.002,0.0,malicious
2.39101505279541,14.0,175.5,145.7310389528796,66.0,371.0,21237.53571428572,0.1839242348304161,0.5837769301733277,0.0002260208129882,2.203843116760254,3,0.0,1.0,0.0,0.0,0.3333333333333333,1.0,716.0,0.0,0.0036666666666666,0.000471404520791,malicious
2.4317069053649902,10.0,169.1,156.52824026353838,66.0,427.0,24501.09,0.2701896561516655,0.7090673793291127,0.0002369880676269,2.274001121520996,2,0.0,1.0,0.0,0.0,0.5,1.0,697.5,0.5,0.002,0.0,malicious
2.4317069053649902,10.0,169.1,156.52824026353838,66.0,427.0,24501.09,0.2701896561516655,0.7090673793291127,0.0002369880676269,2.274001121520996,1,0.0,1.0,0.0,0.0,1.0,1.0,700.0,0.0,0.002,0.0,malicious
3.987545967102051,91.0,238.45054945054943,180.9847461082672,66.0,675.0,32755.47832387393,0.0443060663011339,0.1494661915181989,9.5367431640625e-07,1.3850479125976562,10,0.2,0.6,0.2,0.0,0.8,1.0,1405.1,1452.240988954657,0.0029,0.0021656407827707,malicious
3.0341190099716187,117.0,198.80219780219778,168.0653098066291,66.0,601.5,28412.860194750305,0.0294794136183176,0.1035226679759588,4.76837158203125e-07,1.0109714269638062,19,0.0,0.8947368421052632,0.0,0.0526315789473684,1.0,1.0,2455.5263157894738,2736.57873935246,0.0023684210526315,0.0020827746249904,malicious
3.0341190099716187,117.0,198.80219780219778,168.0653098066291,66.0,601.5,28412.860194750305,0.0294794136183176,0.1035226679759588,4.76837158203125e-07,1.0109714269638062,42,0.0,0.9285714285714286,0.0238095238095238,0.0,1.0,1.0,6186.190476190476,24749.70963007936,0.0015238095238095,0.0009319231328943,malicious
3.0341190099716187,117.0,198.80219780219778,168.0653098066291,66.0,601.5,28412.860194750305,0.0294794136183176,0.1035226679759588,4.76837158203125e-07,1.0109714269638062,8,0.0,0.75,0.0,0.0,1.0,1.0,206474.875,529419.742311438,0.003875,0.0065084080234724,malicious
1.2800540328025818,48.75,181.34667991582884,169.48068458206862,66.0,554.0,29169.37994765023,0.017590199547689273,0.04971264253300171,4.76837158203125e-07,0.4014524817466736,32,0.0,0.90625,0.0,0.09375,1.0,1.0,19343.3125,39936.32939320217,0.00275,0.0026575364531836,malicious
1.688175082206726,101.0,222.33733699382293,179.82874655922117,66.0,607.0,32341.559435645213,0.01793334461887425,0.0255397556603102,4.76837158203125e-07,0.16436648368835444,34,0.0294117647058823,0.7647058823529411,0.0,0.1176470588235294,1.0,1.0,3261.205882352941,9549.346318186985,0.0021176470588235,0.0014504503536397,malicious
1.3559260368347168,78.66666666666667,238.3719501527447,197.6416996651258,66.0,673.6666666666666,39698.96494094917,0.0189396837468323,0.03129151455466253,8.829434712726875e-05,0.19309306144714353,37,0.0,0.945945945945946,0.0,0.0,1.0,1.0,9621.81081081081,43135.80388559021,0.0022432432432432,0.0014028042456606,malicious
0.626581072807312,45.5,197.92924536534122,170.55690810615528,66.0,558.375,30642.09433526459,0.011321689011085552,0.01694664622829365,8.59498977661039e-05,0.08586466312408442,43,0.2790697674418604,0.6511627906976745,0.0,0.0465116279069767,1.0,1.0,4798.581395348837,12718.323875293598,0.0038372093023255,0.0048605207518792,malicious
0.7062613169352213,58.333333333333336,260.75058443058447,182.8487221285152,66.0,491.3333333333333,33441.33090853872,0.013209394426944033,0.016141696719420166,9.5367431640625e-07,0.07157111167907709,73,0.3698630136986301,0.6301369863013698,0.0,0.0,1.0,1.0,4209.945205479452,7133.514720736907,0.0010136986301369,0.0004217754607764,malicious
0.5581200122833252,47.166666666666664,219.09456447871082,170.40205498144687,66.0,478.1666666666667,29712.510180535755,0.009873972228575069,0.013476772613989116,2.964337666828646e-05,0.06841425100962317,40,0.725,0.25,0.0,0.0,1.0,1.0,3852.825,10184.10704207173,0.001175,0.0005425633603552,malicious
0.30966942650931223,27.714285714285715,198.89311441481968,162.636061298912,66.0,463.85714285714283,27347.943709034316,0.008172304730120072,0.0113005437803441,0.00014042854309079264,0.05175488335745672,56,0.0,0.9285714285714286,0.0,0.0178571428571428,1.0,1.0,3354.25,5677.723274373025,0.002625,0.0028819791066953,malicious
0.7608956495920817,57.0,319.8786711239541,180.3552952170751,66.0,464.6666666666667,32542.963394734583,0.013375127536279133,0.015892559565060634,0.00028602282206213335,0.09733700752258297,81,0.0,0.9753086419753086,0.0,0.0,1.0,1.0,903.5185185185184,1951.4969506567247,0.0016543209876543,0.0010675979016853,malicious
0.5327636400858561,41.833333333333336,235.4983378531222,164.94651768594244,66.0,457.0,28386.631518071725,0.009796776189133967,0.012472513378167715,0.00022121270497635128,0.07297035058339431,71,0.0140845070422535,0.9014084507042254,0.0,0.028169014084507,1.0,1.0,3367.535211267605,5128.243336031248,0.0019859154929577,0.0015151159277588,malicious
3.059162007437812,21.61111111111111,165.82487019616283,148.3780761626109,66.0,470.3333333333333,23272.910691748155,0.06020085650993047,0.09099147365631981,0.0001778470145331238,0.37793391280704075,116,0.0,0.913793103448276,0.0,0.0517241379310344,1.0,1.0,2402.146551724138,4839.678003421142,0.0031637931034482,0.0051124323880821,malicious
3.1198411408592674,8.352941176470589,144.9023031434796,153.13066688992717,66.0,465.29411764705884,24180.386499373413,0.07032436459892724,0.10908243723411448,0.00037388240589810047,0.42273271785062905,17,0.0,0.8823529411764706,0.0,0.1176470588235294,1.0,1.0,1764.6470588235295,4687.405402228859,0.0484705882352941,0.0975994923124807,malicious
5.856103301048279,15.444444444444445,162.98191761344216,157.14377415691538,66.0,468.05555555555554,25510.640540058215,0.08247060657537655,0.3445190596478387,0.0003068712022569064,3.2598637607362537,46,0.0,0.8695652173913043,0.0,0.108695652173913,1.0,1.0,2397.4565217391305,4261.116248460285,0.0076739130434782,0.0124848679675177,malicious
52.49106478691101,91.5,223.24440137812232,110.56687959221702,66.0,485.0,15418.970472768806,0.6979966004256088,3.0433847153366855,4.76837158203125e-07,29.19305646419525,8,0.0,0.875,0.0,0.0,1.0,1.0,43.75,115.75161985907584,0.00175,0.0016393596310755,malicious
52.89726281166077,129.0,372.91472868217056,167.0817945263208,66.0,503.0,27916.32606213569,0.4132598657160997,4.583453801270834,9.5367431640625e-07,52.06605386734009,1,0.0,1.0,0.0,0.0,1.0,1.0,194068.0,0.0,52.073,0.0,malicious
10.877897453308105,56.6,239.67933877125998,224.6745250143336,66.0,748.0,53870.99118386039,0.08535162772955299,0.9291760894682287,0.00010380744934080188,10.551095342636108,107,0.9345794392523364,0.0,0.0373831775700934,0.0,0.9813084112149532,0.9906542056074766,310.58878504672896,68.81438575842216,0.0013457943925233,0.0014345718286503,malicious
3.515690644582113,65.0,205.0154530378411,136.45222412925142,66.0,534.6666666666666,19252.630687198984,0.06091729760734323,0.4091139355668508,0.0002986590067545354,3.1091509660085044,73,0.8356164383561644,0.0684931506849315,0.0547945205479452,0.0,0.863013698630137,0.9863013698630136,1513.2328767123288,9463.515976866029,0.0016438356164383,0.0011747324150421,malicious
9.047425031661987,55.0,197.27272727272728,102.59797172289952,66.0,329.0,10526.34380165289,0.1675449079937405,1.163010936737504,0.0004169940948486,8.632674932479858,26,0.0769230769230769,0.4615384615384615,0.4615384615384615,0.0,0.1538461538461538,0.5384615384615384,1565.3076923076924,1648.3743919676365,0.005076923076923,0.0032807489403286,malicious
0.8233349323272705,205.0,141.6634146341463,77.50146420677439,66.0,235.0,6006.476954193931,0.0040359555506238,0.0105073811537731,8.988380432128906e-05,0.1528639793395996,1,0.0,0.0,0.0,0.0,1.0,1.0,0.0,0.0,0.003,0.0,malicious
0.7454359531402588,206.0,141.44764934605865,77.64829467318114,66.0,241.5,6029.279224839036,0.0036382131489847997,0.00574783382856915,4.5418739318847656e-05,0.08028995990753171,127,0.0,0.984251968503937,0.0157480314960629,0.0,0.9921259842519684,0.9921259842519684,2227.826771653544,254.5037194625777,0.0030393700787401,0.0010454368397356,malicious
0.24439821243286133,76.6,126.53824840456817,69.6690655920526,66.0,246.2,5033.2643406376465,0.0024817622989726797,0.0015564324742090925,0.00012154579162596312,0.00724477767944332,152,0.0,0.9276315789473684,0.0592105263157894,0.0,0.9144736842105264,0.9144736842105264,2102.1315789473683,535.5195298936417,0.0030263157894736,0.0009244298984342,malicious
0.1695728540420532,55.0,122.19451560111224,70.36127455986882,66.0,254.4,5118.36521663999,0.00198668573114608,0.0012286145119658,0.00014708042144772468,0.0050853013992309196,148,0.0,0.9121621621621622,0.0202702702702702,0.0,0.9391891891891893,0.0608108108108108,2082.5067567567567,585.7874637247276,0.003027027027027,0.0011794750661637,malicious
0.692082405090332,203.0,146.79389924286545,83.46932375979179,66.0,389.5,6967.761992150536,0.0034272576086609,0.0014602201518096,4.8041343688964844e-05,0.00956308841705315,147,0.0,0.979591836734694,0.0204081632653061,0.0,0.9659863945578232,0.0204081632653061,2219.8843537414964,289.4297822803328,0.0030544217687074,0.0011709773400688,malicious
0.10526212056477863,35.733333333333334,127.00716389127724,79.31589061700957,66.0,273.93333333333334,6549.141780186057,0.002092707268002207,0.0014237677697739276,8.120536804197532e-05,0.005616188049316353,152,0.0,0.881578947368421,0.0263157894736842,0.0,0.9210526315789472,0.1118421052631578,2017.2631578947369,673.366402730987,0.003078947368421,0.0012329165026444,malicious
2.1919040203094484,59.4,129.7626375347216,85.222440898147,66.0,297.8,7656.083776182546,0.012118172050076658,0.1437255856703179,9.317398071287123e-05,1.996171236038208,131,0.0,0.9618320610687024,0.0,0.0,0.9847328244274808,0.0305343511450382,2190.007633587786,394.1413218898999,0.0037022900763358,0.0014071499889593,malicious
10.354033470153809,100.0,142.79725085910655,110.18006981139419,66.0,407.5,12146.723627496134,1.029491350934913,2.3594011108950546,0.00021147727966305,9.98919153213501,1,0.0,0.0,0.0,0.0,1.0,1.0,415.0,0.0,0.004,0.0,malicious
10.25132441520691,77.5,144.0178970917226,110.0030532868533,66.0,354.5,12106.837166994479,1.0372180131641593,2.409546659146998,0.00021243095397945625,9.985405087471008,5,0.0,1.0,0.0,0.0,1.0,0.1999999999999999,2262.0,7.402702209328699,0.007,0.0028284271247461,malicious
10.484680891036987,149.0,172.36912751677852,112.48608259884156,66.0,353.0,12653.118778433403,0.0708424384529526,0.8156867052197645,1.9073486328125e-06,9.96040415763855,66,0.0,0.9848484848484848,0.0,0.0,0.9696969696969696,0.0151515151515151,2235.0454545454545,237.08158880871812,0.0034545454545454,0.0008735475942666,malicious
10.25290048122406,77.5,137.60123042505592,95.66217441464232,66.0,316.0,9434.295500327815,1.0375332263675896,2.4097545243484086,0.0004863739013671563,9.986136078834534,1,0.0,0.0,0.0,0.0,1.0,1.0,325.0,0.0,0.004,0.0,malicious
10.114670634269714,32.5,134.95056497175142,97.2482842010856,66.0,351.0,9796.157541734494,1.090113914012909,2.6504866893664794,0.0005534887313842,9.990521430969238,26,0.0,0.9615384615384616,0.0,0.0,1.0,0.0384615384615384,2190.038461538461,366.7351256245629,0.0043076923076923,0.0014615384615384,malicious
10.112316608428955,32.5,137.3672316384181,102.64885161538069,66.0,365.5,10706.032541734492,1.0896431088447571,2.6504699899282396,0.00036013126373285004,9.990017414093018,1,0.0,0.0,0.0,0.0,1.0,1.0,357.0,0.0,0.003,0.0,malicious
10.050575017929077,15.5,126.63333333333334,98.06761128665339,66.0,327.5,9688.291111111108,1.2117399106423061,2.9975613277588655,0.0003520250320434,9.990530967712402,9,0.0,0.8888888888888888,0.0,0.0,1.0,0.1111111111111111,2050.555555555556,613.6823483622109,0.005,0.0029814239699997,malicious
10.052366971969604,15.5,123.88333333333334,91.92220957287338,66.0,311.0,8662.082777777776,1.2120983014504114,2.997569282838411,0.0004189014434814,9.990904927253723,1,0.0,0.0,0.0,0.0,1.0,1.0,315.0,0.0,0.005,0.0,malicious
10.032442927360535,10.5,111.05000000000001,83.5647085809514,66.0,293.5,7021.700555555555,1.3607456615992954,3.284768347751034,0.00046491622924800004,9.989943861961365,4,0.0,0.75,0.0,0.0,1.0,0.25,1790.5,818.4004215541436,0.00475,0.0017853571071357,malicious
10.030286431312561,10.5,114.13333333333333,90.4550768756951,66.0,312.0,8182.575555555555,1.3603143623897007,3.283540076268323,0.00044345855712885,9.987055897712708,1,0.0,0.0,0.0,0.0,1.0,1.0,373.0,0.0,0.006,0.0,malicious
5.274059414863586,79.0,129.8410087719298,89.7277269549967,66.0,331.5,8053.0294874384435,1.003331326333103,2.001433713038533,0.00033795833587645313,5.007588028907776,21,0.0,0.8571428571428571,0.1428571428571428,0.0,1.0,0.0476190476190476,1980.7619047619048,720.5699400812892,0.0038095238095238,0.0009060141709733,malicious
0.6240780353546143,179.0,153.09667220235053,94.28525311903614,66.0,439.5,8925.220226957299,0.0035086917291837,0.0015487190306228,1.5497207641601562e-06,0.0096325874328613,140,0.0,0.9857142857142858,0.0071428571428571,0.0,1.0,0.0071428571428571,2233.764285714285,246.1375228466014,0.0031642857142857,0.0010184772547128,malicious
0.5652047395706177,171.5,160.7602375805505,102.42580090586964,66.0,372.75,11076.895458758863,0.0032692154200096,0.001393613917004225,6.723403930661875e-05,0.00726950168609615,151,0.0,0.9867549668874172,0.0066225165562913,0.0,1.0,0.0066225165562914,2232.82119205298,236.76252069642703,0.0029271523178807,0.000798171235494,malicious
0.26098722219467163,78.5,150.49183176190658,95.55374336032536,66.0,311.0,9899.885249909,0.0024847180760783753,0.001277772520368825,0.00010704994201658712,0.005476057529449425,153,0.0,0.8104575163398693,0.1699346405228758,0.0,0.803921568627451,0.3725490196078431,1873.5816993464048,804.1741236218649,0.0032875816993464,0.0009474644706076,malicious
0.3599162697792053,114.0,135.63884701200024,79.72442918596659,66.0,262.75,6382.7313174372275,0.0028836460771687,0.001296096602648125,8.809566497802695e-05,0.0064195990562438505,150,0.0,0.9866666666666668,0.0,0.0,1.0,0.0133333333333333,2222.693333333333,239.32658152036143,0.00304,0.0009789790600416,malicious
0.6714389324188232,206.0,137.7160194174757,73.84126188449795,66.0,233.0,5452.867671316806,0.0032753118654576,0.0009236347546006,8.356571197509766e-05,0.0066660642623901,150,0.0,1.0,0.0,0.0,1.0,0.0333333333333333,2248.0,7.957386505631105,0.0029333333333333,0.0007542472332656,malicious
0.6864606539408366,206.0,138.41423948220066,74.58040601906235,66.0,237.0,5562.921466050838,0.0033485885558089,0.0010642446329047,8.734067281087239e-05,0.0086239178975423,141,0.0,1.0,0.0,0.0,1.0,0.0070921985815602,2247.673758865248,6.280100796386632,0.0031418439716312,0.0009790830873665,malicious
0.672476053237915,206.0,139.44174757281553,75.62604417974043,66.0,237.5,5719.30000471298,0.00328037099140445,0.00108787511004955,3.910064697265625e-05,0.00939941406249995,147,0.0,1.0,0.0,0.0,1.0,0.0068027210884353,2257.993197278912,6.5946758556697205,0.002891156462585,0.0008421647818195,malicious
0.6858832836151123,206.33333333333334,154.61883432609477,94.28087450679472,66.0,335.0,9409.927914863829,0.0033403530296995665,0.0014088406501373666,3.075599670410156e-05,0.010697682698567667,147,0.0,1.0,0.0,0.0,1.0,0.0068027210884353,2262.9795918367345,8.84597559272827,0.0028707482993197,0.0008270273695471,malicious
0.6926754713058472,206.5,173.68553304254024,118.99252066060684,66.0,427.0,14214.385038475397,0.00337077610983315,0.0016849289050095,4.0411949157714844e-05,0.01071655750274655,143,0.0,1.0,0.0,0.0,1.0,0.0069930069930069,2263.979020979021,6.257268256557723,0.0036643356643356,0.0014237940839964,malicious
0.5098039309183756,151.0,150.49376430657512,93.47107277533081,66.0,345.3333333333333,8965.992182608023,0.0032300657373133,0.0013740593941111332,4.72863515218099e-05,0.0074196656545003,139,0.0,1.0,0.0,0.0,1.0,0.0071942446043165,2263.9856115107914,8.013464937809848,0.0031870503597122,0.0010833490926089,malicious
0.3665754795074463,114.5,130.052847501776,75.49056258979378,66.0,256.0,5717.608741537034,0.002412560146029325,0.0009271497890273652,0.00010049343109129648,0.0052719116210937,148,0.0,0.9864864864864864,0.0,0.0,1.0,0.0135135135135134,2232.95945945946,242.08290623585904,0.0033243243243243,0.001073112524113,malicious
0.6253079175949097,195.0,147.37286302237231,86.45589501632759,66.0,365.0,7539.158338270621,0.0032243047509847,0.00125874941813095,8.797645568847656e-05,0.0070724487304687,150,0.0,0.9933333333333332,0.0,0.0,0.9866666666666668,0.0066666666666667,2248.353333333333,166.6907370618482,0.00332,0.0009613878856458,malicious
0.5483549435933431,171.33333333333334,155.06622332820436,94.62954433257259,66.0,374.3333333333333,8955.514214484543,0.0032059586282741997,0.0015088995065331665,9.210904439287603e-05,0.008653004964192667,152,0.0,0.9736842105263158,0.006578947368421,0.0,0.9736842105263158,0.0723684210526315,2212.125,331.92392344323025,0.0033421052631578,0.0011186532266753,malicious
0.2874534811292376,87.14285714285714,139.13476720494535,121.61315336074323,66.0,922.7142857142857,20543.07381388485,0.002192364656459243,0.001051301635041528,0.00020521027701238216,0.006362540381295286,142,0.0,0.9295774647887324,0.0352112676056338,0.0,1.0,0.0704225352112676,2127.3380281690143,533.8309180978924,0.0035704225352112,0.0017658652562282,malicious
0.6826800107955933,205.5,158.33313994790433,195.0365335723999,66.0,2352.0,50095.320718477065,0.00333838091120085,0.00141815994586605,7.95125961303711e-05,0.0080785751342773,145,0.0,1.0,0.0,0.0,1.0,0.0068965517241379,2262.282758620689,12.385588649035434,0.0032482758620689,0.0010604555591186,malicious
0.6976296901702881,206.0,142.40614886731393,79.82220368905104,66.0,291.0,6411.708965658089,0.0034030716593672,0.0018721573225096999,5.364418029785156e-05,0.018368403116861966,142,0.0,1.0,0.0,0.0,0.9929577464788732,0.2605633802816901,2263.225352112676,28.3157235885083,0.0034507042253521,0.0009827918323616,malicious
0.6963800191879272,206.0,134.97087378640776,70.93432711539715,66.0,208.0,5031.678763314168,0.0033969757033557,0.0019273359026111,3.349781036376953e-05,0.0229901075363159,144,0.0,1.0,0.0,0.0,1.0,0.0069444444444444,2241.0,0.0,0.0031111111111111,0.0009867955371295,malicious
0.6588499546051025,204.66666666666666,161.28873081482905,98.17875217526345,66.0,295.0,10010.780838116438,0.003234803496752134,0.0013509666566457336,5.737940470374844e-05,0.007991711298624634,153,0.0,0.9738562091503268,0.0261437908496732,0.0,1.0,0.0130718954248365,2228.202614379085,330.8836329516112,0.0033202614379084,0.0008681254297136,malicious
0.6785598993301392,206.0,169.04126213592235,106.73625292259413,66.0,330.0,11409.673637948912,0.00331004828941525,0.0017900748449508,5.257129669185313e-05,0.01450896263122555,144,0.0,1.0,0.0,0.0,1.0,0.0069444444444444,2276.5138888888887,15.119884860999324,0.0039722222222222,0.0019823682681624,malicious
0.7019023100535074,206.0,171.01618122977348,108.8033601571442,66.0,324.0,11912.30306029472,0.0034239137075780333,0.0023170197543274334,6.357828776041666e-07,0.02114168802897133,140,0.0,1.0,0.0,0.0,1.0,0.0142857142857142,2291.114285714286,21.15760103680597,0.0039357142857142,0.0015547655509327,malicious
0.6565909385681152,206.0,165.1747572815534,102.47012885325569,66.0,310.0,10500.252120840796,0.0032028826271615,0.0015208317447714002,5.2452087402303126e-05,0.008279085159301699,152,0.0,1.0,0.0,0.0,1.0,0.0131578947368421,2270.9144736842104,10.585456805241014,0.0035526315789473,0.0010989796325169,malicious
3.7819839318593345,143.66666666666666,154.0678760006813,99.73236042502596,66.0,303.0,10016.13889148545,0.18818806229998855,0.7617754951900241,9.393692016598853e-05,3.327174743016561,151,0.0,0.9933774834437086,0.0,0.0,0.9933774834437086,0.0132450331125827,2262.46357615894,160.77477046787897,0.0033841059602649,0.0009124664715046,malicious
10.021837949752808,6.0,101.83333333333331,76.60377855490479,66.0,273.0,5868.1388888888905,2.004367589950561,4.002764589838564,0.0006880760192871,10.009895086288452,1,0.0,0.0,0.0,0.0,1.0,1.0,301.0,0.0,0.007,0.0,malicious
3.773121992746989,139.33333333333334,143.9638619201726,93.92768534414911,66.0,310.0,8972.731579232168,0.6702323316558587,1.3352568390542736,0.0002716382344563729,3.343867619832357,152,0.0,1.0,0.0,0.0,0.993421052631579,0.006578947368421,2269.934210526316,13.986210809142838,0.0035065789473684,0.0008735643148551,malicious
0.653840700785319,206.0,163.79935275080905,101.05684914750968,66.0,309.3333333333333,10215.104423916799,0.003189466833099066,0.0015026670705527332,6.755193074541145e-05,0.009412368138631133,152,0.0,1.0,0.0,0.0,1.0,0.0197368421052631,2266.4210526315787,10.325954980552057,0.0034605263157894,0.0009926146953969,malicious
0.6590758562088013,206.0,165.23543689320388,102.31676099027325,66.0,301.5,10471.567407389954,0.00321500417662825,0.0015353733792114,4.756450653076172e-05,0.0076825618743896,151,0.0,1.0,0.0,0.0,0.9933774834437086,0.0066225165562914,2269.900662251656,8.043552777428458,0.0034900662251655,0.0009052280066141,malicious
0.6550539334615072,206.0,162.1828478964401,99.31898958984942,66.0,317.0,9878.121759826563,0.0031953850412756,0.0014333180590960332,5.706151326494687e-05,0.006393035252888933,151,0.0,1.0,0.0,0.0,1.0,0.0264900662251655,2261.6423841059604,9.079008881098126,0.0036026490066225,0.0008305385645875,malicious
0.6509944200515747,206.0,162.4466019417476,99.73140712006504,66.0,320.5,9946.809454236969,0.0031755825368369,0.00144290602754405,9.65595245361164e-05,0.00816047191619865,153,0.0,1.0,0.0,0.0,1.0,0.0065359477124182,2265.9934640522874,10.511429653468593,0.0036143790849673,0.0009155460744629,malicious
0.6537470817565918,206.0,166.47087378640776,103.82150590576275,66.0,316.6666666666667,10784.812462688917,0.0031890101549101337,0.0014968306671783,7.637341817216875e-05,0.007739702860514266,153,0.0,1.0,0.0,0.0,1.0,0.0130718954248365,2274.40522875817,10.47776226452255,0.0034771241830065,0.0007928188092604,malicious
0.6598210334777832,206.0,168.73300970873788,106.23391013522222,66.0,323.5,11286.7333867471,0.00321863918769645,0.0014966634228209,5.161762237545703e-05,0.007542014122009199,151,0.0,1.0,0.0,0.0,1.0,0.0794701986754966,2277.8543046357618,15.137951671473235,0.0036357615894039,0.0009383897981963,malicious
0.6582326889038086,206.0,166.6925566343042,104.26452139629585,66.0,335.3333333333333,10876.193106481916,0.003210891165384367,0.0014656338920896333,8.408228556313958e-05,0.007056713104247999,152,0.0,1.0,0.0,0.0,1.0,0.0131578947368421,2273.6381578947367,14.789554164886846,0.0034671052631578,0.0008104398022865,malicious
5.506952047348023,160.5,164.37040945546644,103.48838813761998,66.0,330.5,10712.566539217249,0.047044360219386495,0.4652585529863574,9.799003601070234e-05,4.9868385791778564,139,0.0,0.9928057553956836,0.0,0.0,1.0,0.0071942446043165,2257.438848920863,163.88643704149845,0.0034460431654676,0.0008325453894382,malicious
10.194149017333984,60.5,136.19565217391306,97.76100648776145,66.0,313.5,9611.629237555137,1.0477342959035905,2.466091882232064,0.00031697750091545,9.989123582839966,1,0.0,0.0,0.0,0.0,1.0,1.0,338.0,0.0,0.008,0.0,malicious
10.021775484085083,6.0,107.33333333333334,88.89445777210496,66.0,306.0,7904.444444444444,2.0043550968170165,4.004144670252261,0.00025951862335201327,10.012642502784729,1,0.0,0.0,0.0,0.0,1.0,1.0,330.0,0.0,0.004,0.0,malicious
10.018198013305664,6.0,106.66666666666669,87.40455111466196,66.0,302.0,7639.555555555556,2.0036396026611327,4.004858014227791,2.5033950805664062e-06,10.013355016708374,1,0.0,0.0,0.0,0.0,1.0,1.0,330.0,0.0,0.004,0.0,malicious
5.362828016281128,106.0,135.96925566343043,94.95844706236235,66.0,313.0,9074.168012484159,1.0032876538067328,2.003134818675031,9.5367431640625e-07,5.0115320682525635,3,0.0,1.0,0.0,0.0,1.0,0.3333333333333333,2266.333333333333,9.285592184789412,0.0053333333333333,0.0018856180831641,malicious
5.3991554975509635,118.5,155.5391481365487,101.51155467918764,66.0,322.0,10305.59731066892,0.16986881562364775,0.8951020222807721,2.5033950805664062e-06,4.989036917686462,109,0.0,0.9908256880733946,0.0,0.0,1.0,0.0091743119266054,2253.9633027522937,188.42504783948448,0.0037798165137614,0.0012732808028985,malicious
10.056751608848572,18.5,123.56989247311827,87.99866808095203,66.0,295.0,7900.318187073653,1.170665987332662,2.8974497378583384,7.62939453125e-06,9.99255383014679,1,0.0,0.0,0.0,0.0,1.0,1.0,298.0,0.0,0.006,0.0,malicious
10.01917314529419,6.0,101.41666666666666,75.67276991955771,66.0,270.5,5726.402777777779,2.0038346290588382,4.00414481031127,6.079673767089844e-06,10.012122988700867,1,0.0,0.0,0.0,0.0,1.0,1.0,299.0,0.0,0.01,0.0,malicious
10.014517545700073,6.0,101.5,75.8589700255239,66.0,271.0,5754.583333333333,2.0029035091400145,4.002250114146484,2.0265579223632812e-06,10.007402539253235,1,0.0,0.0,0.0,0.0,1.0,1.0,299.0,0.0,0.005,0.0,malicious
5.459919095039368,106.0,135.34708737864077,91.38963977176394,66.0,301.0,8593.267960379551,1.0038025326845121,2.00311667635748,1.5497207641601562e-06,5.01614499092102,19,0.0,1.0,0.0,0.0,1.0,0.0526315789473684,2270.5789473684213,12.30453827048628,0.0046315789473684,0.0017832709837997,malicious
0.974043607711792,206.0,169.6868932038835,108.14713198944573,66.0,331.0,11697.30725091903,0.0047514322327404,0.0034454235069208998,0.0,0.02078104019165035,100,0.0,1.0,0.0,0.0,1.0,0.01,2286.52,19.930619659207785,0.00651,0.0035199289765562,malicious
0.907059907913208,205.5,155.9556594837793,93.55793704563473,66.0,306.5,9003.233991114532,0.0044338872933262,0.0024689734181452,0.0,0.014068007469177201,109,0.0,0.9908256880733946,0.0091743119266055,0.0,1.0,0.0091743119266054,2256.880733944954,197.497449746426,0.0055229357798165,0.0021271349999006,malicious
0.8419148921966553,205.5,140.67896045465307,76.76235127365419,66.0,255.5,5893.418127225383,0.0041161067288552,0.0019010432033758498,0.0,0.013496518135070749,111,0.0,1.0,0.0,0.0,1.0,0.009009009009009,2255.5585585585586,6.9770339921525375,0.0045045045045045,0.0018786322122007,malicious
0.4668424725532532,122.0,131.3645186653904,75.88171561476337,66.0,285.25,5832.411343197908,0.0029595353565979995,0.0013720264416105569,9.703636169432735e-05,0.008489906787872275,133,0.0,0.9849624060150376,0.0,0.0,1.0,0.0601503759398496,2225.6616541353383,254.9009504584717,0.0037293233082706,0.0014924764682411,malicious
0.27711262702941897,79.6,131.7532960465991,78.53510492122756,66.0,281.4,6191.437044638713,0.00291993684458906,0.00161872848053932,7.200241088866345e-05,0.007219171524047781,134,0.0,0.9701492537313432,0.0074626865671641,0.0,0.9925373134328358,0.253731343283582,2200.402985074627,354.9662821785002,0.0039477611940298,0.0013676276669872,malicious
0.4219019412994385,109.0,138.72477064220183,77.47966546602542,66.0,240.0,6003.098560727212,0.0039064994564762,0.0017027061926146,2.1457672119140625e-06,0.0096118450164794,14,0.0,1.0,0.0,0.0,1.0,0.0714285714285714,2265.214285714286,8.71926087487246,0.0050714285714285,0.0014863322890489,malicious
0.12341922521591182,15.25,120.92623873873876,106.98516444988053,66.0,385.25,11989.464160528772,0.009795283729379775,0.014860214939309925,0.00011748075485228633,0.05434674024581902,6,0.3333333333333333,0.5,0.1666666666666666,0.0,0.8333333333333334,1.0,1411.5,1692.5389951194625,0.0021666666666666,0.0010671873729054,malicious
1.7038284540176392,23.0,149.42192192192192,149.38091811772364,66.0,522.5,22641.72654636619,0.20021979510784144,0.5057865141279155,0.00019252300262450313,1.560595989227295,6,0.0,0.8333333333333334,0.1666666666666666,0.0,1.0,1.0,34807.333333333336,34567.71991162982,0.0393333333333333,0.0471545920940427,malicious
0.5911871671676636,8.2,177.8334126984127,180.76934170410559,66.0,538.4,33401.70601581003,0.05915707179793599,0.1256884064814538,0.0003824949264526,0.36859397888183587,14,0.2857142857142857,0.2857142857142857,0.4285714285714285,0.0,0.5714285714285714,1.0,1463.142857142857,2196.635311989123,0.0612857142857142,0.0502229722216388,malicious
0.3191929817199707,8.2,175.9011904761905,190.5610545275518,66.0,574.4,36499.492842970525,0.028199217407791643,0.042526652591870426,0.00034461021423337,0.10769026279449456,17,0.0,0.4705882352941176,0.5294117647058824,0.0,0.1176470588235294,1.0,2312.176470588235,2452.51873495978,0.1053529411764705,0.002056300975641,malicious
0.3806296110153199,9.0,190.86285714285714,200.94538705423284,66.0,587.2,40772.64266241497,0.03414381660481604,0.04624235546865103,0.0003524303436278907,0.11589050292968746,16,0.0,0.5,0.5,0.0,0.125,1.0,2452.6875,2452.9377468341404,0.1098125,0.0072129982496878,malicious
0.27495180235968697,7.888888888888889,184.0044871794872,203.70935303450898,66.0,582.0,41991.17385012601,0.03531866443640756,0.04975091964976531,0.00033304426405161267,0.12308716773986811,14,0.0,0.5,0.5,0.0,0.1428571428571428,1.0,2485.3571428571427,2485.420591229203,0.1194285714285714,0.0112485826771597,malicious
0.17733650207519527,6.6,161.2082051282051,183.35772207064394,66.0,545.0,34081.40958316896,0.0263416727383931,0.04187701674963375,0.0004910945892333456,0.10582857131958005,11,0.0909090909090909,0.7272727272727273,0.1818181818181818,0.0,0.2727272727272727,1.0,3619.4545454545455,2184.5630461214296,0.1059090909090909,0.0331784556204078,malicious
0.08993719021479285,5.75,150.85555555555553,181.88255671718778,66.0,549.3333333333334,33870.537777777776,0.0181032131115595,0.033072287118386855,0.0005155205726623001,0.08393085002899166,11,0.2727272727272727,0.7272727272727273,0.0,0.0,0.3636363636363636,1.0,3663.181818181818,2139.236559581768,0.0817272727272727,0.0472942258806811,malicious
0.11369011402130122,6.0,150.7333333333333,185.9147728708245,66.0,566.4,34625.044444444444,0.0227380228042602,0.04329259817216306,0.0003422021865844233,0.10930693149566646,9,0.0,1.0,0.0,0.0,0.1111111111111111,1.0,4959.444444444444,14.182235453874537,0.1104444444444444,0.0070885057367718,malicious
0.12028992176055903,6.0,154.79166666666669,194.9884882822195,66.0,590.75,38220.31944444444,0.024057984352111775,0.04419501141355854,0.0005431771278380875,0.1123893558979034,7,0.0,1.0,0.0,0.0,0.1428571428571428,1.0,4923.285714285715,19.4254199124629,0.1152857142857142,0.01040211909337,malicious
0.11413786411285395,6.0,151.55,187.74070966865767,66.0,571.3,35370.96388888888,0.02282757282257075,0.04356297898777111,0.0003664970397948808,0.10993931293487544,9,0.0,1.0,0.0,0.0,0.1111111111111111,1.0,4911.0,0.0,0.1096666666666666,0.0026666666666666,malicious
0.3375119209289551,8.4,178.55535714285713,187.7698736549136,66.0,573.1,35323.25378047052,0.028989860242005967,0.04351345912887844,0.0004555463790893108,0.11209640502929685,13,0.0,0.6153846153846154,0.3846153846153846,0.0,0.2307692307692307,1.0,3018.3076923076924,2386.188476165909,0.1013076923076923,0.0292269228238533,malicious
0.3346275329589844,8.2,178.03452380952382,189.54595437933511,66.0,573.6,35956.82617630386,0.02906797161808718,0.043272956103730394,0.00043072700500483,0.11005685329437251,17,0.0,0.4705882352941176,0.5294117647058824,0.0,0.1176470588235294,1.0,2312.235294117647,2452.584268011092,0.1081176470588235,0.0041285569753803,malicious
0.3228373765945435,8.1,176.5311904761905,184.51929730730802,66.0,557.7,34365.66828741497,0.02673996082058654,0.0384367639439105,0.00047955513000483995,0.09801471233367917,17,0.0588235294117647,0.5294117647058824,0.4117647058823529,0.0,0.1764705882352941,1.0,2637.9411764705883,2468.721042316261,0.1007647058823529,0.0246875281962959,malicious
0.08741457645709695,5.769230769230769,148.62307692307692,177.22227088185946,66.0,537.3076923076923,31874.840427350427,0.01759218894518334,0.03298271990947077,0.0003143457266000256,0.08332984264080336,12,0.25,0.75,0.0,0.0,0.3333333333333333,1.0,3766.6666666666665,2076.549354631915,0.0815,0.0436358033423624,malicious
0.11385024918450244,6.0,151.61111111111111,187.87727903911215,66.0,571.6666666666666,35317.43518518519,0.022770049836900452,0.043164286701476526,0.00047360526190857777,0.10908190409342443,8,0.0,1.0,0.0,0.0,0.125,1.0,4911.0,0.0,0.109875,0.0034437443284889,malicious
0.17775366041395396,7.222222222222222,167.1537037037037,189.71175030330892,66.0,572.7777777777778,36782.721944444434,0.024687932958506534,0.0414339994487852,0.0005366537306043333,0.10816743638780378,15,0.2,0.4666666666666667,0.3333333333333333,0.0,0.4,1.0,2320.6666666666665,2460.237621766555,0.0805333333333333,0.0469820769608534,malicious
0.16848145831714972,9.272727272727273,149.15241702741704,179.6680247283406,66.0,572.5454545454545,36257.96230054227,0.014195532541999236,0.03624699865804171,0.00020155039700592598,0.13396198099309747,13,0.3076923076923077,0.3076923076923077,0.0769230769230769,0.0,0.6923076923076923,0.9230769230769232,3390.3076923076924,5164.954097414843,0.0276153846153846,0.0436956932599479,malicious
0.2919392926352365,14.142857142857142,121.70094543193622,123.43557842246719,66.0,438.7142857142857,15685.815972457176,0.018575485153040472,0.04796811870253746,0.00011573519025528325,0.1825545855930873,13,0.2307692307692307,0.3076923076923077,0.3076923076923077,0.1538461538461538,0.8461538461538461,1.0,16355.53846153846,28915.432210859795,0.0356923076923076,0.0486105158224093,malicious
0.05198187177831473,7.909090909090909,141.92703242098403,159.14176656905303,66.0,500.22727272727275,25769.849872738472,0.004577219873279673,0.00703023316298069,0.00026114420457317404,0.021867567842656862,26,0.4615384615384615,0.0,0.0769230769230769,0.0,0.5769230769230769,1.0,3887.923076923077,4761.77102576081,0.0161153846153846,0.0274202717305125,malicious
0.3243397871653239,8.777777777777779,181.53285543608123,198.1454784651902,66.0,590.6666666666666,39307.20105728344,0.027083606190151585,0.043431448520363444,0.00033262040879987774,0.11100429958767356,17,0.0,0.4117647058823529,0.5882352941176471,0.0,0.2352941176470588,1.0,2026.8235294117649,2422.549149268769,0.0885294117647058,0.0404142049096293,malicious
0.28487682342529297,8.272727272727273,176.6329423264907,197.48676993383594,66.0,590.4545454545455,39040.26803676726,0.026060895486311443,0.04297842741027533,0.0003521659157492364,0.1096063527193936,18,0.0,0.5,0.5,0.0,0.1111111111111111,1.0,2484.333333333333,2484.4373161297062,0.1056666666666666,0.0023333333333333,malicious
0.2846456224268133,8.272727272727273,176.6329423264907,197.48676993383594,66.0,590.4545454545455,39040.26803676726,0.026014655286615493,0.04303427562226259,0.0003653222864323909,0.10967410694469103,12,0.0833333333333333,0.75,0.1666666666666666,0.0,0.25,1.0,3751.0,2135.5715862503885,0.0975833333333333,0.0279537067706989,malicious
0.08440631628036493,5.75,150.59166666666667,181.29246716968086,66.0,547.75,33493.035462962966,0.016999159256617175,0.032457474423379803,0.00029466549555455003,0.08169811964035029,11,0.2727272727272727,0.7272727272727273,0.0,0.0,0.3636363636363636,1.0,3630.272727272728,2119.1244800585623,0.0793636363636363,0.0447564575884616,malicious
0.20935230255126944,7.3,175.1508333333333,198.36096781216997,66.0,586.2,39613.93165972222,0.027647307940891746,0.04413342674010057,0.00035204887390132,0.11152856349945069,16,0.0,0.5625,0.4375,0.0,0.1875,1.0,2774.0625,2446.5990800688514,0.101625,0.0260836994117015,malicious
0.18436536788940425,6.8,169.04333333333335,192.105939670717,66.0,567.9,37471.86144444444,0.02472503934587747,0.03943450992595075,0.00033454895019526,0.09937946796417234,11,0.0909090909090909,0.7272727272727273,0.1818181818181818,0.0,0.2727272727272727,1.0,3627.818181818182,2189.8588920161383,0.098090909090909,0.0302337997054306,malicious
0.09302747249603266,6.2,151.43166666666667,170.7740941184155,66.0,514.4,29943.272861111112,0.014878466779535401,0.02633247665570021,0.00030541419982905,0.06582002639770503,12,0.3333333333333333,0.4166666666666667,0.25,0.0,0.5833333333333334,1.0,2101.1666666666665,2374.083677033216,0.0636666666666666,0.0511213154064807,malicious
0.08491677504319406,5.769230769230769,149.53333333333333,179.25743436698443,66.0,542.7692307692307,32662.25282051282,0.01703958419653079,0.03277412629548238,0.0002822142380934077,0.0824996141286996,12,0.25,0.75,0.0,0.0,0.3333333333333333,1.0,3756.0833333333335,2070.70026232405,0.0806666666666666,0.0450413390367362,malicious
0.1330884369936856,6.545454545454546,157.24469696969697,189.14040170548057,66.0,571.8181818181819,35892.89943813132,0.023222443345305155,0.04259848482214896,0.0003835938193580728,0.10764800418506965,11,0.0,0.8181818181818182,0.1818181818181818,0.0,0.2727272727272727,1.0,4035.090909090909,1902.4666024805056,0.0975454545454545,0.0306159899884881,malicious
0.13244777917861936,8.166666666666666,145.95708874458873,151.04988603824265,66.0,464.6666666666667,23623.764024221033,0.015609595330074522,0.029074892107319516,0.0003109574317931682,0.08164326349894202,17,0.3529411764705882,0.4117647058823529,0.2352941176470588,0.0,0.5882352941176471,1.0,7328.764705882353,14564.236853371594,0.0422941176470588,0.0511419762045211,malicious
0.38209059834480286,11.25,155.33437257187256,140.32335367386224,66.0,450.625,20134.060506304944,0.013930961657870389,0.02068017820773624,0.0002777427434920961,0.0681356787681579,20,0.5,0.25,0.25,0.0,0.5,1.0,5902.9,21644.26108209749,0.0261,0.0413314650115381,malicious
0.5826827764511109,10.6,178.43141025641026,176.8684743064846,66.0,551.8,31347.73457840237,0.02919920575384995,0.04125885519712497,0.00031335353851314997,0.1075773954391479,17,0.0,0.4705882352941176,0.5294117647058824,0.0,0.1176470588235294,1.0,2312.058823529412,2452.3094150469733,0.1051764705882353,0.0021209125149788,malicious
0.5397986282001842,10.181818181818182,178.78613053613057,184.11366221068786,66.0,570.3636363636364,33999.73345511326,0.028562135152425727,0.041247020288832405,0.0003113746643065909,0.10729432106018061,19,0.0,0.4736842105263157,0.5263157894736842,0.0,0.1052631578947368,1.0,2322.736842105264,2448.39010140187,0.1048421052631578,0.0017248389061235,malicious
0.5827864408493042,10.6,179.11474358974357,178.3962649948754,66.0,555.9,31915.259578402365,0.029219938633488617,0.0412197136049952,0.00027961730957025,0.10751776695251461,17,0.0,0.4705882352941176,0.5294117647058824,0.0,0.1176470588235294,1.0,2320.5882352941176,2461.390211166506,0.1051764705882353,0.0017900145946709,malicious
0.5413289937106046,10.181818181818182,176.9224941724942,179.9469712704999,66.0,559.1818181818181,32467.97335410316,0.02886820825450981,0.04222088892195425,0.00030664964155712723,0.10955502770163793,18,0.0,0.5,0.5,0.0,0.1111111111111111,1.0,2474.3888888888887,2474.449055152118,0.1074444444444444,0.0044748956812449,malicious
6.874334192276001,11.1,179.31141025641023,177.1708401982583,66.0,550.5,31710.273911735705,0.5989229216443875,1.8408704652785453,0.00033142566680904997,6.377286291122436,14,0.0714285714285714,0.5714285714285714,0.3571428571428571,0.0,0.2142857142857142,1.0,2848.928571428572,2444.793986771708,0.0989285714285714,0.0264209448455313,malicious
24.545196569882908,10.153846153846153,159.40760275760275,210.6088044311814,66.0,691.7692307692307,64092.255491071235,1.90055859157227,6.380663033411799,0.00027707906869736193,24.42264986038208,11,0.2727272727272727,0.7272727272727273,0.0,0.0,0.3636363636363636,1.0,3644.181818181818,2127.49651503536,0.0804545454545454,0.0473370192178357,malicious
28.108461260795593,10.428571428571429,162.5249168463454,219.6854592406963,66.0,718.1428571428571,65687.55880916934,2.2499019290097793,7.44986177036637,0.0003406150000435505,27.978399804660253,9,0.0,1.0,0.0,0.0,0.1111111111111111,1.0,4957.222222222223,26.728169816289235,0.1101111111111111,0.0028458329944146,malicious
38.67078983783722,11.285714285714286,162.63801208444065,220.02145373803796,66.0,723.7857142857143,65840.7944242487,3.2081081856532974,10.475258781489774,0.00022617408207480807,38.51138619014195,8,0.0,1.0,0.0,0.0,0.125,1.0,4942.75,31.78344694963087,0.1065,0.0012247448713915,malicious
38.28600753678216,10.88888888888889,160.21374003874004,209.28931920464345,66.0,683.7222222222222,57751.777193760616,3.1999559269269313,10.428153735822342,0.00024969047970236697,38.13174513975779,9,0.0,1.0,0.0,0.0,0.1111111111111111,1.0,4911.0,0.0,0.1063333333333333,0.0014907119849998,malicious
41.79842622280121,11.0,160.34236603486602,209.4351360384666,66.0,682.4,56354.371696606766,3.5474145752065835,11.488730043924622,0.00026909112930292037,41.637420773506165,9,0.0,1.0,0.0,0.0,0.1111111111111111,1.0,4911.0,0.0,0.1075555555555555,0.0023147407395555,malicious
41.43725122104991,11.909090909090908,172.30528946892582,208.64901063766186,66.0,674.5,54908.531055614476,3.485048950091445,11.33023454784305,0.00025525960055259575,41.17607204480605,15,0.0,0.5333333333333333,0.4666666666666667,0.0,0.2,1.0,2616.866666666667,2447.861757171393,0.1016,0.0273442254720565,malicious
50.06340308984121,12.583333333333334,169.68985370750076,202.34716486883448,66.0,668.8333333333334,51708.617045936524,4.237675000820712,13.755750249759464,0.0002541740735371378,49.80317663153013,18,0.0,0.5,0.5,0.0,0.1111111111111111,1.0,2472.6666666666665,2472.755840038487,0.11,0.0026457513110645,malicious
42.924524324280874,11.607142857142858,166.83416032071494,199.0748064587183,66.0,650.8571428571429,49021.55881715194,3.6349385394319085,11.79545366593551,0.0002858127866472002,42.70062151976994,15,0.0666666666666666,0.6,0.3333333333333333,0.0,0.2,1.0,2995.9333333333334,2424.962995364855,0.1057333333333333,0.023848037422163,malicious
48.68944054636462,11.172413793103448,154.191043283234,191.4031333425365,66.0,637.1379310344828,46114.10921366422,4.21632360473921,13.551523678295869,0.0002634854152284278,48.54364729749745,11,0.2727272727272727,0.7272727272727273,0.0,0.0,0.3636363636363636,1.0,3656.4545454545455,2135.170819806244,0.0803636363636363,0.0473195572239192,malicious
51.80838895638784,12.266666666666667,165.62284922196687,196.99072299998267,66.0,656.9666666666667,47940.21604972031,4.505934947498476,14.441716794383268,0.0002964814503987144,51.58118285338084,9,0.0,0.8888888888888888,0.1111111111111111,0.0,0.2222222222222222,1.0,4365.333333333333,1543.3784010698378,0.103,0.036411231478457,malicious
56.81401649598153,12.935483870967742,166.44891336931184,199.75545427616464,66.0,673.0645161290323,48904.073268558175,4.860442375913585,15.545175044447227,0.00024464822584578086,55.85137580287072,17,0.0,0.4705882352941176,0.5294117647058824,0.0,0.1176470588235294,1.0,2355.9411764705883,2499.4688016971604,0.115235294117647,0.0084958772822968,malicious
53.247640936715264,12.8,165.8365700232087,200.90760904309005,66.0,675.7142857142857,48364.262956795385,4.588691247891001,14.62721108618589,0.0002523967197962688,52.37273441723415,18,0.0,0.5,0.5,0.0,0.1111111111111111,1.0,2536.5,2536.840954371751,0.1086666666666666,0.0040414518843273,malicious
46.602593928575516,11.925,165.58533210364095,202.27649738346503,66.0,670.15,48173.47880941817,4.017293705062852,12.803097483167988,0.0002466201782226077,45.83689624667168,12,0.0833333333333333,0.75,0.1666666666666666,0.0,0.25,1.0,3823.5833333333335,2178.154855924824,0.09875,0.0287347785792756,malicious
44.32813849335625,11.023809523809524,157.4685702574358,198.7419399995643,66.0,658.0,46519.71421002789,3.8246543091860756,12.193356725747373,0.00027262596856975015,43.653514998299734,12,0.25,0.75,0.0,0.0,0.3333333333333333,1.0,3778.3333333333335,2084.7365674241805,0.0828333333333333,0.0442546293874688,malicious
47.766684990662796,11.923076923076923,161.17802682180513,199.2611004368987,66.0,663.4102564102565,46853.597398832,4.119614021407031,13.131452755565416,0.0002643634111452852,47.01242287342365,13,0.0,0.6153846153846154,0.3846153846153846,0.0,0.2307692307692307,1.0,3020.923076923077,2388.253222675791,0.1013076923076923,0.0291399398536537,malicious
45.43844840584732,11.560975609756097,159.0191393345626,195.23220906932738,66.0,647.9756097560976,44871.41190410577,3.9192013882470054,12.491884877927687,0.0002537064436004908,44.72122779706629,16,0.0625,0.5625,0.375,0.0,0.1875,1.0,2801.25,2450.911118849478,0.0996249999999999,0.024766093252671,malicious
47.73015801111857,11.41025641025641,154.22256284134116,191.3126359965984,66.0,642.4615384615385,43790.363166354815,4.117287189170206,13.128344267240376,0.00024695885487087247,47.003983607658974,11,0.2727272727272727,0.7272727272727273,0.0,0.0,0.3636363636363636,1.0,3638.090909090909,2123.9833270423096,0.083090909090909,0.0466913551380563,malicious
52.32186892093756,12.615384615384615,163.19506996384825,200.3865668488535,66.0,669.7179487179487,47235.51344096704,4.532407815719013,14.430243089344422,0.00023626058529579796,51.538032018221344,17,0.0,0.4705882352941176,0.5294117647058824,0.0,0.1764705882352941,1.0,2353.294117647059,2496.06829103188,0.1054117647058823,0.025929902845782,malicious
48.811290285804056,12.181818181818182,162.29480374894814,200.34404194317582,66.0,664.6136363636364,46457.27323548107,4.254145719126649,13.508001051732998,0.00024408643895925043,48.106052268635146,12,0.0833333333333333,0.75,0.1666666666666666,0.0,0.25,1.0,3761.5833333333335,2142.047052795267,0.1021666666666666,0.0294839881216153,malicious
45.471591944495835,11.645833333333334,157.4570092566416,194.41096522234628,66.0,644.0625,43769.80173968817,3.9564835399536613,12.578394767580216,0.0002663234869638629,44.833090111613274,13,0.2307692307692307,0.4615384615384615,0.3076923076923077,0.0,0.4615384615384615,1.0,2309.923076923077,2417.1347456644253,0.0809999999999999,0.0522332048826002,malicious
43.49334173576504,11.431372549019608,156.90528975788493,193.58075723566472,66.0,638.9411764705883,43107.21346741894,3.78763296429173,12.037812252876671,0.00026916522605742,42.88775412709105,12,0.1666666666666666,0.75,0.0833333333333333,0.0,0.3333333333333333,1.0,3742.8333333333335,2099.8782041399977,0.0974166666666666,0.0355421307120937,malicious
46.77070528147172,12.510204081632653,160.27311313488934,194.40282006424383,66.0,645.1428571428571,43547.70615157487,4.023153689336121,12.83788833311007,0.0002433523839833354,46.070470187128805,10,0.2,0.8,0.0,0.0,0.3,1.0,4016.4,1921.5027556576647,0.089,0.039094756681683,malicious
49.96587335302475,12.936170212765957,161.13870015416896,196.5138626069925,66.0,656.063829787234,44498.56719973795,4.314499275370178,13.744417136832835,0.0002345328635357369,49.23296004660586,10,0.0,1.0,0.0,0.0,0.1,1.0,4955.3,44.30586868576216,0.1064,0.0012,malicious
53.94005849686536,13.681818181818182,166.18911272799693,195.2573263826831,66.0,652.9090909090909,44416.89472595357,4.667737519630413,14.84766862984052,0.0002604397860439894,53.118199570612475,6,0.0,0.8333333333333334,0.1666666666666666,0.0,0.3333333333333333,1.0,4092.5,1830.2216395835776,0.0965,0.04271904337256,malicious
55.20260392626127,13.666666666666666,164.02572752230887,191.35352059033303,66.0,646.125,42477.706233781915,4.827627519315734,15.294878423247413,0.00022293627262111153,54.43701772888502,13,0.0,0.4615384615384615,0.5384615384615384,0.0,0.2307692307692307,1.0,2268.692307692308,2450.468601485011,0.0991538461538461,0.0284168047623128,malicious
52.15344671769576,13.236363636363636,161.91779943072495,189.2935488805533,66.0,638.6,41020.59142743025,4.523560064473427,14.41006043907611,0.000224958766590421,51.476462130113084,19,0.0,0.4736842105263157,0.5263157894736842,0.0,0.1052631578947368,1.0,2346.1052631578946,2473.120336628605,0.1060526315789473,0.0033002979803349,malicious
47.81657636165619,12.633333333333333,161.29687170038676,189.70756456887517,66.0,634.45,40747.11899366291,4.148446766520991,13.212788456878217,0.00022537708282466257,47.19573804934819,14,0.0714285714285714,0.6428571428571429,0.2857142857142857,0.0,0.2142857142857142,1.0,3214.785714285714,2372.908889304176,0.099,0.026435906318058,malicious
46.22888608517185,11.96774193548387,156.45045856541068,186.86367379748785,66.0,625.241935483871,39633.921075066355,4.013217146600563,12.784954968645284,0.00023348100723754385,45.66366819797024,12,0.25,0.75,0.0,0.0,0.3333333333333333,1.0,3762.0,2074.0754165008884,0.0823333333333333,0.0454575504057234,malicious
46.987192329813226,12.262295081967213,158.78267399336312,188.6387465947634,66.0,631.5245901639345,40299.69816287107,4.078682750263154,12.993693583083498,0.0002359132297703046,46.4104702980792,17,0.1764705882352941,0.4705882352941176,0.2352941176470588,0.0,0.4705882352941176,1.0,2947.6470588235293,2994.0408449643564,0.0584705882352941,0.0522134957166066,malicious
44.77385039255023,12.53125,153.88525933790214,180.4676435767663,66.0,609.515625,37335.90380975178,3.8852283906167564,12.380089437484616,0.00021494925022121227,44.22338680550456,21,0.4285714285714285,0.238095238095238,0.0952380952380952,0.0,0.8571428571428571,1.0,12467.142857142857,23616.335351950405,0.0136666666666666,0.0233775092023923,malicious
50.314996012470175,13.0,165.32969678543424,194.04375739670832,66.0,651.7894736842105,42919.63055662824,4.365525797481026,13.904933177173646,0.00021984284384204302,49.665805649339106,18,0.0,0.3333333333333333,0.6666666666666666,0.0,0.2777777777777778,1.0,1662.7777777777778,2351.595995998263,0.0894444444444444,0.0393336472052762,malicious
48.69289222558339,12.7,163.0368627398133,191.85043988353144,66.0,641.0833333333334,41769.20367108708,4.2287597951649785,13.465381098400774,0.00022735198338821926,48.072665957609814,18,0.0555555555555555,0.5,0.4444444444444444,0.0,0.1666666666666666,1.0,2504.9444444444443,2487.9377330593,0.1011111111111111,0.0238906976059462,malicious
48.12062941119075,12.53125,157.84511753069617,190.77296009719575,66.0,639.5,41022.46520767088,4.19790447543742,13.346559597934263,0.00022823363542552426,47.54891321063042,12,0.25,0.75,0.0,0.0,0.3333333333333333,1.0,3798.5833333333335,2095.1415806707564,0.0819166666666666,0.0446158759735689,malicious
46.73048346692865,13.015151515151516,162.35050538330134,191.08334265343368,66.0,639.6666666666666,40956.950350525556,4.072656659905501,12.943954791611354,0.00022581129363084774,46.11363035621065,10,0.0,0.8,0.2,0.0,0.3,1.0,3928.8,1964.4,0.0975,0.0322467052580569,malicious
46.03418006114106,12.880597014925373,161.0417913726053,188.91009354244065,66.0,632.3432835820895,39969.65755922418,4.012204423439756,12.751331151849019,0.00022691043455205152,45.426579635534715,18,0.0,0.5,0.5,0.0,0.1111111111111111,1.0,2451.0,2451.0059159455327,0.1057222222222222,0.0023286991016816,malicious
45.359098946346954,12.779411764705882,160.80343169555718,188.67205812737643,66.0,630.8529411764706,39820.82885328787,3.9535798414925316,12.564570288911034,0.0002276231260860243,44.760437825146845,18,0.0,0.5,0.5,0.0,0.1111111111111111,1.0,2446.4444444444443,2446.550252049295,0.1063333333333333,0.0019436506316151,malicious
45.35904438004774,12.779411764705882,160.8328434602631,188.7378147388197,66.0,631.0294117647059,39842.20875524866,3.953568928232688,12.564521623939653,0.00023118187399467287,44.76032943935955,18,0.0,0.5,0.5,0.0,0.1111111111111111,1.0,2480.1666666666665,2480.2400701455404,0.1078888888888888,0.0034942633763369,malicious
45.35883731000564,12.779411764705882,160.85000032300815,188.7761760933443,66.0,631.1323529411765,39859.86112452969,3.9535275142242674,12.564462271188038,0.00022741626290709947,44.760169365826776,19,0.0,0.4736842105263157,0.5263157894736842,0.0,0.1052631578947368,1.0,2351.7894736842104,2479.0715277880136,0.1053157894736842,0.0019208723779889,malicious
43.44130346808635,12.43661971830986,159.57558716382002,185.79938325417544,66.0,619.3380281690141,38704.60035713958,3.7863029829462516,12.03312791834207,0.00023722312819785617,42.86780495039174,13,0.3076923076923077,0.6923076923076923,0.0,0.0,0.3846153846153846,1.0,3490.076923076923,2215.4018028179435,0.0756923076923077,0.0478159687124011,malicious
45.972571536676206,12.253731343283581,156.71374410892372,188.9892210729982,66.0,632.3880597014926,40001.69767764249,4.011252530683279,12.751503368975781,0.000224608093944904,45.426282391619324,9,0.0,1.0,0.0,0.0,0.1111111111111111,1.0,4967.555555555556,21.77210810551024,0.1091111111111111,0.0033811386788228,malicious
45.972504331104794,12.253731343283581,156.5719530641476,188.6722033838151,66.0,631.5373134328358,39880.058788753624,4.011239089568995,12.751476532696433,0.0002315008818213187,45.42621570914539,9,0.0,1.0,0.0,0.0,0.1111111111111111,1.0,4925.777777777777,22.409213272807527,0.1083333333333333,0.000942809041582,malicious
46.66784598971858,12.348484848484848,156.86092204996802,189.16227325622503,66.0,633.7272727272727,40131.15437646199,4.071773151948541,12.944142672841494,0.0002403439897479023,46.11317071770177,8,0.0,1.0,0.0,0.0,0.125,1.0,4910.25,1.984313483298443,0.1113749999999999,0.0050974871260259,malicious
45.983726159850164,12.402985074626866,158.395602673245,188.2369160833126,66.0,629.2388059701492,39745.02505383551,4.011894842817454,12.751823429741671,0.0002443505756890172,45.42702796921801,13,0.0,0.6153846153846154,0.3846153846153846,0.0,0.2307692307692307,1.0,3023.3076923076924,2390.1355733873334,0.1046153846153846,0.0305476637946932,malicious
45.304616535411164,12.235294117647058,157.52152518295216,186.19264212304657,66.0,621.2794117647059,39026.36533184284,3.9524398667538074,12.563199773686344,0.0002526360399582394,44.756038648240704,13,0.1538461538461538,0.6923076923076923,0.1538461538461538,0.0,0.3076923076923077,1.0,3442.076923076923,2241.874025883032,0.0966923076923077,0.0380756021526901,malicious
43.421920312962065,12.535211267605634,160.1028555989925,182.69243024373912,66.0,607.8732394366198,37741.61658254852,3.784689346146798,12.030190847421622,0.00024045353204426976,42.860827996697225,30,0.6333333333333333,0.1,0.2666666666666666,0.0,0.3666666666666666,1.0,544.9666666666667,1449.8487848354698,0.0298666666666666,0.0449034024941936,malicious
45.34359423202627,12.632352941176471,160.71717976057266,189.3845922677076,66.0,632.3088235294117,40093.60632258908,3.953533923181891,12.564619710663182,0.0002289729959824052,44.76037519468981,18,0.0,0.5,0.5,0.0,0.1111111111111111,1.0,2453.722222222222,2453.8323950179456,0.1082777777777777,0.0044447916531043,malicious
45.34357463612276,12.632352941176471,160.44021897625893,188.76535981886937,66.0,630.6470588235294,39853.738267033536,3.953530004001189,12.564619330638992,0.0002253090634065067,44.760372193420636,18,0.0,0.5,0.5,0.0,0.1111111111111111,1.0,2473.0,2473.044974205776,0.1076666666666666,0.0025819888974716,malicious
45.34184564562405,12.617647058823529,160.47404250567072,188.59605906769931,66.0,629.8382352941177,39841.27877356948,3.9531875595392543,12.563933429864028,0.00023556807461902428,44.758652203223285,15,0.0666666666666666,0.6,0.3333333333333333,0.0,0.2,1.0,2995.8,2424.9088560191285,0.0986666666666666,0.0256376459311085,malicious
44.00253227778843,11.942857142857143,155.96077412330317,187.0089173137229,66.0,623.5285714285715,39183.65004701338,3.83940158863914,12.205069414342569,0.0002350500651767822,43.47958757536752,12,0.25,0.75,0.0,0.0,0.3333333333333333,1.0,3765.3333333333335,2075.7959651393703,0.0823333333333333,0.0450006172797169,malicious
45.97249659495567,12.253731343283581,156.6540426163864,188.8557429980956,66.0,632.0298507462686,39955.812105503195,4.011237542339171,12.751453438637384,0.00022577883592288155,45.42616459860731,9,0.0,1.0,0.0,0.0,0.1111111111111111,1.0,4938.333333333333,41.45948490862964,0.1083333333333333,0.0029814239699997,malicious
46.01346422665155,12.671641791044776,161.75603266613763,190.51375861049087,66.0,636.7462686567164,40625.80505741033,4.01229850214782,12.751739244058006,0.00023936513644541273,45.427291350578194,9,0.0,0.8888888888888888,0.1111111111111111,0.0,0.2222222222222222,1.0,4365.333333333333,1543.3784010698378,0.0995555555555555,0.0351350129614672,malicious
46.0143840526467,12.671641791044776,163.77842072583917,195.03552995581666,66.0,648.8805970149253,42569.54344878678,4.012482467346848,12.75214507868307,0.00023684572817669926,45.428289406335175,17,0.0,0.4705882352941176,0.5294117647058824,0.0,0.1176470588235294,1.0,2370.4117647058824,2514.342156013905,0.1157058823529411,0.0066133973282612,malicious
47.426544713973996,12.876923076923077,162.70750033791626,192.02430852533365,66.0,642.5846153846154,41421.604187381934,4.135210158283616,13.142985418153852,0.0002469759721021962,46.82227758627671,17,0.0,0.5294117647058824,0.4705882352941176,0.0,0.1176470588235294,1.0,2645.5882352941176,2494.919380020679,0.1124117647058823,0.0100472930128374,malicious
49.363841037281226,13.131147540983607,163.2566260431348,191.89325182604026,66.0,645.5901639344262,41700.26971697345,4.299242205352138,13.669654774985279,0.0002311409496869763,48.72759385968818,16,0.0625,0.5,0.4375,0.0,0.1875,1.0,2524.0,2504.902992133628,0.101625,0.0255535589497823,malicious
47.768829158941905,12.366666666666667,157.69385768930823,189.4611667363137,66.0,636.7166666666667,40858.614565141266,4.149000039224672,13.212289899101304,0.00022768179575597918,47.17956643104553,12,0.25,0.75,0.0,0.0,0.3333333333333333,1.0,3834.8333333333335,2116.3440108409177,0.0837499999999999,0.0467531193255237,malicious
48.1887984851311,12.431034482758621,159.01219342990086,192.6544867177766,66.0,646.6379310344828,42240.960303922126,4.175273678404909,13.30963693026488,0.000231409895008961,47.58505290541156,9,0.0,1.0,0.0,0.0,0.1111111111111111,1.0,4922.666666666667,22.110831935702667,0.1088888888888888,0.0022825153982415,malicious
49.27426213026047,12.553571428571429,156.9297207462749,187.34766266880965,66.0,634.7321428571429,40154.44359020571,4.27519799334668,13.616411368510686,0.00024986692837302034,48.65290846994945,14,0.0,0.6428571428571429,0.3571428571428571,0.0,0.2142857142857142,1.0,3153.3571428571427,2350.3825101199063,0.103,0.0285081441997595,malicious
48.645862417561666,12.410714285714286,156.42376836532256,186.74366859282514,66.0,632.1071428571429,39901.39200290413,4.218367272038242,13.437488218291211,0.00023066571780608818,48.02896766151701,18,0.0,0.5,0.5,0.0,0.1111111111111111,1.0,2450.055555555556,2450.061347808396,0.1101111111111111,0.0043574825669172,malicious
50.72238113295357,12.660377358490566,156.73077412185026,186.75579840506504,66.0,635.5283018867924,40190.102870993025,4.395081883191947,14.004339571129613,0.00022959709167475517,50.07488217893636,18,0.0,0.5,0.5,0.0,0.1111111111111111,1.0,2472.5,2472.6038962554794,0.1056111111111111,0.0011613636089092,malicious
56.04283614868813,13.25531914893617,157.24250415158997,186.26632774821806,66.0,641.3404255319149,40676.38934861389,4.850212379907833,15.462184297361613,0.00023313786121120477,55.322149129624066,17,0.0,0.4705882352941176,0.5294117647058824,0.0,0.1176470588235294,1.0,2338.176470588235,2480.0153992713103,0.1089411764705882,0.0042074246452347,malicious
48.52340269088745,11.96078431372549,155.64716217416284,182.98127797973655,66.0,620.6078431372549,39082.92392098535,4.1780541633789205,13.346875717787409,0.00024532336814726195,47.88076869646708,14,0.2857142857142857,0.6428571428571429,0.0714285714285714,0.0,0.4285714285714285,1.0,3240.785714285714,2316.3110504966858,0.0812142857142857,0.0481473609593188,malicious
51.824349119308145,11.659574468085106,151.8232447856353,185.59234394655164,66.0,634.6595744680851,40380.469688967,4.5154682404218525,14.373591128286533,0.00023962589020420054,51.2064758919655,9,0.0,1.0,0.0,0.0,0.1111111111111111,1.0,4968.888888888889,6.539528430916516,0.1093333333333333,0.0023094010767585,malicious
52.948396656824194,11.782608695652174,151.76867764329404,185.41036012280944,66.0,635.6739130434783,40441.405020369675,4.613116843937241,14.685118301017257,0.0002414143603780508,52.31726382607999,9,0.0,1.0,0.0,0.0,0.1111111111111111,1.0,4911.0,0.0,0.1095555555555555,0.0022662308949301,malicious
53.93193657831712,12.272727272727273,151.92537078292426,183.91940750152807,66.0,634.3409090909091,40245.33858963199,4.692338402909663,14.942095136879363,0.00022975423119280056,53.26777266372334,12,0.0833333333333333,0.5833333333333334,0.3333333333333333,0.0,0.5,1.0,2877.9166666666665,2405.9225347162687,0.064,0.0502759054286112,malicious
54.98688114824749,12.619047619047619,154.6756001323228,191.88833541518437,66.0,672.4047619047619,50874.24423166878,4.776369737081867,15.217483709407727,0.00022176333836142038,54.293305573009306,16,0.4375,0.25,0.25,0.0,1.0,0.9375,12830.0625,27135.31804786142,0.011875,0.0239527529733014,malicious
50.74305748385052,11.790697674418604,172.35760783626722,232.20313755709094,66.0,782.1162790697674,91562.21464810857,4.404600667783765,14.028740453982838,0.000224008116611166,50.0785854639009,15,0.2666666666666666,0.4,0.3333333333333333,0.0,0.4666666666666667,1.0,2438.133333333333,2970.563220820067,0.0662,0.051395460240505,malicious
46.034368385439336,10.565217391304348,153.88029715382655,184.24903350886242,66.0,614.4565217391304,35970.85815453553,4.07991064432504,12.888722513688213,0.00024709494217577674,45.43215471246968,13,0.3076923076923077,0.6923076923076923,0.0,0.0,0.3846153846153846,1.0,3518.4615384615386,2235.700290061762,0.0762307692307692,0.048176205180173,malicious
50.45151553835188,11.428571428571429,157.03839543976096,181.20463685157654,66.0,610.6428571428571,33748.98493392098,4.469358891007356,14.116203012243618,0.00022776353926881005,49.75987923145294,16,0.0,0.5,0.5,0.0,0.1875,1.0,2480.4375,2480.4738198767086,0.1039374999999999,0.026878124818335,malicious
50.448617458343506,11.357142857142858,155.25684782071338,177.5085198809022,66.0,599.0,32078.189115468595,4.4689452567087455,14.115225031696225,0.00022781462896433378,49.757103113901046,16,0.0625,0.5,0.4375,0.0,0.1875,1.0,2510.0625,2490.5873671874574,0.102875,0.0259154273551489,malicious
47.05200046433343,10.6,148.99319264613385,175.70388548866725,66.0,591.3555555555556,31415.603792537546,4.170170762477645,13.174983136900455,0.0002154721154106493,46.44164049360487,12,0.25,0.75,0.0,0.0,0.3333333333333333,1.0,3771.1666666666665,2079.467513304521,0.082,0.0458184824424962,malicious
49.24958665426387,11.0,149.3593488932408,174.16588624942182,66.0,589.9302325581396,30768.711990575473,4.364888979982168,13.78827602735913,0.00023825778517607717,48.60260351314101,13,0.0769230769230769,0.6923076923076923,0.2307692307692307,0.0,0.3076923076923077,1.0,3400.923076923077,2241.4021182334286,0.0938461538461538,0.0390972085445538,malicious
47.0524223168691,10.6,146.5043037572449,170.13921905814064,66.0,576.4222222222222,29297.01860735236,4.17025542676945,13.17506655354558,0.0002538945939805293,46.441890541712446,12,0.25,0.75,0.0,0.0,0.3333333333333333,1.0,3738.6666666666665,2060.4226642986523,0.08275,0.0457513660998226,malicious
51.640104032144315,11.195121951219512,146.41556374440162,171.35528169416511,66.0,588.3658536585366,29682.344430532783,4.576312851693203,14.459140395853924,0.0002422100160179618,50.970049695270816,8,0.0,0.875,0.0,0.125,0.125,1.0,5628.875,1891.77076026008,0.111625,0.0042112201319807,malicious
49.235209559285366,10.976744186046512,147.40734630926147,164.01064970457273,66.0,556.953488372093,27348.649091776202,4.361885934449554,13.78375933059145,0.00027574494827620785,48.59427055092745,17,0.7058823529411765,0.0588235294117647,0.2352941176470588,0.0,0.8823529411764706,1.0,379.11764705882354,1135.956911069354,0.011235294117647,0.024397515330977,malicious
44.10138448576132,11.625,149.05071718168756,160.13961870294816,66.0,540.3541666666666,26128.627566298255,3.9063020470613448,12.344907650654148,0.00029047330220535457,43.52382577459017,18,0.8888888888888888,0.0,0.1111111111111111,0.0,0.8333333333333334,1.0,143.0,64.3626876035763,0.0065,0.0050138696521637,malicious
48.16603293744001,12.75,160.56860344784388,178.53534543543878,66.0,601.1136363636364,32932.440243195066,4.2657685935868095,13.474376108007704,0.00024190274151883454,47.49893335320733,72,0.7777777777777778,0.0833333333333333,0.1388888888888889,0.0,0.8333333333333334,1.0,423.2083333333333,1370.6317778623518,0.0189583333333333,0.0398481274828427,malicious
57.25345372509312,12.216216216216216,155.65178084589851,176.757597872881,66.0,609.1621621621622,32330.117271871666,5.06943340911175,16.016743038495143,0.00022821168641781403,56.46623500617775,16,0.0625,0.375,0.5625,0.0,0.1875,1.0,1901.125,2434.992989594631,0.0985625,0.0244514026949375,malicious
42.17216029167175,11.022222222222222,154.04427730221852,164.2819334687533,66.0,556.8444444444444,27606.483484675937,3.722719967796659,11.75920375988047,0.00022959709167475403,41.51714721785651,27,0.4074074074074074,0.1851851851851851,0.3703703703703703,0.0,0.3333333333333333,0.8148148148148149,1361.074074074074,2567.3371263702315,0.0452592592592592,0.0501653507340088,malicious
41.86306785941124,10.8,147.2953864599453,159.22542175380045,66.0,544.675,26063.506038352578,3.7020098331385305,11.673950678296519,0.00024539232254023826,41.18657076954842,39,0.3333333333333333,0.1794871794871795,0.4871794871794871,0.0,0.1025641025641025,0.6923076923076923,934.1282051282052,1861.3391537014168,0.0395641025641025,0.048750434513143,malicious
20.286516752399383,13.065573770491802,130.3029255463885,130.63443118702162,66.0,440.9016393442623,18345.46186876737,1.8135039712743861,5.662903896533127,0.00025499844160231763,19.863405606785758,110,0.3545454545454545,0.6,0.0454545454545454,0.0,0.0909090909090909,0.8909090909090909,22769.454545454544,32491.07218484273,0.0074181818181818,0.0058734871447607,malicious
7.769758752414158,7.571428571428571,140.71462585034016,137.23030762355262,66.0,431.85714285714283,19034.08350178166,0.6128054395210519,2.079906886973787,0.0002240623746598929,7.748226949146816,23,0.3478260869565217,0.2608695652173913,0.391304347826087,0.0,0.3043478260869565,0.6956521739130435,1281.8260869565215,2026.623077977016,0.0034347826086956,0.0022998315052935,malicious
13.5986989736557,82.0,226.59523809523807,131.4250042580244,66.0,559.0,18188.953720882288,0.17422232410436955,1.0278782247540297,0.000272989273071243,8.266768455505371,7,0.1428571428571428,0.7142857142857143,0.1428571428571428,0.0,0.8571428571428571,1.0,1898.7142857142856,2994.9517389045427,0.0017142857142857,0.0008806305718527,malicious
13.5986989736557,82.0,226.59523809523807,131.4250042580244,66.0,559.0,18188.953720882288,0.17422232410436955,1.0278782247540297,0.000272989273071243,8.266768455505371,2,0.0,0.5,0.5,0.0,1.0,1.0,2257.5,2257.5,0.003,0.002,malicious
5.444104385375977,36.6,203.28571428571425,217.59860428344186,66.0,716.4,52721.57173778602,0.0705992292607867,0.412546582364499,0.00013141632080076126,3.310359811782837,18,0.6111111111111112,0.2222222222222222,0.0,0.0,0.8333333333333334,0.9444444444444444,553.3888888888889,520.7946000412243,0.0014444444444444,0.0008958064164776,malicious
9.073236306508383,56.666666666666664,198.34126984126985,141.91502793721253,66.0,541.3333333333334,20970.90433244004,0.11763561421716269,0.6871107270800687,0.00031566619873042863,5.516159613927205,72,0.8888888888888888,0.0555555555555555,0.0138888888888888,0.0,0.9027777777777778,0.9861111111111112,354.81944444444446,285.85448543644685,0.0009583333333333,0.0008569568250501,malicious
13.5986989736557,82.0,226.59523809523807,131.4250042580244,66.0,559.0,18188.953720882288,0.17422232410436955,1.0278782247540297,0.000272989273071243,8.266768455505371,12,0.0,1.0,0.0,0.0,0.0833333333333333,0.0833333333333333,1523.0,0.0,0.0026666666666666,0.000471404520791,malicious
0.4691929817199707,107.5,223.5303738317757,43.01226122500686,66.0,257.0,1851.5856418804167,0.0044022124083957,0.0078196189811313,0.00017094612121579998,0.0809890031814575,160,0.00625,0.0,0.98125,0.0,0.99375,0.9875,0.0,0.0,0.00129375,0.0004689999333688,malicious
0.20457835992177323,56.833333333333336,173.3967360058344,59.420633413435745,66.0,271.8333333333333,3718.9875475704425,0.0024393471011667,0.0010292035650102404,0.00021147727966303333,0.007090648015340133,236,0.0,0.0042372881355932,0.9449152542372882,0.0127118644067796,0.9067796610169492,0.4661016949152542,10.817796610169491,124.37857677770222,0.0015211864406779,0.0009497860325424,malicious
0.19995641708374018,58.0,189.4252587267826,68.6952684775293,66.0,312.0,4933.062147786547,0.00295732604049448,0.00152581689689382,0.00015497207641598126,0.00939188003540036,241,0.0,0.0,0.9875518672199172,0.0041493775933609,0.966804979253112,0.0331950207468879,1.3775933609958506,15.059307236956531,0.001701244813278,0.0013550116389633,malicious
0.08241201937198635,27.625,164.05287955074604,80.10993506561246,66.0,298.625,6570.965715360425,0.0019481186576262438,0.0009997592939452239,0.00023891031742091247,0.0044035911560058065,247,0.0,0.0,0.5141700404858299,0.0,0.9433198380566802,0.0566801619433198,9.408906882591094,38.38425476396347,0.0015020242914979,0.0011125871441177,malicious
0.4167233308156331,103.0,252.0601007077627,73.122550915859,66.0,448.0,5348.006756779541,0.0040911925673973665,0.0015251699848019002,0.00024429957071936664,0.010087331136067667,221,0.0,0.0,0.6380090497737556,0.0,1.0,0.004524886877828,0.751131221719457,11.141076460252313,0.0017420814479638,0.0008778280542986,malicious
0.38992536067962646,91.5,254.03657064240792,74.34572328858891,66.0,386.75,6069.103558520565,0.00425965055689075,0.0013708130104769251,0.00022959709167477498,0.00859624147415155,199,0.0,0.0,0.9095477386934674,0.0,0.9949748743718592,0.0402010050251255,0.8341708542713567,11.737824363779236,0.0023266331658291,0.0011856954031498,malicious
0.26224527359008787,78.0,216.88293094535896,67.38209002739826,66.0,314.4,5133.48479282655,0.0027778808633432,0.001083484278660505,0.00019965171813958,0.00743556022644036,267,0.0,0.0,0.9550561797752808,0.0,0.8951310861423221,0.1797752808988764,1.243445692883895,14.313134800859494,0.0013857677902621,0.0009816021406649,malicious
0.3926427364349365,109.5,214.70728786543006,45.87959723134101,66.0,253.5,2110.6997451098855,0.0036184220263095496,0.001404307312711625,0.00021070241928095,0.00816494226455685,258,0.0,0.0,1.0,0.0,1.0,0.0193798449612403,0.0,0.0,0.001437984496124,0.0006974698235754,malicious
0.3927333354949951,108.0,221.38101149994998,44.232452437644504,66.0,279.0,1971.0550300068471,0.0036693846437133334,0.0014396839838056667,0.00021568934122720003,0.009517272313435833,251,0.0,0.0,0.99601593625498,0.0,1.0,0.0039840637450199,0.0,0.0,0.0015059760956175,0.0008391350029723,malicious
0.36456793546676636,107.0,261.9527515251424,69.30913085960715,66.0,406.0,5097.8940726073515,0.003439604162610475,0.0011123248211940997,0.00014978647232050002,0.0074740052223205,274,0.0,0.0,0.6751824817518248,0.0,1.0,0.0036496350364964,0.0,0.0,0.0011751824817518,0.0004817518248175,malicious
0.31265997886657715,94.75,219.33641886002872,60.24614208973689,66.0,310.5,3804.4958453062486,0.0032873490594163496,0.0014128257391487502,0.000220000743865925,0.008560001850128125,266,0.0,0.0,0.9360902255639098,0.0,1.0,0.0037593984962406,0.6240601503759399,10.15896322914493,0.0013270676691729,0.0007472886146706,malicious
0.35999673604965204,94.25,242.26323984890823,57.327603020184114,66.0,362.5,3393.878897266908,0.0038215982506858252,0.0017667814099213252,0.00018602609634395001,0.011419773101806575,245,0.0,0.0,0.8612244897959184,0.0040816326530612,0.9755102040816328,0.0408163265306122,0.6775510204081633,10.58368527510616,0.0014489795918367,0.0013164768147085,malicious
0.17751867430550708,49.0,189.63813497036992,129.37923293835132,66.0,936.7142857142857,28980.501942449704,0.0022169818694854145,0.001082169921730925,0.00014662742614743484,0.005825451442173486,228,0.0,0.0,0.7412280701754386,0.0,1.0,0.043859649122807,3.6403508771929824,24.311439511163368,0.0016622807017543,0.0010616843908468,malicious
0.41597920656204224,106.75,239.16562130592945,133.0360571868466,66.0,1318.5,41165.540072835036,0.0039334482836399,0.0016925198248396748,0.000188231468200625,0.011565983295440625,237,0.0,0.0,0.9831223628691984,0.0,0.9957805907172996,0.1561181434599156,0.0,0.0,0.0016286919831223,0.0009442807959401,malicious
0.3947309652964274,108.33333333333333,235.42134586156806,48.88377339896906,66.0,262.0,2470.6875539718026,0.0036810778068571,0.0014468788734960335,0.0002513726552327,0.009492635726928633,253,0.0,0.0,1.0,0.0,1.0,0.0079051383399209,0.0,0.0,0.0014545454545454,0.0007820295697311,malicious
0.43949180841445923,107.5,285.1805920843657,63.206371063084575,66.0,347.5,4053.976966798561,0.004128901158237,0.001748051641933675,0.0002989768981933,0.013321518898010174,229,0.0,0.0,0.9956331877729258,0.0,1.0,0.0087336244541484,0.0,0.0,0.0016375545851528,0.0011271113725568,malicious
0.4824553330739339,109.66666666666667,276.0294712116246,66.50757467847451,66.0,336.0,4459.4638149863595,0.0044435307509537,0.0018332605371046999,0.0001709461212158021,0.015750408172607366,213,0.0,0.0,1.0,0.0,1.0,0.0046948356807511,0.0,0.0,0.0017323943661971,0.0009031672981341,malicious
0.5185437202453613,108.0,270.83641975308643,59.8777721330598,66.0,334.6666666666667,3589.9583619112946,0.004846202992947267,0.0017685572937398,1.2715657552083333e-06,0.014305750528971302,188,0.0,0.0,0.9946808510638298,0.0,0.9946808510638298,0.0159574468085106,0.0,0.0,0.0021117021276595,0.001326197281863,malicious
0.48999547958374023,107.0,267.8007046898777,55.05729194817088,66.0,331.0,3045.455408033673,0.0046218406817315335,0.0012300436088664333,0.00011094411214190418,0.008280992507934534,197,0.0,0.0,1.0,0.0,0.9949238578680204,0.0101522842639594,0.0,0.0,0.0019746192893401,0.0004877853008542,malicious
0.4405481020609538,108.33333333333333,265.655214963391,57.68318750000447,66.0,313.0,3364.7673963778566,0.0041047792373858,0.0012395230665733332,0.0003283023834228,0.007707357406616167,219,0.0,0.0,1.0,0.0,0.9954337899543378,0.0091324200913242,0.0,0.0,0.0016849315068493,0.0005783785948335,malicious
0.403148094813029,111.0,257.7153740601761,61.75347457048798,66.0,331.0,3962.589381466764,0.003659447583849333,0.0016300403987585333,0.00015068054199216668,0.013775984446207633,250,0.0,0.0,0.992,0.0,1.0,0.016,0.0,0.0,0.001452,0.0015204262560216,malicious
0.43140673637390137,111.5,262.0299236383737,65.73863950644721,66.0,331.0,4396.799587956726,0.003904685946601525,0.0018436995465096252,0.0001287460327148332,0.014757454395294151,240,0.0,0.0,1.0,0.0,1.0,0.0083333333333333,0.0,0.0,0.0015208333333333,0.0005912410440947,malicious
0.45674967765808105,108.33333333333333,273.16828042996275,61.15896792185003,66.0,341.6666666666667,3763.8673065494427,0.004256599122555,0.0017140325590494334,0.00014837582906084427,0.012113650639851833,216,0.0,0.0,1.0,0.0,1.0,0.0555555555555555,0.0,0.0,0.0017824074074074,0.0006410825196354,malicious
0.4251924355824788,106.66666666666667,271.8941985540469,55.227275261972956,66.0,346.3333333333333,3053.1281696759256,0.0040230466706126,0.0012860084209261333,0.00024429957071936664,0.009787321090698166,234,0.0,0.0,0.9786324786324786,0.0,1.0,0.0085470085470085,0.0,0.0,0.0015726495726495,0.0009767925823815,malicious
0.38791400194168085,107.75,271.22467653412093,59.48490208374075,66.0,339.75,3595.977374915139,0.0036362889550835753,0.0010610934764151,0.00024729967117305,0.007190465927123951,257,0.0,0.0,0.9844357976653696,0.0,1.0,0.0077821011673151,0.0,0.0,0.0013618677042801,0.0006090954686178,malicious
0.3761836687723796,112.0,226.79619043811962,56.30191440960258,66.0,277.0,3348.4414902991066,0.0033972147296312,0.0012271170434266,0.00025240580240880003,0.0092400709788004,266,0.0,0.0,0.981203007518797,0.0,1.0,0.0037593984962406,0.0,0.0,0.0013496240601503,0.0008550710351839,malicious
0.15493144307817727,52.0,177.50950191432958,69.46372792981937,66.0,285.7142857142857,4943.096182822288,0.0023789646446292713,0.0009458629280288119,0.00023010798862997146,0.005205495016915414,204,0.0,0.0,0.9803921568627452,0.0,0.9950980392156864,0.2058823529411765,3.2549019607843137,23.015632485679788,0.0012892156862745,0.0004640839306158,malicious
0.022315144538879342,5.8,115.07333333333334,104.02606572284708,66.0,343.6,11208.092,0.00506914973258967,0.00506634130221551,0.00016260147094721483,0.012559223175048793,10,0.0,0.8,0.2,0.0,0.8,1.0,2396.0,1173.439730024512,0.0037,0.0022383029285599,malicious
0.018906434377034435,6.0,127.8888888888889,134.84184782161898,66.0,429.3333333333333,18269.35185185185,0.0037812868754068334,0.004507059360665867,9.902318318684426e-05,0.012260993321736599,3,0.0,1.0,0.0,0.0,1.0,1.0,2290.6666666666665,283.5222899330649,0.0023333333333333,0.000471404520791,malicious
0.010118825095040414,6.0,109.97619047619047,94.80181620514604,66.0,321.85714285714283,9153.408730158731,0.002023765019008057,0.0021111570672495,0.00019362994602744484,0.005832127162388343,7,0.0,1.0,0.0,0.0,1.0,1.0,2262.428571428572,8.27832182540024,0.0032857142857142,0.0004517539514526,malicious
0.007549010790311323,5.769230769230769,133.74395604395605,144.4697455739576,66.0,451.7692307692308,26765.056213151933,0.001600128870743923,0.0015397727778737847,0.00020412298349230265,0.004139643449049677,13,0.0,0.4615384615384615,0.3076923076923077,0.0,0.7692307692307693,0.9230769230769232,1157.0,1039.7077991879776,0.0028461538461538,0.0009483713850721,malicious
0.010505735874175949,5.5,119.0,107.38848101733053,66.0,344.75,11813.81166666667,0.0023230463266372,0.002074957041359975,0.0003079175949096281,0.0057967305183410246,4,0.0,0.5,0.5,0.0,0.75,1.0,1855.0,1639.0,0.00325,0.0008291561975888,malicious
0.009531021118164014,5.955555555555556,108.75703703703704,91.01319075206942,66.0,310.24444444444447,9251.419703703703,0.001928157276577369,0.0019358019875052022,0.00026355319552946407,0.005256213082207514,44,0.0,0.9318181818181818,0.0454545454545454,0.0,0.9090909090909092,0.9772727272727272,2145.568181818182,557.8077787898915,0.003590909090909,0.0018987816885641,malicious
0.006468757339145772,5.739130434782608,104.86666666666669,80.88385088895521,66.0,281.0652173913044,6656.82033816425,0.0013755093450131069,0.001256724303280489,0.00020131339197569266,0.0034151232760885005,47,0.0,0.7446808510638298,0.2553191489361702,0.0,0.5319148936170213,0.7446808510638299,2051.106382978724,1188.2356352394395,0.0026170212765957,0.0006701283297031,malicious
17.88913102944692,20.333333333333332,219.57222222222222,214.4628581672836,66.0,549.1666666666666,46039.77634542705,1.205440461934353,3.878700639972575,0.00017833709716793544,14.825286030769348,29,0.0,1.0,0.0,0.0,1.0,1.0,6506.517241379311,14271.506555131138,0.0032413793103448,0.0060266944815018,benign
17.88913102944692,20.333333333333332,219.57222222222222,214.4628581672836,66.0,549.1666666666666,46039.77634542705,1.205440461934353,3.878700639972575,0.00017833709716793544,14.825286030769348,2,0.0,1.0,0.0,0.0,1.0,1.0,1005.0,145.0,0.001,0.0,benign
17.88913102944692,20.333333333333332,219.57222222222222,214.4628581672836,66.0,549.1666666666666,46039.77634542705,1.205440461934353,3.878700639972575,0.00017833709716793544,14.825286030769348,7,0.1428571428571428,0.8571428571428571,0.0,0.0,1.0,1.0,292.57142857142856,163.28927630160544,0.0011428571428571,0.000832993127835,benign
17.88913102944692,20.333333333333332,219.57222222222222,214.4628581672836,66.0,549.1666666666666,46039.77634542705,1.205440461934353,3.878700639972575,0.00017833709716793544,14.825286030769348,1,0.0,1.0,0.0,0.0,1.0,1.0,9055.0,0.0,0.017,0.0,benign
17.88913102944692,20.333333333333332,219.57222222222222,214.4628581672836,66.0,549.1666666666666,46039.77634542705,1.205440461934353,3.878700639972575,0.00017833709716793544,14.825286030769348,1,0.0,1.0,0.0,0.0,1.0,1.0,9055.0,0.0,0.021,0.0,benign
17.88913102944692,20.333333333333332,219.57222222222222,214.4628581672836,66.0,549.1666666666666,46039.77634542705,1.205440461934353,3.878700639972575,0.00017833709716793544,14.825286030769348,1,0.0,1.0,0.0,0.0,1.0,1.0,9055.0,0.0,0.014,0.0,benign
17.88913102944692,20.333333333333332,219.57222222222222,214.4628581672836,66.0,549.1666666666666,46039.77634542705,1.205440461934353,3.878700639972575,0.00017833709716793544,14.825286030769348,1,0.0,1.0,0.0,0.0,1.0,1.0,682.0,0.0,0.002,0.0,benign
20.174944003423054,18.833333333333332,207.68213914353623,204.390845559243,66.0,534.5,42104.86978918831,1.2716163261891245,4.381733875645857,0.00011869271596272344,17.219690680503845,30,0.0,1.0,0.0,0.0,1.0,1.0,6318.3,14068.19280777267,0.003,0.0060055529859178,benign
20.174944003423054,18.833333333333332,207.68213914353623,204.390845559243,66.0,534.5,42104.86978918831,1.2716163261891245,4.381733875645857,0.00011869271596272344,17.219690680503845,1,0.0,1.0,0.0,0.0,1.0,1.0,1150.0,0.0,0.0,0.0,benign
20.174944003423054,18.833333333333332,207.68213914353623,204.390845559243,66.0,534.5,42104.86978918831,1.2716163261891245,4.381733875645857,0.00011869271596272344,17.219690680503845,1,0.0,1.0,0.0,0.0,1.0,1.0,9055.0,0.0,0.013,0.0,benign
20.174944003423054,18.833333333333332,207.68213914353623,204.390845559243,66.0,534.5,42104.86978918831,1.2716163261891245,4.381733875645857,0.00011869271596272344,17.219690680503845,1,0.0,1.0,0.0,0.0,1.0,1.0,9055.0,0.0,0.016,0.0,benign
20.174944003423054,18.833333333333332,207.68213914353623,204.390845559243,66.0,534.5,42104.86978918831,1.2716163261891245,4.381733875645857,0.00011869271596272344,17.219690680503845,1,0.0,1.0,0.0,0.0,1.0,1.0,9055.0,0.0,0.016,0.0,benign
20.174944003423054,18.833333333333332,207.68213914353623,204.390845559243,66.0,534.5,42104.86978918831,1.2716163261891245,4.381733875645857,0.00011869271596272344,17.219690680503845,1,0.0,1.0,0.0,0.0,1.0,1.0,9055.0,0.0,0.019,0.0,benign
20.174944003423054,18.833333333333332,207.68213914353623,204.390845559243,66.0,534.5,42104.86978918831,1.2716163261891245,4.381733875645857,0.00011869271596272344,17.219690680503845,1,0.0,1.0,0.0,0.0,1.0,1.0,9055.0,0.0,0.212,0.0,benign
10.303753852844238,19.0,217.3082556332557,209.1461602750244,66.0,545.0,44120.268798526326,0.6778268989038722,2.1804023767130913,0.0002686580022175698,8.421151320139566,17,0.0,1.0,0.0,0.0,1.0,1.0,8067.705882352941,18453.022828299163,0.0043529411764705,0.0077606941508103,benign
10.303753852844238,19.0,217.3082556332557,209.1461602750244,66.0,545.0,44120.268798526326,0.6778268989038722,2.1804023767130913,0.0002686580022175698,8.421151320139566,14,0.0,1.0,0.0,0.0,1.0,1.0,3824.857142857143,1610.7930104296393,0.0010714285714285,0.0005933302759227,benign
10.303753852844238,19.0,217.3082556332557,209.1461602750244,66.0,545.0,44120.268798526326,0.6778268989038722,2.1804023767130913,0.0002686580022175698,8.421151320139566,7,0.1428571428571428,0.8571428571428571,0.0,0.0,1.0,1.0,292.57142857142856,163.28927630160544,0.0011428571428571,0.000832993127835,benign
10.303753852844238,19.0,217.3082556332557,209.1461602750244,66.0,545.0,44120.268798526326,0.6778268989038722,2.1804023767130913,0.0002686580022175698,8.421151320139566,1,0.0,1.0,0.0,0.0,1.0,1.0,9055.0,0.0,0.015,0.0,benign
10.289569616317749,17.666666666666668,208.80502645502645,205.2376732832349,66.0,541.6666666666666,42756.84532459897,0.6543658520366384,2.2378605113178875,0.00016498565673826198,8.892103354136148,8,0.0,1.0,0.0,0.0,1.0,1.0,4750.75,6232.674822056739,0.00375,0.0051659945799429,benign
10.289569616317749,17.666666666666668,208.80502645502645,205.2376732832349,66.0,541.6666666666666,42756.84532459897,0.6543658520366384,2.2378605113178875,0.00016498565673826198,8.892103354136148,23,0.0,1.0,0.0,0.0,1.0,1.0,6638.826086956522,15647.394912092286,0.0027826086956521,0.0064871546770061,benign
10.289569616317749,17.666666666666668,208.80502645502645,205.2376732832349,66.0,541.6666666666666,42756.84532459897,0.6543658520366384,2.2378605113178875,0.00016498565673826198,8.892103354136148,1,0.0,1.0,0.0,0.0,1.0,1.0,9055.0,0.0,0.019,0.0,benign
10.289569616317749,17.666666666666668,208.80502645502645,205.2376732832349,66.0,541.6666666666666,42756.84532459897,0.6543658520366384,2.2378605113178875,0.00016498565673826198,8.892103354136148,1,0.0,1.0,0.0,0.0,1.0,1.0,9055.0,0.0,0.019,0.0,benign
10.142735997835794,17.0,211.34181096681095,205.09579439569657,66.0,531.5,42376.12030848841,0.6865782883895304,2.2692812632690074,0.00019900004069007106,8.848072012265524,23,0.0,1.0,0.0,0.0,1.0,1.0,7032.565217391304,15973.613431901804,0.0041304347826086,0.0072249829115253,benign
10.142735997835794,17.0,211.34181096681095,205.09579439569657,66.0,531.5,42376.12030848841,0.6865782883895304,2.2692812632690074,0.00019900004069007106,8.848072012265524,8,0.0,1.0,0.0,0.0,1.0,1.0,3618.75,1785.4519560884298,0.00125,0.0004330127018922,benign
10.142735997835794,17.0,211.34181096681095,205.09579439569657,66.0,531.5,42376.12030848841,0.6865782883895304,2.2692812632690074,0.00019900004069007106,8.848072012265524,1,0.0,1.0,0.0,0.0,1.0,1.0,9055.0,0.0,0.019,0.0,benign
10.142735997835794,17.0,211.34181096681095,205.09579439569657,66.0,531.5,42376.12030848841,0.6865782883895304,2.2692812632690074,0.00019900004069007106,8.848072012265524,1,0.0,1.0,0.0,0.0,1.0,1.0,9055.0,0.0,0.02,0.0,benign
13.585559209187826,20.166666666666668,219.496632996633,212.21631656860419,66.0,548.1666666666666,45277.67588035235,0.7853805168410242,2.646764330485796,0.00013478597005207188,10.96329120794932,29,0.0,1.0,0.0,0.0,1.0,1.0,6506.517241379311,14271.506555131138,0.0034827586206896,0.0074121088704398,benign
13.585559209187826,20.166666666666668,219.496632996633,212.21631656860419,66.0,548.1666666666666,45277.67588035235,0.7853805168410242,2.646764330485796,0.00013478597005207188,10.96329120794932,2,0.0,1.0,0.0,0.0,1.0,1.0,1005.0,145.0,0.001,0.0,benign
13.585559209187826,20.166666666666668,219.496632996633,212.21631656860419,66.0,548.1666666666666,45277.67588035235,0.7853805168410242,2.646764330485796,0.00013478597005207188,10.96329120794932,1,0.0,1.0,0.0,0.0,1.0,1.0,9055.0,0.0,0.019,0.0,benign
13.585559209187826,20.166666666666668,219.496632996633,212.21631656860419,66.0,548.1666666666666,45277.67588035235,0.7853805168410242,2.646764330485796,0.00013478597005207188,10.96329120794932,1,0.0,1.0,0.0,0.0,1.0,1.0,9055.0,0.0,0.018,0.0,benign
13.585559209187826,20.166666666666668,219.496632996633,212.21631656860419,66.0,548.1666666666666,45277.67588035235,0.7853805168410242,2.646764330485796,0.00013478597005207188,10.96329120794932,7,0.1428571428571428,0.8571428571428571,0.0,0.0,1.0,1.0,292.57142857142856,163.28927630160544,0.0011428571428571,0.0006388765649999,benign
13.585559209187826,20.166666666666668,219.496632996633,212.21631656860419,66.0,548.1666666666666,45277.67588035235,0.7853805168410242,2.646764330485796,0.00013478597005207188,10.96329120794932,1,0.0,1.0,0.0,0.0,1.0,1.0,682.0,0.0,0.002,0.0,benign
17.445898691813152,20.666666666666668,214.7920163170163,208.21352109019824,66.0,536.3333333333334,43548.40773204295,1.120813165592266,3.6398236273636413,0.00023631254831948438,14.019981662432352,7,0.0,1.0,0.0,0.0,1.0,1.0,5143.714285714285,6569.652213327707,0.014,0.0274382423427074,benign
17.445898691813152,20.666666666666668,214.7920163170163,208.21352109019824,66.0,536.3333333333334,43548.40773204295,1.120813165592266,3.6398236273636413,0.00023631254831948438,14.019981662432352,24,0.0,1.0,0.0,0.0,1.0,1.0,6445.541666666667,15345.96085288451,0.0022916666666666,0.0055862865324133,benign
17.445898691813152,20.666666666666668,214.7920163170163,208.21352109019824,66.0,536.3333333333334,43548.40773204295,1.120813165592266,3.6398236273636413,0.00023631254831948438,14.019981662432352,1,0.0,1.0,0.0,0.0,1.0,1.0,9055.0,0.0,0.014,0.0,benign
17.445898691813152,20.666666666666668,214.7920163170163,208.21352109019824,66.0,536.3333333333334,43548.40773204295,1.120813165592266,3.6398236273636413,0.00023631254831948438,14.019981662432352,1,0.0,1.0,0.0,0.0,1.0,1.0,9055.0,0.0,0.02,0.0,benign
17.445898691813152,20.666666666666668,214.7920163170163,208.21352109019824,66.0,536.3333333333334,43548.40773204295,1.120813165592266,3.6398236273636413,0.00023631254831948438,14.019981662432352,1,0.0,1.0,0.0,0.0,1.0,1.0,9055.0,0.0,0.021,0.0,benign
17.445898691813152,20.666666666666668,214.7920163170163,208.21352109019824,66.0,536.3333333333334,43548.40773204295,1.120813165592266,3.6398236273636413,0.00023631254831948438,14.019981662432352,7,0.1428571428571428,0.8571428571428571,0.0,0.0,1.0,1.0,292.57142857142856,163.28927630160544,0.0011428571428571,0.0003499271061118,benign
17.445898691813152,20.666666666666668,214.7920163170163,208.21352109019824,66.0,536.3333333333334,43548.40773204295,1.120813165592266,3.6398236273636413,0.00023631254831948438,14.019981662432352,1,0.0,1.0,0.0,0.0,1.0,1.0,9055.0,0.0,0.02,0.0,benign
16.298969984054565,26.5,217.6089527027027,205.6391136199917,66.0,528.0,42349.313251860396,0.7705124192767672,2.9871670012316116,0.00019013881683345704,14.47471809387207,7,0.1428571428571428,0.8571428571428571,0.0,0.0,1.0,1.0,292.57142857142856,163.28927630160544,0.0008571428571428,0.0003499271061118,benign
15.276995976765951,20.0,219.3883528978287,209.5299917883162,66.0,534.6666666666666,43984.42772832489,1.0253896793686827,3.269230469675587,0.00026786327362057007,12.647040009498596,29,0.0,1.0,0.0,0.0,1.0,1.0,6506.517241379311,14271.506555131138,0.0032758620689655,0.006705101257813,benign
15.276995976765951,20.0,219.3883528978287,209.5299917883162,66.0,534.6666666666666,43984.42772832489,1.0253896793686827,3.269230469675587,0.00026786327362057007,12.647040009498596,2,0.0,1.0,0.0,0.0,1.0,1.0,1005.0,145.0,0.0005,0.0005,benign
15.276995976765951,20.0,219.3883528978287,209.5299917883162,66.0,534.6666666666666,43984.42772832489,1.0253896793686827,3.269230469675587,0.00026786327362057007,12.647040009498596,1,0.0,1.0,0.0,0.0,1.0,1.0,682.0,0.0,0.003,0.0,benign
15.276995976765951,20.0,219.3883528978287,209.5299917883162,66.0,534.6666666666666,43984.42772832489,1.0253896793686827,3.269230469675587,0.00026786327362057007,12.647040009498596,1,0.0,1.0,0.0,0.0,1.0,1.0,682.0,0.0,0.002,0.0,benign
15.276995976765951,20.0,219.3883528978287,209.5299917883162,66.0,534.6666666666666,43984.42772832489,1.0253896793686827,3.269230469675587,0.00026786327362057007,12.647040009498596,1,0.0,1.0,0.0,0.0,1.0,1.0,682.0,0.0,0.002,0.0,benign
15.276995976765951,20.0,219.3883528978287,209.5299917883162,66.0,534.6666666666666,43984.42772832489,1.0253896793686827,3.269230469675587,0.00026786327362057007,12.647040009498596,1,0.0,1.0,0.0,0.0,1.0,1.0,9055.0,0.0,0.016,0.0,benign
16.456441164016724,20.333333333333332,214.15919540229888,204.7099329661662,66.0,542.8333333333334,42565.18352699384,1.031997235085931,3.446199259419242,0.0002557833989461031,13.788546681404114,31,0.0,1.0,0.0,0.0,1.0,1.0,6151.580645161291,13869.5199995418,0.0036451612903225,0.0068275929121459,benign
16.456441164016724,20.333333333333332,214.15919540229888,204.7099329661662,66.0,542.8333333333334,42565.18352699384,1.031997235085931,3.446199259419242,0.0002557833989461031,13.788546681404114,7,0.1428571428571428,0.8571428571428571,0.0,0.0,1.0,1.0,292.57142857142856,163.28927630160544,0.001,0.0005345224838248,benign
16.456441164016724,20.333333333333332,214.15919540229888,204.7099329661662,66.0,542.8333333333334,42565.18352699384,1.031997235085931,3.446199259419242,0.0002557833989461031,13.788546681404114,1,0.0,1.0,0.0,0.0,1.0,1.0,9055.0,0.0,0.021,0.0,benign
16.456441164016724,20.333333333333332,214.15919540229888,204.7099329661662,66.0,542.8333333333334,42565.18352699384,1.031997235085931,3.446199259419242,0.0002557833989461031,13.788546681404114,1,0.0,1.0,0.0,0.0,1.0,1.0,9055.0,0.0,0.016,0.0,benign
16.456441164016724,20.333333333333332,214.15919540229888,204.7099329661662,66.0,542.8333333333334,42565.18352699384,1.031997235085931,3.446199259419242,0.0002557833989461031,13.788546681404114,1,0.0,1.0,0.0,0.0,1.0,1.0,682.0,0.0,0.002,0.0,benign
16.456441164016724,20.333333333333332,214.15919540229888,204.7099329661662,66.0,542.8333333333334,42565.18352699384,1.031997235085931,3.446199259419242,0.0002557833989461031,13.788546681404114,1,0.0,1.0,0.0,0.0,1.0,1.0,9055.0,0.0,0.014,0.0,benign
6.888731956481934,17.666666666666668,214.29404761904763,210.6443118324826,66.0,543.0,44458.65899376417,0.4894704414850654,1.5603260125085725,0.0001832644144693854,5.881954709688823,29,0.0,1.0,0.0,0.0,1.0,1.0,6506.517241379311,14271.506555131138,0.0033793103448275,0.0051689643670491,benign
6.888731956481934,17.666666666666668,214.29404761904763,210.6443118324826,66.0,543.0,44458.65899376417,0.4894704414850654,1.5603260125085725,0.0001832644144693854,5.881954709688823,2,0.0,1.0,0.0,0.0,1.0,1.0,1005.0,145.0,0.001,0.0,benign
6.888731956481934,17.666666666666668,214.29404761904763,210.6443118324826,66.0,543.0,44458.65899376417,0.4894704414850654,1.5603260125085725,0.0001832644144693854,5.881954709688823,1,0.0,1.0,0.0,0.0,1.0,1.0,9055.0,0.0,0.024,0.0,benign
6.888731956481934,17.666666666666668,214.29404761904763,210.6443118324826,66.0,543.0,44458.65899376417,0.4894704414850654,1.5603260125085725,0.0001832644144693854,5.881954709688823,1,0.0,1.0,0.0,0.0,1.0,1.0,9055.0,0.0,0.021,0.0,benign
10.433058857917786,17.666666666666668,209.88431113186013,206.71604692300335,66.0,540.3333333333334,43217.94151038431,0.6722997811294854,2.1988237130977386,0.00016514460245767318,8.647822578748068,29,0.0,1.0,0.0,0.0,1.0,1.0,6506.517241379311,14271.506555131138,0.0043448275862068,0.008518846700593,benign
10.433058857917786,17.666666666666668,209.88431113186013,206.71604692300335,66.0,540.3333333333334,43217.94151038431,0.6722997811294854,2.1988237130977386,0.00016514460245767318,8.647822578748068,2,0.0,1.0,0.0,0.0,1.0,1.0,1005.0,145.0,0.0015,0.0005,benign
10.433058857917786,17.666666666666668,209.88431113186013,206.71604692300335,66.0,540.3333333333334,43217.94151038431,0.6722997811294854,2.1988237130977386,0.00016514460245767318,8.647822578748068,1,0.0,1.0,0.0,0.0,1.0,1.0,9055.0,0.0,0.023,0.0,benign
10.433058857917786,17.666666666666668,209.88431113186013,206.71604692300335,66.0,540.3333333333334,43217.94151038431,0.6722997811294854,2.1988237130977386,0.00016514460245767318,8.647822578748068,1,0.0,1.0,0.0,0.0,1.0,1.0,9055.0,0.0,0.031,0.0,benign
10.433058857917786,17.666666666666668,209.88431113186013,206.71604692300335,66.0,540.3333333333334,43217.94151038431,0.6722997811294854,2.1988237130977386,0.00016514460245767318,8.647822578748068,1,0.0,1.0,0.0,0.0,1.0,1.0,9055.0,0.0,0.021,0.0,benign
20.96015226840973,20.333333333333332,221.57394179894177,214.1140933357508,66.0,548.0,45960.67647696734,1.3414698775410911,4.404986182443362,0.00026603539784745336,17.23933931191762,29,0.0,1.0,0.0,0.0,1.0,1.0,6506.517241379311,14271.506555131138,0.0035862068965517,0.0079676814495392,benign
20.96015226840973,20.333333333333332,221.57394179894177,214.1140933357508,66.0,548.0,45960.67647696734,1.3414698775410911,4.404986182443362,0.00026603539784745336,17.23933931191762,2,0.0,1.0,0.0,0.0,1.0,1.0,1005.0,145.0,0.0015,0.0005,benign
20.96015226840973,20.333333333333332,221.57394179894177,214.1140933357508,66.0,548.0,45960.67647696734,1.3414698775410911,4.404986182443362,0.00026603539784745336,17.23933931191762,7,0.1428571428571428,0.8571428571428571,0.0,0.0,1.0,1.0,292.57142857142856,163.28927630160544,0.0014285714285714,0.0004948716593053,benign
20.96015226840973,20.333333333333332,221.57394179894177,214.1140933357508,66.0,548.0,45960.67647696734,1.3414698775410911,4.404986182443362,0.00026603539784745336,17.23933931191762,1,0.0,1.0,0.0,0.0,1.0,1.0,682.0,0.0,0.002,0.0,benign
20.96015226840973,20.333333333333332,221.57394179894177,214.1140933357508,66.0,548.0,45960.67647696734,1.3414698775410911,4.404986182443362,0.00026603539784745336,17.23933931191762,1,0.0,1.0,0.0,0.0,1.0,1.0,9055.0,0.0,0.019,0.0,benign
20.96015226840973,20.333333333333332,221.57394179894177,214.1140933357508,66.0,548.0,45960.67647696734,1.3414698775410911,4.404986182443362,0.00026603539784745336,17.23933931191762,1,0.0,1.0,0.0,0.0,1.0,1.0,9055.0,0.0,0.018,0.0,benign
20.96015226840973,20.333333333333332,221.57394179894177,214.1140933357508,66.0,548.0,45960.67647696734,1.3414698775410911,4.404986182443362,0.00026603539784745336,17.23933931191762,1,0.0,1.0,0.0,0.0,1.0,1.0,9055.0,0.0,0.016,0.0,benign
10.527255773544312,19.5,216.97632769263518,208.46741696558226,66.0,544.6666666666666,43998.32371293457,0.6353248816341704,2.08041995451215,0.00018600622812903775,8.354100346565247,4,0.0,1.0,0.0,0.0,1.0,1.0,3140.25,3457.4540759784504,0.0075,0.0106887791632159,benign
10.527255773544312,19.5,216.97632769263518,208.46741696558226,66.0,544.6666666666666,43998.32371293457,0.6353248816341704,2.08041995451215,0.00018600622812903775,8.354100346565247,27,0.0,1.0,0.0,0.0,1.0,1.0,6597.703703703704,14749.52483306148,0.0032592592592592,0.0073211646138544,benign
10.527255773544312,19.5,216.97632769263518,208.46741696558226,66.0,544.6666666666666,43998.32371293457,0.6353248816341704,2.08041995451215,0.00018600622812903775,8.354100346565247,1,0.0,1.0,0.0,0.0,1.0,1.0,9055.0,0.0,0.029,0.0,benign
10.527255773544312,19.5,216.97632769263518,208.46741696558226,66.0,544.6666666666666,43998.32371293457,0.6353248816341704,2.08041995451215,0.00018600622812903775,8.354100346565247,1,0.0,1.0,0.0,0.0,1.0,1.0,682.0,0.0,0.002,0.0,benign
10.527255773544312,19.5,216.97632769263518,208.46741696558226,66.0,544.6666666666666,43998.32371293457,0.6353248816341704,2.08041995451215,0.00018600622812903775,8.354100346565247,6,0.1666666666666666,0.8333333333333334,0.0,0.0,1.0,1.0,227.66666666666663,40.23541833868375,0.0011666666666666,0.0003726779962499,benign
10.527255773544312,19.5,216.97632769263518,208.46741696558226,66.0,544.6666666666666,43998.32371293457,0.6353248816341704,2.08041995451215,0.00018600622812903775,8.354100346565247,1,0.0,1.0,0.0,0.0,1.0,1.0,9055.0,0.0,0.019,0.0,benign
10.099765499432882,19.166666666666668,217.1127700568093,210.74896747495396,66.0,543.8333333333334,44600.51004530237,0.638928615737271,2.071010899476814,0.00016733010609942215,8.118430654207865,29,0.0,1.0,0.0,0.0,1.0,1.0,6506.793103448276,14272.919947202912,0.0028620689655172,0.0058174774597967,benign
10.099765499432882,19.166666666666668,217.1127700568093,210.74896747495396,66.0,543.8333333333334,44600.51004530237,0.638928615737271,2.071010899476814,0.00016733010609942215,8.118430654207865,2,0.0,1.0,0.0,0.0,1.0,1.0,1005.0,145.0,0.001,0.0,benign
10.099765499432882,19.166666666666668,217.1127700568093,210.74896747495396,66.0,543.8333333333334,44600.51004530237,0.638928615737271,2.071010899476814,0.00016733010609942215,8.118430654207865,1,0.0,1.0,0.0,0.0,1.0,1.0,9055.0,0.0,0.02,0.0,benign
10.099765499432882,19.166666666666668,217.1127700568093,210.74896747495396,66.0,543.8333333333334,44600.51004530237,0.638928615737271,2.071010899476814,0.00016733010609942215,8.118430654207865,7,0.1428571428571428,0.8571428571428571,0.0,0.0,1.0,1.0,292.57142857142856,163.28927630160544,0.0012857142857142,0.0004517539514526,benign
15.22161853313446,20.166666666666668,219.77839907006577,211.3480462576382,66.0,548.0,45061.45050382766,0.8749632307735179,2.9599328613682925,0.00018461545308428855,12.314364830652872,11,0.0,1.0,0.0,0.0,1.0,1.0,4342.818181818182,5360.549171632288,0.0041818181818181,0.0082442065809124,benign
15.22161853313446,20.166666666666668,219.77839907006577,211.3480462576382,66.0,548.0,45061.45050382766,0.8749632307735179,2.9599328613682925,0.00018461545308428855,12.314364830652872,20,0.0,1.0,0.0,0.0,1.0,1.0,7146.4,16720.34632536061,0.0035,0.0084053554356731,benign
15.22161853313446,20.166666666666668,219.77839907006577,211.3480462576382,66.0,548.0,45061.45050382766,0.8749632307735179,2.9599328613682925,0.00018461545308428855,12.314364830652872,1,0.0,1.0,0.0,0.0,1.0,1.0,9055.0,0.0,0.018,0.0,benign
15.22161853313446,20.166666666666668,219.77839907006577,211.3480462576382,66.0,548.0,45061.45050382766,0.8749632307735179,2.9599328613682925,0.00018461545308428855,12.314364830652872,7,0.1428571428571428,0.8571428571428571,0.0,0.0,1.0,1.0,292.57142857142856,163.28927630160544,0.0012857142857142,0.0008806305718527,benign
15.22161853313446,20.166666666666668,219.77839907006577,211.3480462576382,66.0,548.0,45061.45050382766,0.8749632307735179,2.9599328613682925,0.00018461545308428855,12.314364830652872,1,0.0,1.0,0.0,0.0,1.0,1.0,682.0,0.0,0.003,0.0,benign
15.22161853313446,20.166666666666668,219.77839907006577,211.3480462576382,66.0,548.0,45061.45050382766,0.8749632307735179,2.9599328613682925,0.00018461545308428855,12.314364830652872,1,0.0,1.0,0.0,0.0,1.0,1.0,682.0,0.0,0.002,0.0,benign
15.020393013954163,19.333333333333332,222.12377645502644,215.1828098340466,66.0,548.8333333333334,46339.32394462684,0.9872952458949086,2.7467379591191636,0.00015910466512042266,10.611423333485922,6,0.0,1.0,0.0,0.0,1.0,1.0,2711.0,2987.81307982946,0.0068333333333333,0.0099233170977361,benign
15.020393013954163,19.333333333333332,222.12377645502644,215.1828098340466,66.0,548.8333333333334,46339.32394462684,0.9872952458949086,2.7467379591191636,0.00015910466512042266,10.611423333485922,23,0.0,1.0,0.0,0.0,1.0,1.0,7496.652173913043,15803.212066480266,0.0039130434782608,0.0088313327738981,benign
15.020393013954163,19.333333333333332,222.12377645502644,215.1828098340466,66.0,548.8333333333334,46339.32394462684,0.9872952458949086,2.7467379591191636,0.00015910466512042266,10.611423333485922,2,0.0,1.0,0.0,0.0,1.0,1.0,1005.0,145.0,0.0015,0.0005,benign
15.020393013954163,19.333333333333332,222.12377645502644,215.1828098340466,66.0,548.8333333333334,46339.32394462684,0.9872952458949086,2.7467379591191636,0.00015910466512042266,10.611423333485922,1,0.0,1.0,0.0,0.0,1.0,1.0,682.0,0.0,0.002,0.0,benign
15.020393013954163,19.333333333333332,222.12377645502644,215.1828098340466,66.0,548.8333333333334,46339.32394462684,0.9872952458949086,2.7467379591191636,0.00015910466512042266,10.611423333485922,6,0.1666666666666666,0.8333333333333334,0.0,0.0,1.0,1.0,227.66666666666663,40.23541833868375,0.0015,0.0007637626158259,benign
15.020393013954163,19.333333333333332,222.12377645502644,215.1828098340466,66.0,548.8333333333334,46339.32394462684,0.9872952458949086,2.7467379591191636,0.00015910466512042266,10.611423333485922,1,0.0,1.0,0.0,0.0,1.0,1.0,9055.0,0.0,0.144,0.0,benign
15.020393013954163,19.333333333333332,222.12377645502644,215.1828098340466,66.0,548.8333333333334,46339.32394462684,0.9872952458949086,2.7467379591191636,0.00015910466512042266,10.611423333485922,1,0.0,1.0,0.0,0.0,1.0,1.0,682.0,0.0,0.004,0.0,benign
18.183830499649048,24.5,242.84587813620072,214.22008151213726,66.0,539.0,45913.387976773156,0.837231041169634,2.6033405091686035,0.00011050701141355313,11.665125608444214,7,0.1428571428571428,0.8571428571428571,0.0,0.0,1.0,1.0,292.57142857142856,163.28927630160544,0.0014285714285714,0.0007284313590846,benign
18.183830499649048,24.5,242.84587813620072,214.22008151213726,66.0,539.0,45913.387976773156,0.837231041169634,2.6033405091686035,0.00011050701141355313,11.665125608444214,1,0.0,1.0,0.0,0.0,1.0,1.0,682.0,0.0,0.002,0.0,benign
14.004493196805319,20.5,213.3255347523528,204.61445679507005,66.0,541.3333333333334,42367.168290086855,0.7786609799995179,2.538041723399578,0.00017583370208739424,10.359238545099894,31,0.0,1.0,0.0,0.0,1.0,1.0,6151.580645161291,13869.519999541795,0.0045806451612903,0.0071109828436807,benign
14.004493196805319,20.5,213.3255347523528,204.61445679507005,66.0,541.3333333333334,42367.168290086855,0.7786609799995179,2.538041723399578,0.00017583370208739424,10.359238545099894,1,0.0,1.0,0.0,0.0,1.0,1.0,9055.0,0.0,0.013,0.0,benign
14.004493196805319,20.5,213.3255347523528,204.61445679507005,66.0,541.3333333333334,42367.168290086855,0.7786609799995179,2.538041723399578,0.00017583370208739424,10.359238545099894,1,0.0,1.0,0.0,0.0,1.0,1.0,9055.0,0.0,0.019,0.0,benign
14.004493196805319,20.5,213.3255347523528,204.61445679507005,66.0,541.3333333333334,42367.168290086855,0.7786609799995179,2.538041723399578,0.00017583370208739424,10.359238545099894,1,0.0,1.0,0.0,0.0,1.0,1.0,9055.0,0.0,0.02,0.0,benign
9.918096820513407,19.833333333333332,213.7319847670251,206.76273562027458,66.0,546.5,43405.44420548606,0.5895584636581255,1.9577104384122013,6.584326426187292e-05,7.902660886446635,29,0.0,1.0,0.0,0.0,1.0,1.0,6506.517241379311,14271.506555131138,0.0034827586206896,0.0067498183355128,benign
9.918096820513407,19.833333333333332,213.7319847670251,206.76273562027458,66.0,546.5,43405.44420548606,0.5895584636581255,1.9577104384122013,6.584326426187292e-05,7.902660886446635,2,0.0,1.0,0.0,0.0,1.0,1.0,1005.0,145.0,0.0005,0.0005,benign
9.918096820513407,19.833333333333332,213.7319847670251,206.76273562027458,66.0,546.5,43405.44420548606,0.5895584636581255,1.9577104384122013,6.584326426187292e-05,7.902660886446635,1,0.0,1.0,0.0,0.0,1.0,1.0,9055.0,0.0,0.012,0.0,benign
9.918096820513407,19.833333333333332,213.7319847670251,206.76273562027458,66.0,546.5,43405.44420548606,0.5895584636581255,1.9577104384122013,6.584326426187292e-05,7.902660886446635,7,0.1428571428571428,0.8571428571428571,0.0,0.0,1.0,1.0,292.57142857142856,163.28927630160544,0.0008571428571428,0.0006388765649999,benign
9.918096820513407,19.833333333333332,213.7319847670251,206.76273562027458,66.0,546.5,43405.44420548606,0.5895584636581255,1.9577104384122013,6.584326426187292e-05,7.902660886446635,1,0.0,1.0,0.0,0.0,1.0,1.0,9055.0,0.0,0.02,0.0,benign
12.72781753540039,33.0,239.78571428571428,223.22346617993895,66.0,573.0,49866.695861678,0.43158390817814135,1.3585314741515804,0.00013744831085200313,6.150130987167358,1,0.0,1.0,0.0,0.0,1.0,1.0,9055.0,0.0,0.016,0.0,benign
12.673416177431742,19.333333333333332,219.88095238095238,213.10715079496185,66.0,547.0,45481.005054799694,0.8808309062512224,2.7760497758430707,0.0002117951711018354,10.298896511395773,30,0.0,1.0,0.0,0.0,1.0,1.0,6054.8,14088.48264458123,0.0031666666666666,0.0061594552428675,benign
12.673416177431742,19.333333333333332,219.88095238095238,213.10715079496185,66.0,547.0,45481.005054799694,0.8808309062512224,2.7760497758430707,0.0002117951711018354,10.298896511395773,1,0.0,1.0,0.0,0.0,1.0,1.0,9055.0,0.0,0.02,0.0,benign
12.673416177431742,19.333333333333332,219.88095238095238,213.10715079496185,66.0,547.0,45481.005054799694,0.8808309062512224,2.7760497758430707,0.0002117951711018354,10.298896511395773,7,0.1428571428571428,0.8571428571428571,0.0,0.0,1.0,1.0,292.57142857142856,163.28927630160544,0.0014285714285714,0.0004948716593053,benign
12.673416177431742,19.333333333333332,219.88095238095238,213.10715079496185,66.0,547.0,45481.005054799694,0.8808309062512224,2.7760497758430707,0.0002117951711018354,10.298896511395773,1,0.0,1.0,0.0,0.0,1.0,1.0,682.0,0.0,0.002,0.0,benign
9.271018902460733,19.333333333333332,219.3019374416433,210.65102244501065,66.0,543.1666666666666,44713.72634813729,0.5854009914277779,1.924894493918566,0.00018727779388423853,7.7138661940892534,10,0.0,1.0,0.0,0.0,1.0,1.0,4502.2,5597.2857672268265,0.0083,0.0199351448452224,benign
9.271018902460733,19.333333333333332,219.3019374416433,210.65102244501065,66.0,543.1666666666666,44713.72634813729,0.5854009914277779,1.924894493918566,0.00018727779388423853,7.7138661940892534,21,0.0,1.0,0.0,0.0,1.0,1.0,6937.0,16344.23727772196,0.0032857142857142,0.0067056682287865,benign
9.271018902460733,19.333333333333332,219.3019374416433,210.65102244501065,66.0,543.1666666666666,44713.72634813729,0.5854009914277779,1.924894493918566,0.00018727779388423853,7.7138661940892534,6,0.0,1.0,0.0,0.0,1.0,1.0,299.3333333333333,175.46287989834835,0.001,0.0005773502691896,benign
9.271018902460733,19.333333333333332,219.3019374416433,210.65102244501065,66.0,543.1666666666666,44713.72634813729,0.5854009914277779,1.924894493918566,0.00018727779388423853,7.7138661940892534,1,1.0,0.0,0.0,0.0,1.0,1.0,252.0,0.0,0.001,0.0,benign
9.271018902460733,19.333333333333332,219.3019374416433,210.65102244501065,66.0,543.1666666666666,44713.72634813729,0.5854009914277779,1.924894493918566,0.00018727779388423853,7.7138661940892534,1,0.0,1.0,0.0,0.0,1.0,1.0,9055.0,0.0,0.021,0.0,benign
9.271018902460733,19.333333333333332,219.3019374416433,210.65102244501065,66.0,543.1666666666666,44713.72634813729,0.5854009914277779,1.924894493918566,0.00018727779388423853,7.7138661940892534,1,0.0,1.0,0.0,0.0,1.0,1.0,9055.0,0.0,0.018,0.0,benign
12.196956356366476,17.666666666666668,212.1674823633157,210.56822282880543,66.0,543.0,44425.935879836674,0.8094801207732978,2.6971176069894303,9.675820668537136e-05,10.43324593702952,8,0.0,1.0,0.0,0.0,1.0,1.0,4750.75,6232.674822056739,0.003375,0.0041212103804586,benign
12.196956356366476,17.666666666666668,212.1674823633157,210.56822282880543,66.0,543.0,44425.935879836674,0.8094801207732978,2.6971176069894303,9.675820668537136e-05,10.43324593702952,23,0.0,1.0,0.0,0.0,1.0,1.0,6638.826086956522,15647.394912092286,0.003,0.0062762492260765,benign
12.196956356366476,17.666666666666668,212.1674823633157,210.56822282880543,66.0,543.0,44425.935879836674,0.8094801207732978,2.6971176069894303,9.675820668537136e-05,10.43324593702952,1,0.0,1.0,0.0,0.0,1.0,1.0,9055.0,0.0,0.022,0.0,benign
12.196956356366476,17.666666666666668,212.1674823633157,210.56822282880543,66.0,543.0,44425.935879836674,0.8094801207732978,2.6971176069894303,9.675820668537136e-05,10.43324593702952,1,0.0,1.0,0.0,0.0,1.0,1.0,9055.0,0.0,0.02,0.0,benign
12.196956356366476,17.666666666666668,212.1674823633157,210.56822282880543,66.0,543.0,44425.935879836674,0.8094801207732978,2.6971176069894303,9.675820668537136e-05,10.43324593702952,1,0.0,1.0,0.0,0.0,1.0,1.0,9055.0,0.0,0.016,0.0,benign
7.106837709744771,18.833333333333332,221.10384233821733,210.7999015063851,66.0,536.1666666666666,44497.89357671167,0.45708592640411494,1.5004582106361395,0.000220696131388319,5.93502147992452,2,0.0,1.0,0.0,0.0,1.0,1.0,5541.0,3514.0,0.0085,0.0075,benign
7.106837709744771,18.833333333333332,221.10384233821733,210.7999015063851,66.0,536.1666666666666,44497.89357671167,0.45708592640411494,1.5004582106361395,0.000220696131388319,5.93502147992452,29,0.0,1.0,0.0,0.0,1.0,1.0,6193.689655172414,14309.1214027095,0.0029310344827586,0.0057170708347759,benign
7.106837709744771,18.833333333333332,221.10384233821733,210.7999015063851,66.0,536.1666666666666,44497.89357671167,0.45708592640411494,1.5004582106361395,0.000220696131388319,5.93502147992452,1,0.0,1.0,0.0,0.0,1.0,1.0,9055.0,0.0,0.019,0.0,benign
7.106837709744771,18.833333333333332,221.10384233821733,210.7999015063851,66.0,536.1666666666666,44497.89357671167,0.45708592640411494,1.5004582106361395,0.000220696131388319,5.93502147992452,7,0.1428571428571428,0.8571428571428571,0.0,0.0,1.0,1.0,292.57142857142856,163.28927630160544,0.0012857142857142,0.0004517539514526,benign
17.895130157470703,20.666666666666668,216.48207049176878,209.90031712971697,66.0,541.8333333333334,44208.9078980195,1.05564474454881,3.6131867130748496,0.00013494491577147188,14.766231298446655,28,0.0,1.0,0.0,0.0,1.0,1.0,6525.107142857143,14523.774188105925,0.0031071428571428,0.0070322689171027,benign
17.895130157470703,20.666666666666668,216.48207049176878,209.90031712971697,66.0,541.8333333333334,44208.9078980195,1.05564474454881,3.6131867130748496,0.00013494491577147188,14.766231298446655,3,0.0,1.0,0.0,0.0,1.0,1.0,2665.333333333333,2351.048749435499,0.001,0.0,benign
17.895130157470703,20.666666666666668,216.48207049176878,209.90031712971697,66.0,541.8333333333334,44208.9078980195,1.05564474454881,3.6131867130748496,0.00013494491577147188,14.766231298446655,7,0.1428571428571428,0.8571428571428571,0.0,0.0,1.0,1.0,292.57142857142856,163.28927630160544,0.0012857142857142,0.0008806305718527,benign
17.895130157470703,20.666666666666668,216.48207049176878,209.90031712971697,66.0,541.8333333333334,44208.9078980195,1.05564474454881,3.6131867130748496,0.00013494491577147188,14.766231298446655,1,0.0,1.0,0.0,0.0,1.0,1.0,9055.0,0.0,0.014,0.0,benign
17.895130157470703,20.666666666666668,216.48207049176878,209.90031712971697,66.0,541.8333333333334,44208.9078980195,1.05564474454881,3.6131867130748496,0.00013494491577147188,14.766231298446655,1,0.0,1.0,0.0,0.0,1.0,1.0,9055.0,0.0,0.021,0.0,benign
17.895130157470703,20.666666666666668,216.48207049176878,209.90031712971697,66.0,541.8333333333334,44208.9078980195,1.05564474454881,3.6131867130748496,0.00013494491577147188,14.766231298446655,1,0.0,1.0,0.0,0.0,1.0,1.0,9055.0,0.0,0.021,0.0,benign
17.895130157470703,20.666666666666668,216.48207049176878,209.90031712971697,66.0,541.8333333333334,44208.9078980195,1.05564474454881,3.6131867130748496,0.00013494491577147188,14.766231298446655,1,0.0,1.0,0.0,0.0,1.0,1.0,682.0,0.0,0.002,0.0,benign
15.660870552062988,27.5,235.03125,214.70493346715256,66.0,545.5,46177.56598165761,0.6082422562009078,1.9267913008611601,9.5367431640625e-07,8.56741750240326,7,0.1428571428571428,0.8571428571428571,0.0,0.0,1.0,1.0,292.57142857142856,163.28927630160544,0.0011428571428571,0.0006388765649999,benign
14.441843708356222,20.666666666666668,217.08096340388008,210.32278575889214,66.0,540.8333333333334,44299.56324646372,0.8233867979415405,2.8745022255336288,0.00011650721232095417,11.87412134806315,31,0.0,1.0,0.0,0.0,1.0,1.0,6151.580645161291,13869.519999541795,0.0033225806451612,0.006234074403057,benign
14.441843708356222,20.666666666666668,217.08096340388008,210.32278575889214,66.0,540.8333333333334,44299.56324646372,0.8233867979415405,2.8745022255336288,0.00011650721232095417,11.87412134806315,1,0.0,1.0,0.0,0.0,1.0,1.0,9055.0,0.0,0.015,0.0,benign
14.441843708356222,20.666666666666668,217.08096340388008,210.32278575889214,66.0,540.8333333333334,44299.56324646372,0.8233867979415405,2.8745022255336288,0.00011650721232095417,11.87412134806315,1,0.0,1.0,0.0,0.0,1.0,1.0,9055.0,0.0,0.015,0.0,benign
14.441843708356222,20.666666666666668,217.08096340388008,210.32278575889214,66.0,540.8333333333334,44299.56324646372,0.8233867979415405,2.8745022255336288,0.00011650721232095417,11.87412134806315,1,0.0,1.0,0.0,0.0,1.0,1.0,9055.0,0.0,0.02,0.0,benign
14.441843708356222,20.666666666666668,217.08096340388008,210.32278575889214,66.0,540.8333333333334,44299.56324646372,0.8233867979415405,2.8745022255336288,0.00011650721232095417,11.87412134806315,1,0.0,1.0,0.0,0.0,1.0,1.0,9055.0,0.0,0.019,0.0,benign
11.179537932078043,19.166666666666668,218.00718294051626,209.39803660610096,66.0,535.3333333333334,43964.14423962785,0.7496586941253591,2.3790621871711006,0.00017094612121580416,8.982067346572876,20,0.0,1.0,0.0,0.0,1.0,1.0,7377.1,17097.455550168863,0.0037,0.0060008332754709,benign
11.179537932078043,19.166666666666668,218.00718294051626,209.39803660610096,66.0,535.3333333333334,43964.14423962785,0.7496586941253591,2.3790621871711006,0.00017094612121580416,8.982067346572876,11,0.0,1.0,0.0,0.0,1.0,1.0,3923.363636363637,1709.83769951352,0.001,2.1684043449710093e-19,benign
11.179537932078043,19.166666666666668,218.00718294051626,209.39803660610096,66.0,535.3333333333334,43964.14423962785,0.7496586941253591,2.3790621871711006,0.00017094612121580416,8.982067346572876,7,0.1428571428571428,0.8571428571428571,0.0,0.0,1.0,1.0,292.57142857142856,163.28927630160544,0.001,0.0,benign
11.179537932078043,19.166666666666668,218.00718294051626,209.39803660610096,66.0,535.3333333333334,43964.14423962785,0.7496586941253591,2.3790621871711006,0.00017094612121580416,8.982067346572876,1,0.0,1.0,0.0,0.0,1.0,1.0,682.0,0.0,0.002,0.0,benign
11.179537932078043,19.166666666666668,218.00718294051626,209.39803660610096,66.0,535.3333333333334,43964.14423962785,0.7496586941253591,2.3790621871711006,0.00017094612121580416,8.982067346572876,1,0.0,1.0,0.0,0.0,1.0,1.0,9055.0,0.0,0.02,0.0,benign
19.72493052482605,33.5,227.0909090909091,215.62941225022018,66.0,553.5,46496.23801652893,1.0775325442805435,2.495909429758924,0.00026452541351315313,8.459988951683044,7,0.1428571428571428,0.8571428571428571,0.0,0.0,1.0,1.0,292.57142857142856,163.28927630160544,0.001,0.0,benign
19.72493052482605,33.5,227.0909090909091,215.62941225022018,66.0,553.5,46496.23801652893,1.0775325442805435,2.495909429758924,0.00026452541351315313,8.459988951683044,1,0.0,1.0,0.0,0.0,1.0,1.0,682.0,0.0,0.003,0.0,benign
15.369194547335306,19.833333333333332,217.55480699855698,211.91347070732868,66.0,541.8333333333334,44921.66080562067,1.119053249753099,3.2384059107000858,0.00028300285339351875,11.447795828183493,31,0.0,1.0,0.0,0.0,1.0,1.0,6151.580645161291,13869.5199995418,0.0032903225806451,0.0049526372797706,benign
15.369194547335306,19.833333333333332,217.55480699855698,211.91347070732868,66.0,541.8333333333334,44921.66080562067,1.119053249753099,3.2384059107000858,0.00028300285339351875,11.447795828183493,1,0.0,1.0,0.0,0.0,1.0,1.0,9055.0,0.0,0.019,0.0,benign
15.369194547335306,19.833333333333332,217.55480699855698,211.91347070732868,66.0,541.8333333333334,44921.66080562067,1.119053249753099,3.2384059107000858,0.00028300285339351875,11.447795828183493,1,0.0,1.0,0.0,0.0,1.0,1.0,9055.0,0.0,0.017,0.0,benign
15.369194547335306,19.833333333333332,217.55480699855698,211.91347070732868,66.0,541.8333333333334,44921.66080562067,1.119053249753099,3.2384059107000858,0.00028300285339351875,11.447795828183493,1,0.0,1.0,0.0,0.0,1.0,1.0,9055.0,0.0,0.018,0.0,benign
14.083005626996359,20.333333333333332,215.14793992557145,207.67965651626204,66.0,540.5,43711.2272583395,0.9032342394926146,2.933576854734796,0.0001461903254190867,11.283546209335327,31,0.0,1.0,0.0,0.0,1.0,1.0,6151.580645161291,13869.5199995418,0.0031290322580645,0.0052960236787056,benign
14.083005626996359,20.333333333333332,215.14793992557145,207.67965651626204,66.0,540.5,43711.2272583395,0.9032342394926146,2.933576854734796,0.0001461903254190867,11.283546209335327,1,0.0,1.0,0.0,0.0,1.0,1.0,9055.0,0.0,0.018,0.0,benign
14.083005626996359,20.333333333333332,215.14793992557145,207.67965651626204,66.0,540.5,43711.2272583395,0.9032342394926146,2.933576854734796,0.0001461903254190867,11.283546209335327,1,0.0,1.0,0.0,0.0,1.0,1.0,9055.0,0.0,0.014,0.0,benign
14.083005626996359,20.333333333333332,215.14793992557145,207.67965651626204,66.0,540.5,43711.2272583395,0.9032342394926146,2.933576854734796,0.0001461903254190867,11.283546209335327,1,0.0,1.0,0.0,0.0,1.0,1.0,9055.0,0.0,0.013,0.0,benign
14.083005626996359,20.333333333333332,215.14793992557145,207.67965651626204,66.0,540.5,43711.2272583395,0.9032342394926146,2.933576854734796,0.0001461903254190867,11.283546209335327,7,0.1428571428571428,0.8571428571428571,0.0,0.0,1.0,1.0,292.57142857142856,163.28927630160544,0.0011428571428571,0.0003499271061118,benign
14.083005626996359,20.333333333333332,215.14793992557145,207.67965651626204,66.0,540.5,43711.2272583395,0.9032342394926146,2.933576854734796,0.0001461903254190867,11.283546209335327,1,0.0,1.0,0.0,0.0,1.0,1.0,9055.0,0.0,0.018,0.0,benign
15.851332545280457,18.333333333333332,213.80555555555554,211.4659118468126,66.0,541.6666666666666,44804.75420445957,1.1064236924815694,3.5902001244333985,0.00034221013387040106,13.607457160949707,31,0.0,1.0,0.0,0.0,1.0,1.0,6151.580645161291,13869.5199995418,0.0031612903225806,0.005978978088288,benign
15.851332545280457,18.333333333333332,213.80555555555554,211.4659118468126,66.0,541.6666666666666,44804.75420445957,1.1064236924815694,3.5902001244333985,0.00034221013387040106,13.607457160949707,1,0.0,1.0,0.0,0.0,1.0,1.0,9055.0,0.0,0.015,0.0,benign
15.851332545280457,18.333333333333332,213.80555555555554,211.4659118468126,66.0,541.6666666666666,44804.75420445957,1.1064236924815694,3.5902001244333985,0.00034221013387040106,13.607457160949707,1,0.0,1.0,0.0,0.0,1.0,1.0,9055.0,0.0,0.014,0.0,benign
15.851332545280457,18.333333333333332,213.80555555555554,211.4659118468126,66.0,541.6666666666666,44804.75420445957,1.1064236924815694,3.5902001244333985,0.00034221013387040106,13.607457160949707,1,0.0,1.0,0.0,0.0,1.0,1.0,9055.0,0.0,0.055,0.0,benign
15.851332545280457,18.333333333333332,213.80555555555554,211.4659118468126,66.0,541.6666666666666,44804.75420445957,1.1064236924815694,3.5902001244333985,0.00034221013387040106,13.607457160949707,1,0.0,1.0,0.0,0.0,1.0,1.0,9055.0,0.0,0.025,0.0,benign
16.56518618265788,20.5,219.55832824582822,213.9380392247484,66.0,546.5,45851.09134242286,1.0125244236732114,3.359253194200124,4.585584004719947e-05,13.400534828503927,11,0.0,1.0,0.0,0.0,1.0,1.0,4342.818181818182,5360.549171632288,0.0039090909090909,0.0058690954151159,benign
16.56518618265788,20.5,219.55832824582822,213.9380392247484,66.0,546.5,45851.09134242286,1.0125244236732114,3.359253194200124,4.585584004719947e-05,13.400534828503927,20,0.0,1.0,0.0,0.0,1.0,1.0,7146.4,16720.34632536061,0.00275,0.0062679741543819,benign
16.56518618265788,20.5,219.55832824582822,213.9380392247484,66.0,546.5,45851.09134242286,1.0125244236732114,3.359253194200124,4.585584004719947e-05,13.400534828503927,1,0.0,1.0,0.0,0.0,1.0,1.0,9055.0,0.0,0.026,0.0,benign
16.56518618265788,20.5,219.55832824582822,213.9380392247484,66.0,546.5,45851.09134242286,1.0125244236732114,3.359253194200124,4.585584004719947e-05,13.400534828503927,1,0.0,1.0,0.0,0.0,1.0,1.0,9055.0,0.0,0.027,0.0,benign
16.56518618265788,20.5,219.55832824582822,213.9380392247484,66.0,546.5,45851.09134242286,1.0125244236732114,3.359253194200124,4.585584004719947e-05,13.400534828503927,1,0.0,1.0,0.0,0.0,1.0,1.0,9055.0,0.0,0.025,0.0,benign
16.56518618265788,20.5,219.55832824582822,213.9380392247484,66.0,546.5,45851.09134242286,1.0125244236732114,3.359253194200124,4.585584004719947e-05,13.400534828503927,7,0.1428571428571428,0.8571428571428571,0.0,0.0,1.0,1.0,292.57142857142856,163.28927630160544,0.0011428571428571,0.0006388765649999,benign
16.56518618265788,20.5,219.55832824582822,213.9380392247484,66.0,546.5,45851.09134242286,1.0125244236732114,3.359253194200124,4.585584004719947e-05,13.400534828503927,1,0.0,1.0,0.0,0.0,1.0,1.0,9055.0,0.0,0.019,0.0,benign
15.549993316332499,20.5,213.76777648728867,205.3693973833971,66.0,534.6666666666666,42724.984709265496,0.9199847842188801,3.108825613788877,0.0001960198084513099,12.31954542795817,29,0.0,1.0,0.0,0.0,1.0,1.0,6506.517241379311,14271.506555131138,0.0035172413793103,0.0073934765731885,benign
15.549993316332499,20.5,213.76777648728867,205.3693973833971,66.0,534.6666666666666,42724.984709265496,0.9199847842188801,3.108825613788877,0.0001960198084513099,12.31954542795817,2,0.0,1.0,0.0,0.0,1.0,1.0,1005.0,145.0,0.001,0.0,benign
15.549993316332499,20.5,213.76777648728867,205.3693973833971,66.0,534.6666666666666,42724.984709265496,0.9199847842188801,3.108825613788877,0.0001960198084513099,12.31954542795817,1,0.0,1.0,0.0,0.0,1.0,1.0,9055.0,0.0,0.016,0.0,benign
15.549993316332499,20.5,213.76777648728867,205.3693973833971,66.0,534.6666666666666,42724.984709265496,0.9199847842188801,3.108825613788877,0.0001960198084513099,12.31954542795817,7,0.1428571428571428,0.8571428571428571,0.0,0.0,1.0,1.0,292.57142857142856,163.28927630160544,0.0015714285714285,0.0010497813183356,benign
15.549993316332499,20.5,213.76777648728867,205.3693973833971,66.0,534.6666666666666,42724.984709265496,0.9199847842188801,3.108825613788877,0.0001960198084513099,12.31954542795817,1,0.0,1.0,0.0,0.0,1.0,1.0,9055.0,0.0,0.029,0.0,benign
15.549993316332499,20.5,213.76777648728867,205.3693973833971,66.0,534.6666666666666,42724.984709265496,0.9199847842188801,3.108825613788877,0.0001960198084513099,12.31954542795817,1,0.0,1.0,0.0,0.0,1.0,1.0,9055.0,0.0,0.02,0.0,benign
15.549993316332499,20.5,213.76777648728867,205.3693973833971,66.0,534.6666666666666,42724.984709265496,0.9199847842188801,3.108825613788877,0.0001960198084513099,12.31954542795817,1,0.0,1.0,0.0,0.0,1.0,1.0,9055.0,0.0,0.023,0.0,benign
18.005359053611755,23.5,241.09674329501917,213.73863053909812,66.0,537.0,45704.09718185288,0.8504109725731763,3.270590727736226,0.0002546310424804539,15.580330610275269,4,0.0,1.0,0.0,0.0,1.0,1.0,318.75,211.9662414159387,0.00125,0.0004330127018922,benign
18.005359053611755,23.5,241.09674329501917,213.73863053909812,66.0,537.0,45704.09718185288,0.8504109725731763,3.270590727736226,0.0002546310424804539,15.580330610275269,3,0.3333333333333333,0.6666666666666666,0.0,0.0,1.0,1.0,257.6666666666667,13.27487183449325,0.001,0.0,benign
16.784918745358784,20.0,216.127574043666,207.3252916090427,66.0,540.8333333333334,43314.470255513595,1.0224381010960595,3.3677602512846914,0.00020456314086912003,13.826495011647543,16,0.0,1.0,0.0,0.0,1.0,1.0,8548.5,18917.35734715608,0.008625,0.0165184555876147,benign
16.784918745358784,20.0,216.127574043666,207.3252916090427,66.0,540.8333333333334,43314.470255513595,1.0224381010960595,3.3677602512846914,0.00020456314086912003,13.826495011647543,15,0.0,1.0,0.0,0.0,1.0,1.0,3594.866666666667,1778.2620304355848,0.0018,0.0008326663997864,benign
16.784918745358784,20.0,216.127574043666,207.3252916090427,66.0,540.8333333333334,43314.470255513595,1.0224381010960595,3.3677602512846914,0.00020456314086912003,13.826495011647543,1,0.0,1.0,0.0,0.0,1.0,1.0,9055.0,0.0,0.02,0.0,benign
16.784918745358784,20.0,216.127574043666,207.3252916090427,66.0,540.8333333333334,43314.470255513595,1.0224381010960595,3.3677602512846914,0.00020456314086912003,13.826495011647543,1,0.0,1.0,0.0,0.0,1.0,1.0,9055.0,0.0,0.051,0.0,benign
16.784918745358784,20.0,216.127574043666,207.3252916090427,66.0,540.8333333333334,43314.470255513595,1.0224381010960595,3.3677602512846914,0.00020456314086912003,13.826495011647543,1,0.0,1.0,0.0,0.0,1.0,1.0,9055.0,0.0,0.025,0.0,benign
12.34677243232727,17.2,221.31398809523807,208.17879270262605,66.0,528.4,43342.51396639385,0.8707884443981395,2.5775834852089345,0.0002705574035644025,10.24748215675354,7,0.1428571428571428,0.8571428571428571,0.0,0.0,1.0,1.0,292.57142857142856,163.28927630160544,0.0014285714285714,0.0004948716593053,benign
12.055766860644022,19.666666666666668,221.8970734126984,210.11906782157598,66.0,535.0,44172.26619595321,0.7826502574405345,2.2748144603689817,0.00022562344868973643,9.055884599685669,26,0.0,1.0,0.0,0.0,1.0,1.0,6716.961538461538,15054.488041472165,0.0053846153846153,0.008966076764359,benign
12.055766860644022,19.666666666666668,221.8970734126984,210.11906782157598,66.0,535.0,44172.26619595321,0.7826502574405345,2.2748144603689817,0.00022562344868973643,9.055884599685669,5,0.0,1.0,0.0,0.0,1.0,1.0,3211.6,1957.7944325183887,0.001,0.0,benign
12.055766860644022,19.666666666666668,221.8970734126984,210.11906782157598,66.0,535.0,44172.26619595321,0.7826502574405345,2.2748144603689817,0.00022562344868973643,9.055884599685669,1,0.0,1.0,0.0,0.0,1.0,1.0,9055.0,0.0,0.016,0.0,benign
12.055766860644022,19.666666666666668,221.8970734126984,210.11906782157598,66.0,535.0,44172.26619595321,0.7826502574405345,2.2748144603689817,0.00022562344868973643,9.055884599685669,1,0.0,1.0,0.0,0.0,1.0,1.0,9055.0,0.0,0.02,0.0,benign
12.055766860644022,19.666666666666668,221.8970734126984,210.11906782157598,66.0,535.0,44172.26619595321,0.7826502574405345,2.2748144603689817,0.00022562344868973643,9.055884599685669,1,0.0,1.0,0.0,0.0,1.0,1.0,9055.0,0.0,0.02,0.0,benign
12.055766860644022,19.666666666666668,221.8970734126984,210.11906782157598,66.0,535.0,44172.26619595321,0.7826502574405345,2.2748144603689817,0.00022562344868973643,9.055884599685669,1,0.0,1.0,0.0,0.0,1.0,1.0,9055.0,0.0,0.032,0.0,benign
10.106537938117981,29.5,224.19622093023256,209.6547290372029,66.0,533.5,43956.56979701866,0.45800673393976116,1.2267912501994456,0.00018346309661860312,4.615075588226318,7,0.1428571428571428,0.8571428571428571,0.0,0.0,1.0,1.0,292.57142857142856,163.28927630160544,0.0011428571428571,0.000832993127835,benign
10.106537938117981,29.5,224.19622093023256,209.6547290372029,66.0,533.5,43956.56979701866,0.45800673393976116,1.2267912501994456,0.00018346309661860312,4.615075588226318,1,0.0,1.0,0.0,0.0,1.0,1.0,682.0,0.0,0.003,0.0,benign
6.265467842419942,18.833333333333332,219.0296926910299,210.9530301428406,66.0,536.3333333333334,44510.85007973184,0.3856287747803479,1.121402759628058,0.00022164980570470207,4.180731495221456,29,0.0,1.0,0.0,0.0,1.0,1.0,6506.517241379311,14271.506555131138,0.0036206896551724,0.0072654771450377,benign
6.265467842419942,18.833333333333332,219.0296926910299,210.9530301428406,66.0,536.3333333333334,44510.85007973184,0.3856287747803479,1.121402759628058,0.00022164980570470207,4.180731495221456,2,0.0,1.0,0.0,0.0,1.0,1.0,1005.0,145.0,0.001,0.0,benign
15.820606589317322,20.0,222.05556169836356,210.7593867128295,66.0,548.8333333333334,45051.14099119156,0.9125770613098303,2.432526230938885,0.00024851163228350103,9.181355277697245,13,0.0,1.0,0.0,0.0,1.0,1.0,4251.692307692308,4939.870013621743,0.0053846153846153,0.0061960094048006,benign
15.820606589317322,20.0,222.05556169836356,210.7593867128295,66.0,548.8333333333334,45051.14099119156,0.9125770613098303,2.432526230938885,0.00024851163228350103,9.181355277697245,18,0.0,1.0,0.0,0.0,1.0,1.0,7523.722222222223,17583.493903865747,0.0037222222222222,0.0093500181553926,benign
15.820606589317322,20.0,222.05556169836356,210.7593867128295,66.0,548.8333333333334,45051.14099119156,0.9125770613098303,2.432526230938885,0.00024851163228350103,9.181355277697245,1,0.0,1.0,0.0,0.0,1.0,1.0,9055.0,0.0,0.016,0.0,benign
15.820606589317322,20.0,222.05556169836356,210.7593867128295,66.0,548.8333333333334,45051.14099119156,0.9125770613098303,2.432526230938885,0.00024851163228350103,9.181355277697245,1,0.0,1.0,0.0,0.0,1.0,1.0,9055.0,0.0,0.025,0.0,benign
15.820606589317322,20.0,222.05556169836356,210.7593867128295,66.0,548.8333333333334,45051.14099119156,0.9125770613098303,2.432526230938885,0.00024851163228350103,9.181355277697245,1,0.0,1.0,0.0,0.0,1.0,1.0,682.0,0.0,0.002,0.0,benign
15.820606589317322,20.0,222.05556169836356,210.7593867128295,66.0,548.8333333333334,45051.14099119156,0.9125770613098303,2.432526230938885,0.00024851163228350103,9.181355277697245,6,0.1666666666666666,0.8333333333333334,0.0,0.0,1.0,1.0,227.66666666666663,40.23541833868375,0.0008333333333333,0.0003726779962499,benign
15.820606589317322,20.0,222.05556169836356,210.7593867128295,66.0,548.8333333333334,45051.14099119156,0.9125770613098303,2.432526230938885,0.00024851163228350103,9.181355277697245,1,0.0,1.0,0.0,0.0,1.0,1.0,682.0,0.0,0.002,0.0,benign
15.820606589317322,20.0,222.05556169836356,210.7593867128295,66.0,548.8333333333334,45051.14099119156,0.9125770613098303,2.432526230938885,0.00024851163228350103,9.181355277697245,1,0.0,1.0,0.0,0.0,1.0,1.0,682.0,0.0,0.003,0.0,benign
9.871193210283915,17.5,210.61099240265904,206.90900201976604,66.0,532.5,42886.50589576857,0.6867323077919879,2.21009946558447,0.0001633167266845531,8.47441299756368,29,0.0,1.0,0.0,0.0,1.0,1.0,6506.517241379311,14271.50655513114,0.0039655172413793,0.0070195920827583,benign
9.871193210283915,17.5,210.61099240265904,206.90900201976604,66.0,532.5,42886.50589576857,0.6867323077919879,2.21009946558447,0.0001633167266845531,8.47441299756368,2,0.0,1.0,0.0,0.0,1.0,1.0,1005.0,145.0,0.001,0.0,benign
9.871193210283915,17.5,210.61099240265904,206.90900201976604,66.0,532.5,42886.50589576857,0.6867323077919879,2.21009946558447,0.0001633167266845531,8.47441299756368,1,0.0,1.0,0.0,0.0,1.0,1.0,9055.0,0.0,0.023,0.0,benign
9.871193210283915,17.5,210.61099240265904,206.90900201976604,66.0,532.5,42886.50589576857,0.6867323077919879,2.21009946558447,0.0001633167266845531,8.47441299756368,1,0.0,1.0,0.0,0.0,1.0,1.0,9055.0,0.0,0.015,0.0,benign
9.871193210283915,17.5,210.61099240265904,206.90900201976604,66.0,532.5,42886.50589576857,0.6867323077919879,2.21009946558447,0.0001633167266845531,8.47441299756368,1,0.0,1.0,0.0,0.0,1.0,1.0,9055.0,0.0,0.02,0.0,benign
13.019243955612183,22.5,239.25925925925924,213.07144448051253,66.0,539.0,45402.192729766815,0.6327795782779677,2.290483168272493,0.00013542175292965625,10.693491578102112,7,0.1428571428571428,0.8571428571428571,0.0,0.0,1.0,1.0,292.57142857142856,163.28927630160544,0.0012857142857142,0.0004517539514526,benign
11.720633665720621,19.166666666666668,223.63061167227832,211.45511295648657,66.0,543.6666666666666,44890.692256341,0.7145377851480373,2.327817981298159,0.0003334681193033532,9.471062898635864,29,0.0,1.0,0.0,0.0,1.0,1.0,6506.517241379311,14271.506555131138,0.0032413793103448,0.0061959673894079,benign
11.720633665720621,19.166666666666668,223.63061167227832,211.45511295648657,66.0,543.6666666666666,44890.692256341,0.7145377851480373,2.327817981298159,0.0003334681193033532,9.471062898635864,2,0.0,1.0,0.0,0.0,1.0,1.0,1005.0,145.0,0.001,0.0,benign
11.720633665720621,19.166666666666668,223.63061167227832,211.45511295648657,66.0,543.6666666666666,44890.692256341,0.7145377851480373,2.327817981298159,0.0003334681193033532,9.471062898635864,1,0.0,1.0,0.0,0.0,1.0,1.0,682.0,0.0,0.004,0.0,benign
11.720633665720621,19.166666666666668,223.63061167227832,211.45511295648657,66.0,543.6666666666666,44890.692256341,0.7145377851480373,2.327817981298159,0.0003334681193033532,9.471062898635864,1,0.0,1.0,0.0,0.0,1.0,1.0,682.0,0.0,0.002,0.0,benign
11.720633665720621,19.166666666666668,223.63061167227832,211.45511295648657,66.0,543.6666666666666,44890.692256341,0.7145377851480373,2.327817981298159,0.0003334681193033532,9.471062898635864,1,0.0,1.0,0.0,0.0,1.0,1.0,682.0,0.0,0.003,0.0,benign
17.7640806833903,20.5,216.98946208112878,208.79253514787135,66.0,548.0,44262.1088459753,1.078518299006834,3.624641554047685,0.00015048185984290548,14.537529667218527,29,0.0,1.0,0.0,0.0,1.0,1.0,6506.517241379311,14271.506555131138,0.0035862068965517,0.0061896311593041,benign
17.7640806833903,20.5,216.98946208112878,208.79253514787135,66.0,548.0,44262.1088459753,1.078518299006834,3.624641554047685,0.00015048185984290548,14.537529667218527,2,0.0,1.0,0.0,0.0,1.0,1.0,1005.0,145.0,0.001,0.0,benign
17.7640806833903,20.5,216.98946208112878,208.79253514787135,66.0,548.0,44262.1088459753,1.078518299006834,3.624641554047685,0.00015048185984290548,14.537529667218527,1,0.0,1.0,0.0,0.0,1.0,1.0,9055.0,0.0,0.027,0.0,benign
17.7640806833903,20.5,216.98946208112878,208.79253514787135,66.0,548.0,44262.1088459753,1.078518299006834,3.624641554047685,0.00015048185984290548,14.537529667218527,6,0.0,1.0,0.0,0.0,1.0,1.0,299.3333333333333,175.46287989834835,0.0018333333333333,0.0018633899812498,benign
17.7640806833903,20.5,216.98946208112878,208.79253514787135,66.0,548.0,44262.1088459753,1.078518299006834,3.624641554047685,0.00015048185984290548,14.537529667218527,1,1.0,0.0,0.0,0.0,1.0,1.0,252.0,0.0,0.001,0.0,benign
17.7640806833903,20.5,216.98946208112878,208.79253514787135,66.0,548.0,44262.1088459753,1.078518299006834,3.624641554047685,0.00015048185984290548,14.537529667218527,1,0.0,1.0,0.0,0.0,1.0,1.0,682.0,0.0,0.002,0.0,benign
17.7640806833903,20.5,216.98946208112878,208.79253514787135,66.0,548.0,44262.1088459753,1.078518299006834,3.624641554047685,0.00015048185984290548,14.537529667218527,1,0.0,1.0,0.0,0.0,1.0,1.0,682.0,0.0,0.003,0.0,benign
17.7640806833903,20.5,216.98946208112878,208.79253514787135,66.0,548.0,44262.1088459753,1.078518299006834,3.624641554047685,0.00015048185984290548,14.537529667218527,1,0.0,1.0,0.0,0.0,1.0,1.0,9055.0,0.0,0.021,0.0,benign
20.09478795528412,19.333333333333332,202.60881826506827,203.53382503929026,66.0,534.3333333333334,41578.4602920456,1.2629212551198188,4.270636482147823,4.8995018005360936e-05,16.882744948069256,29,0.0,1.0,0.0,0.0,1.0,1.0,6506.517241379311,14271.506555131138,0.0040344827586206,0.007165447545378,benign
20.09478795528412,19.333333333333332,202.60881826506827,203.53382503929026,66.0,534.3333333333334,41578.4602920456,1.2629212551198188,4.270636482147823,4.8995018005360936e-05,16.882744948069256,2,0.0,1.0,0.0,0.0,1.0,1.0,1005.0,145.0,0.0015,0.0005,benign
20.09478795528412,19.333333333333332,202.60881826506827,203.53382503929026,66.0,534.3333333333334,41578.4602920456,1.2629212551198188,4.270636482147823,4.8995018005360936e-05,16.882744948069256,1,0.0,1.0,0.0,0.0,1.0,1.0,9055.0,0.0,0.022,0.0,benign
20.09478795528412,19.333333333333332,202.60881826506827,203.53382503929026,66.0,534.3333333333334,41578.4602920456,1.2629212551198188,4.270636482147823,4.8995018005360936e-05,16.882744948069256,1,0.0,1.0,0.0,0.0,1.0,1.0,9055.0,0.0,0.019,0.0,benign
20.09478795528412,19.333333333333332,202.60881826506827,203.53382503929026,66.0,534.3333333333334,41578.4602920456,1.2629212551198188,4.270636482147823,4.8995018005360936e-05,16.882744948069256,1,0.0,1.0,0.0,0.0,1.0,1.0,9055.0,0.0,0.016,0.0,benign
20.09478795528412,19.333333333333332,202.60881826506827,203.53382503929026,66.0,534.3333333333334,41578.4602920456,1.2629212551198188,4.270636482147823,4.8995018005360936e-05,16.882744948069256,1,0.0,1.0,0.0,0.0,1.0,1.0,9055.0,0.0,0.026,0.0,benign
20.09478795528412,19.333333333333332,202.60881826506827,203.53382503929026,66.0,534.3333333333334,41578.4602920456,1.2629212551198188,4.270636482147823,4.8995018005360936e-05,16.882744948069256,1,0.0,1.0,0.0,0.0,1.0,1.0,9055.0,0.0,0.019,0.0,benign
12.657908002535502,19.666666666666668,216.49453471114654,208.3799671191828,66.0,542.5,44009.94532793859,0.7528666918011516,2.6268582416253365,0.00013518333435057423,10.649494965871176,29,0.0,1.0,0.0,0.0,1.0,1.0,6506.517241379311,14271.506555131138,0.0036551724137931,0.0073356750485929,benign
12.657908002535502,19.666666666666668,216.49453471114654,208.3799671191828,66.0,542.5,44009.94532793859,0.7528666918011516,2.6268582416253365,0.00013518333435057423,10.649494965871176,2,0.0,1.0,0.0,0.0,1.0,1.0,1005.0,145.0,0.001,0.0,benign
12.657908002535502,19.666666666666668,216.49453471114654,208.3799671191828,66.0,542.5,44009.94532793859,0.7528666918011516,2.6268582416253365,0.00013518333435057423,10.649494965871176,1,0.0,1.0,0.0,0.0,1.0,1.0,9055.0,0.0,0.026,0.0,benign
12.657908002535502,19.666666666666668,216.49453471114654,208.3799671191828,66.0,542.5,44009.94532793859,0.7528666918011516,2.6268582416253365,0.00013518333435057423,10.649494965871176,1,0.0,1.0,0.0,0.0,1.0,1.0,9055.0,0.0,0.028,0.0,benign
12.657908002535502,19.666666666666668,216.49453471114654,208.3799671191828,66.0,542.5,44009.94532793859,0.7528666918011516,2.6268582416253365,0.00013518333435057423,10.649494965871176,7,0.1428571428571428,0.8571428571428571,0.0,0.0,1.0,1.0,292.57142857142856,163.28927630160544,0.0015714285714285,0.0007284313590846,benign
15.914190411567688,31.0,228.88762626262627,209.68507439491145,66.0,528.0,43967.830804892365,0.651901829748245,2.0065723808238976,0.00011646747589110313,8.518291592597961,7,0.1428571428571428,0.8571428571428571,0.0,0.0,1.0,1.0,292.57142857142856,163.28927630160544,0.0012857142857142,0.0004517539514526,benign
15.914190411567688,31.0,228.88762626262627,209.68507439491145,66.0,528.0,43967.830804892365,0.651901829748245,2.0065723808238976,0.00011646747589110313,8.518291592597961,1,0.0,1.0,0.0,0.0,1.0,1.0,682.0,0.0,0.003,0.0,benign
15.914190411567688,31.0,228.88762626262627,209.68507439491145,66.0,528.0,43967.830804892365,0.651901829748245,2.0065723808238976,0.00011646747589110313,8.518291592597961,1,0.0,1.0,0.0,0.0,1.0,1.0,682.0,0.0,0.005,0.0,benign
15.914190411567688,31.0,228.88762626262627,209.68507439491145,66.0,528.0,43967.830804892365,0.651901829748245,2.0065723808238976,0.00011646747589110313,8.518291592597961,1,0.0,1.0,0.0,0.0,1.0,1.0,682.0,0.0,0.002,0.0,benign
15.914190411567688,31.0,228.88762626262627,209.68507439491145,66.0,528.0,43967.830804892365,0.651901829748245,2.0065723808238976,0.00011646747589110313,8.518291592597961,1,0.0,1.0,0.0,0.0,1.0,1.0,682.0,0.0,0.002,0.0,benign
7.136615554491679,19.666666666666668,218.87524050024047,207.71615900720374,66.0,528.1666666666666,43164.86248863003,0.3627331396493061,1.0886602250537547,0.00024390220642088673,4.408383210500081,9,0.0,1.0,0.0,0.0,1.0,1.0,4631.111111111111,5885.957421306418,0.0051111111111111,0.0103004254976238,benign
7.136615554491679,19.666666666666668,218.87524050024047,207.71615900720374,66.0,528.1666666666666,43164.86248863003,0.3627331396493061,1.0886602250537547,0.00024390220642088673,4.408383210500081,22,0.0,1.0,0.0,0.0,1.0,1.0,6773.590909090909,15986.005961633187,0.0032727272727272,0.0074600866323376,benign
12.538400610287985,20.166666666666668,218.1702918069585,212.13090903458055,66.0,548.5,45129.796759908095,0.802210809427032,2.5859999851891735,0.00020710627237952083,10.106203158696493,30,0.0,1.0,0.0,0.0,1.0,1.0,6318.3,14068.19280777267,0.0044666666666666,0.0089134106204577,benign
12.538400610287985,20.166666666666668,218.1702918069585,212.13090903458055,66.0,548.5,45129.796759908095,0.802210809427032,2.5859999851891735,0.00020710627237952083,10.106203158696493,1,0.0,1.0,0.0,0.0,1.0,1.0,1150.0,0.0,0.001,0.0,benign
12.538400610287985,20.166666666666668,218.1702918069585,212.13090903458055,66.0,548.5,45129.796759908095,0.802210809427032,2.5859999851891735,0.00020710627237952083,10.106203158696493,6,0.0,1.0,0.0,0.0,1.0,1.0,299.3333333333333,175.46287989834835,0.0011666666666666,0.0003726779962499,benign
12.538400610287985,20.166666666666668,218.1702918069585,212.13090903458055,66.0,548.5,45129.796759908095,0.802210809427032,2.5859999851891735,0.00020710627237952083,10.106203158696493,1,1.0,0.0,0.0,0.0,1.0,1.0,252.0,0.0,0.001,0.0,benign
12.538400610287985,20.166666666666668,218.1702918069585,212.13090903458055,66.0,548.5,45129.796759908095,0.802210809427032,2.5859999851891735,0.00020710627237952083,10.106203158696493,1,0.0,1.0,0.0,0.0,1.0,1.0,9055.0,0.0,0.025,0.0,benign
12.538400610287985,20.166666666666668,218.1702918069585,212.13090903458055,66.0,548.5,45129.796759908095,0.802210809427032,2.5859999851891735,0.00020710627237952083,10.106203158696493,1,0.0,1.0,0.0,0.0,1.0,1.0,9055.0,0.0,0.023,0.0,benign
12.538400610287985,20.166666666666668,218.1702918069585,212.13090903458055,66.0,548.5,45129.796759908095,0.802210809427032,2.5859999851891735,0.00020710627237952083,10.106203158696493,1,0.0,1.0,0.0,0.0,1.0,1.0,9055.0,0.0,0.025,0.0,benign
15.17660403251648,19.0,209.50320512820514,207.16036967859642,66.0,528.0,42916.86856919789,0.988731119849465,3.415282420108107,0.00039947032928465,14.185415983200073,2,0.0,1.0,0.0,0.0,1.0,1.0,5541.0,3514.0,0.015,0.013,benign
14.899259209632874,23.666666666666668,198.595768668466,203.0905326609835,66.0,542.8333333333334,41335.8585846923,0.7879362278266232,2.6815346501142856,0.00013331572214761773,11.54452669620514,27,0.0,1.0,0.0,0.0,1.0,1.0,6578.037037037037,14757.17293883813,0.0059259259259259,0.0085890797417027,benign
14.899259209632874,23.666666666666668,198.595768668466,203.0905326609835,66.0,542.8333333333334,41335.8585846923,0.7879362278266232,2.6815346501142856,0.00013331572214761773,11.54452669620514,2,0.0,1.0,0.0,0.0,1.0,1.0,1005.0,145.0,0.001,0.0,benign
14.899259209632874,23.666666666666668,198.595768668466,203.0905326609835,66.0,542.8333333333334,41335.8585846923,0.7879362278266232,2.6815346501142856,0.00013331572214761773,11.54452669620514,7,0.1428571428571428,0.8571428571428571,0.0,0.0,1.0,1.0,292.57142857142856,163.28927630160544,0.0011428571428571,0.0006388765649999,benign
14.899259209632874,23.666666666666668,198.595768668466,203.0905326609835,66.0,542.8333333333334,41335.8585846923,0.7879362278266232,2.6815346501142856,0.00013331572214761773,11.54452669620514,1,0.0,1.0,0.0,0.0,1.0,1.0,9055.0,0.0,0.023,0.0,benign
14.899259209632874,23.666666666666668,198.595768668466,203.0905326609835,66.0,542.8333333333334,41335.8585846923,0.7879362278266232,2.6815346501142856,0.00013331572214761773,11.54452669620514,1,0.0,1.0,0.0,0.0,1.0,1.0,9055.0,0.0,0.016,0.0,benign
14.899259209632874,23.666666666666668,198.595768668466,203.0905326609835,66.0,542.8333333333334,41335.8585846923,0.7879362278266232,2.6815346501142856,0.00013331572214761773,11.54452669620514,1,0.0,1.0,0.0,0.0,1.0,1.0,682.0,0.0,0.002,0.0,benign
15.658982197443644,20.5,214.7984855708111,207.39480031808054,66.0,541.6666666666666,43677.200720797344,0.9382926742374957,3.1026546223809963,0.00018560886383054169,12.142461021741232,29,0.0,1.0,0.0,0.0,1.0,1.0,6506.517241379311,14271.506555131138,0.0043793103448275,0.00785828705167,benign
15.658982197443644,20.5,214.7984855708111,207.39480031808054,66.0,541.6666666666666,43677.200720797344,0.9382926742374957,3.1026546223809963,0.00018560886383054169,12.142461021741232,2,0.0,1.0,0.0,0.0,1.0,1.0,1005.0,145.0,0.001,0.0,benign
15.658982197443644,20.5,214.7984855708111,207.39480031808054,66.0,541.6666666666666,43677.200720797344,0.9382926742374957,3.1026546223809963,0.00018560886383054169,12.142461021741232,1,0.0,1.0,0.0,0.0,1.0,1.0,9055.0,0.0,0.03,0.0,benign
15.658982197443644,20.5,214.7984855708111,207.39480031808054,66.0,541.6666666666666,43677.200720797344,0.9382926742374957,3.1026546223809963,0.00018560886383054169,12.142461021741232,1,0.0,1.0,0.0,0.0,1.0,1.0,9055.0,0.0,0.021,0.0,benign
15.658982197443644,20.5,214.7984855708111,207.39480031808054,66.0,541.6666666666666,43677.200720797344,0.9382926742374957,3.1026546223809963,0.00018560886383054169,12.142461021741232,6,0.0,1.0,0.0,0.0,1.0,1.0,299.3333333333333,175.46287989834835,0.0011666666666666,0.0003726779962499,benign
15.658982197443644,20.5,214.7984855708111,207.39480031808054,66.0,541.6666666666666,43677.200720797344,0.9382926742374957,3.1026546223809963,0.00018560886383054169,12.142461021741232,1,1.0,0.0,0.0,0.0,1.0,1.0,252.0,0.0,0.002,0.0,benign
15.658982197443644,20.5,214.7984855708111,207.39480031808054,66.0,541.6666666666666,43677.200720797344,0.9382926742374957,3.1026546223809963,0.00018560886383054169,12.142461021741232,1,0.0,1.0,0.0,0.0,1.0,1.0,682.0,0.0,0.002,0.0,benign
15.658982197443644,20.5,214.7984855708111,207.39480031808054,66.0,541.6666666666666,43677.200720797344,0.9382926742374957,3.1026546223809963,0.00018560886383054169,12.142461021741232,1,0.0,1.0,0.0,0.0,1.0,1.0,682.0,0.0,0.002,0.0,benign
12.046209772427877,17.833333333333332,208.6627752176139,207.1079885972309,66.0,541.5,43183.39789392505,0.8023618135928366,2.6863209119036475,0.00010697046915687318,10.401028911272684,30,0.0,1.0,0.0,0.0,1.0,1.0,6318.3,14068.19280777267,0.0035333333333333,0.006469071717711,benign
12.046209772427877,17.833333333333332,208.6627752176139,207.1079885972309,66.0,541.5,43183.39789392505,0.8023618135928366,2.6863209119036475,0.00010697046915687318,10.401028911272684,1,0.0,1.0,0.0,0.0,1.0,1.0,1150.0,0.0,0.001,0.0,benign
12.046209772427877,17.833333333333332,208.6627752176139,207.1079885972309,66.0,541.5,43183.39789392505,0.8023618135928366,2.6863209119036475,0.00010697046915687318,10.401028911272684,1,0.0,1.0,0.0,0.0,1.0,1.0,9055.0,0.0,0.018,0.0,benign
12.046209772427877,17.833333333333332,208.6627752176139,207.1079885972309,66.0,541.5,43183.39789392505,0.8023618135928366,2.6863209119036475,0.00010697046915687318,10.401028911272684,1,0.0,1.0,0.0,0.0,1.0,1.0,9055.0,0.0,0.021,0.0,benign
12.046209772427877,17.833333333333332,208.6627752176139,207.1079885972309,66.0,541.5,43183.39789392505,0.8023618135928366,2.6863209119036475,0.00010697046915687318,10.401028911272684,1,0.0,1.0,0.0,0.0,1.0,1.0,9055.0,0.0,0.019,0.0,benign
5.575716495513916,13.5,216.99166666666667,212.58294452942425,66.0,538.5,45192.04152777778,0.452122214552644,1.4154430307782073,0.00018596649169920314,5.22240948677063,1,0.0,1.0,0.0,0.0,1.0,1.0,9055.0,0.0,0.014,0.0,benign
5.513060172398885,17.333333333333332,212.60526936026932,210.7793180616619,66.0,542.6666666666666,44508.959936657826,0.36908677549204727,1.189939877737123,0.00013482570648192319,4.648619651794434,30,0.0,1.0,0.0,0.0,1.0,1.0,6054.8,14088.482644581232,0.003,0.005865151319446,benign
5.513060172398885,17.333333333333332,212.60526936026932,210.7793180616619,66.0,542.6666666666666,44508.959936657826,0.36908677549204727,1.189939877737123,0.00013482570648192319,4.648619651794434,1,0.0,1.0,0.0,0.0,1.0,1.0,9055.0,0.0,0.023,0.0,benign
5.513060172398885,17.333333333333332,212.60526936026932,210.7793180616619,66.0,542.6666666666666,44508.959936657826,0.36908677549204727,1.189939877737123,0.00013482570648192319,4.648619651794434,1,0.0,1.0,0.0,0.0,1.0,1.0,9055.0,0.0,0.015,0.0,benign
7.6956831614176435,19.666666666666668,214.1583333333333,208.04307437605385,66.0,536.3333333333334,43417.90523148148,0.5024823473595826,1.6113044629838253,0.00023937225341793674,6.434449672698975,31,0.0,1.0,0.0,0.0,1.0,1.0,6151.580645161291,13869.5199995418,0.0049032258064516,0.0141907621898774,benign
7.6956831614176435,19.666666666666668,214.1583333333333,208.04307437605385,66.0,536.3333333333334,43417.90523148148,0.5024823473595826,1.6113044629838253,0.00023937225341793674,6.434449672698975,7,0.1428571428571428,0.8571428571428571,0.0,0.0,1.0,1.0,292.57142857142856,163.28927630160544,0.001,0.0005345224838248,benign
7.6956831614176435,19.666666666666668,214.1583333333333,208.04307437605385,66.0,536.3333333333334,43417.90523148148,0.5024823473595826,1.6113044629838253,0.00023937225341793674,6.434449672698975,1,0.0,1.0,0.0,0.0,1.0,1.0,9055.0,0.0,0.024,0.0,benign
15.718993147214254,20.333333333333332,215.5512257345874,206.20501945645745,66.0,542.1666666666666,43130.97545273571,0.9409738270907907,3.1485795305511943,0.00013426939646402083,12.805477619171143,8,0.0,1.0,0.0,0.0,1.0,1.0,4750.75,6232.674822056739,0.003625,0.0047680577806901,benign
15.718993147214254,20.333333333333332,215.5512257345874,206.20501945645745,66.0,542.1666666666666,43130.97545273571,0.9409738270907907,3.1485795305511943,0.00013426939646402083,12.805477619171143,23,0.0,1.0,0.0,0.0,1.0,1.0,6638.826086956522,15647.394912092286,0.002695652173913,0.0063481238762788,benign
15.718993147214254,20.333333333333332,215.5512257345874,206.20501945645745,66.0,542.1666666666666,43130.97545273571,0.9409738270907907,3.1485795305511943,0.00013426939646402083,12.805477619171143,1,0.0,1.0,0.0,0.0,1.0,1.0,9055.0,0.0,0.019,0.0,benign
15.718993147214254,20.333333333333332,215.5512257345874,206.20501945645745,66.0,542.1666666666666,43130.97545273571,0.9409738270907907,3.1485795305511943,0.00013426939646402083,12.805477619171143,1,0.0,1.0,0.0,0.0,1.0,1.0,9055.0,0.0,0.021,0.0,benign
15.718993147214254,20.333333333333332,215.5512257345874,206.20501945645745,66.0,542.1666666666666,43130.97545273571,0.9409738270907907,3.1485795305511943,0.00013426939646402083,12.805477619171143,7,0.1428571428571428,0.8571428571428571,0.0,0.0,1.0,1.0,292.57142857142856,163.28927630160544,0.001,0.0005345224838248,benign
15.718993147214254,20.333333333333332,215.5512257345874,206.20501945645745,66.0,542.1666666666666,43130.97545273571,0.9409738270907907,3.1485795305511943,0.00013426939646402083,12.805477619171143,1,0.0,1.0,0.0,0.0,1.0,1.0,682.0,0.0,0.001,0.0,benign
15.718993147214254,20.333333333333332,215.5512257345874,206.20501945645745,66.0,542.1666666666666,43130.97545273571,0.9409738270907907,3.1485795305511943,0.00013426939646402083,12.805477619171143,1,0.0,1.0,0.0,0.0,1.0,1.0,9055.0,0.0,0.021,0.0,benign
10.458912968635557,22.0,233.01041666666666,209.55177916206543,66.0,530.0,43920.82269965277,0.6428390972075924,1.5381280815124991,0.00010800361633300312,5.6187615394592285,7,0.1428571428571428,0.8571428571428571,0.0,0.0,1.0,1.0,292.57142857142856,163.28927630160544,0.0011428571428571,0.0003499271061118,benign
7.625030120213826,18.666666666666668,215.7870115995116,206.87694002466355,66.0,536.6666666666666,42829.49642160755,0.4983093749589722,1.3720511315502584,0.0001564423243204552,5.10463019212087,24,0.0,1.0,0.0,0.0,1.0,1.0,6940.291666666667,15643.549593147452,0.0055416666666666,0.0104282435668183,benign
7.625030120213826,18.666666666666668,215.7870115995116,206.87694002466355,66.0,536.6666666666666,42829.49642160755,0.4983093749589722,1.3720511315502584,0.0001564423243204552,5.10463019212087,7,0.0,1.0,0.0,0.0,1.0,1.0,3447.428571428572,1846.194994897255,0.0011428571428571,0.0003499271061118,benign
7.625030120213826,18.666666666666668,215.7870115995116,206.87694002466355,66.0,536.6666666666666,42829.49642160755,0.4983093749589722,1.3720511315502584,0.0001564423243204552,5.10463019212087,1,0.0,1.0,0.0,0.0,1.0,1.0,682.0,0.0,0.003,0.0,benign
19.55066704750061,31.0,252.70967741935485,219.9838987580663,66.0,539.0,48392.91571279917,0.6516889015833537,2.75030927223656,8.296966552734375e-05,14.961555004119871,1,0.0,1.0,0.0,0.0,1.0,1.0,682.0,0.0,0.002,0.0,benign
19.501213431358337,25.5,246.0798387096774,216.20182121305805,66.0,539.0,46757.531606399585,0.8377328669815733,3.0818476075330388,0.00018239021301267187,14.960752487182615,6,0.1666666666666666,0.8333333333333334,0.0,0.0,1.0,1.0,227.66666666666663,40.23541833868375,0.001,0.0005773502691896,benign
16.663569927215576,20.0,213.02476105137396,204.26368587555558,66.0,542.0,42288.63073093978,1.0240482554253858,3.2991140783886923,0.00017460187276202737,13.15294337272644,31,0.0,1.0,0.0,0.0,1.0,1.0,6151.580645161291,13869.5199995418,0.003774193548387,0.0074604751099219,benign
16.663569927215576,20.0,213.02476105137396,204.26368587555558,66.0,542.0,42288.63073093978,1.0240482554253858,3.2991140783886923,0.00017460187276202737,13.15294337272644,1,0.0,1.0,0.0,0.0,1.0,1.0,9055.0,0.0,0.018,0.0,benign
16.663569927215576,20.0,213.02476105137396,204.26368587555558,66.0,542.0,42288.63073093978,1.0240482554253858,3.2991140783886923,0.00017460187276202737,13.15294337272644,1,0.0,1.0,0.0,0.0,1.0,1.0,9055.0,0.0,0.074,0.0,benign
16.663569927215576,20.0,213.02476105137396,204.26368587555558,66.0,542.0,42288.63073093978,1.0240482554253858,3.2991140783886923,0.00017460187276202737,13.15294337272644,1,0.0,1.0,0.0,0.0,1.0,1.0,9055.0,0.0,0.021,0.0,benign
10.45210071404775,17.5,209.341160192147,205.656230082159,66.0,540.5,42870.35646332097,0.6721700894567572,2.2550328817228293,0.0001116196314493586,8.877420465151468,29,0.0,1.0,0.0,0.0,1.0,1.0,6506.517241379311,14271.506555131138,0.0034827586206896,0.0071468376882181,benign
10.45210071404775,17.5,209.341160192147,205.656230082159,66.0,540.5,42870.35646332097,0.6721700894567572,2.2550328817228293,0.0001116196314493586,8.877420465151468,2,0.0,1.0,0.0,0.0,1.0,1.0,1005.0,145.0,0.001,0.0,benign
10.45210071404775,17.5,209.341160192147,205.656230082159,66.0,540.5,42870.35646332097,0.6721700894567572,2.2550328817228293,0.0001116196314493586,8.877420465151468,1,0.0,1.0,0.0,0.0,1.0,1.0,9055.0,0.0,0.023,0.0,benign
10.45210071404775,17.5,209.341160192147,205.656230082159,66.0,540.5,42870.35646332097,0.6721700894567572,2.2550328817228293,0.0001116196314493586,8.877420465151468,1,0.0,1.0,0.0,0.0,1.0,1.0,9055.0,0.0,0.016,0.0,benign
12.121983051300049,13.0,201.6153846153846,202.4045980252799,66.0,523.0,40967.62130177514,1.010165254275004,3.209937208222397,1.9073486328125e-06,11.654444932937622,1,0.0,1.0,0.0,0.0,1.0,1.0,9055.0,0.0,0.019,0.0,benign
11.981966177622477,19.666666666666668,216.29495726495728,208.87644769243866,66.0,541.0,43771.937854080075,0.739296198595345,2.4475685534779603,9.862581888834088e-05,9.758668700853983,30,0.0,1.0,0.0,0.0,1.0,1.0,6054.8,14088.482644581232,0.0031666666666666,0.0062826922749902,benign
11.981966177622477,19.666666666666668,216.29495726495728,208.87644769243866,66.0,541.0,43771.937854080075,0.739296198595345,2.4475685534779603,9.862581888834088e-05,9.758668700853983,7,0.1428571428571428,0.8571428571428571,0.0,0.0,1.0,1.0,292.57142857142856,163.28927630160544,0.0012857142857142,0.0006998542122237,benign
11.981966177622477,19.666666666666668,216.29495726495728,208.87644769243866,66.0,541.0,43771.937854080075,0.739296198595345,2.4475685534779603,9.862581888834088e-05,9.758668700853983,1,0.0,1.0,0.0,0.0,1.0,1.0,9055.0,0.0,0.02,0.0,benign
11.981966177622477,19.666666666666668,216.29495726495728,208.87644769243866,66.0,541.0,43771.937854080075,0.739296198595345,2.4475685534779603,9.862581888834088e-05,9.758668700853983,1,0.0,1.0,0.0,0.0,1.0,1.0,9055.0,0.0,0.02,0.0,benign
11.180439472198486,19.666666666666668,214.65734126984125,206.531431658461,66.0,534.3333333333334,43016.08011278818,0.6521742281675363,2.1998165064026227,0.00010796387990314166,8.85689345995585,9,0.0,1.0,0.0,0.0,1.0,1.0,4631.111111111111,5885.957421306418,0.0057777777777777,0.0111033306092038,benign
11.180439472198486,19.666666666666668,214.65734126984125,206.531431658461,66.0,534.3333333333334,43016.08011278818,0.6521742281675363,2.1998165064026227,0.00010796387990314166,8.85689345995585,22,0.0,1.0,0.0,0.0,1.0,1.0,6773.590909090909,15986.005961633187,0.003590909090909,0.0084350949281131,benign
11.180439472198486,19.666666666666668,214.65734126984125,206.531431658461,66.0,534.3333333333334,43016.08011278818,0.6521742281675363,2.1998165064026227,0.00010796387990314166,8.85689345995585,7,0.1428571428571428,0.8571428571428571,0.0,0.0,1.0,1.0,292.57142857142856,163.28927630160544,0.0012857142857142,0.0006998542122237,benign
11.180439472198486,19.666666666666668,214.65734126984125,206.531431658461,66.0,534.3333333333334,43016.08011278818,0.6521742281675363,2.1998165064026227,0.00010796387990314166,8.85689345995585,1,0.0,1.0,0.0,0.0,1.0,1.0,9055.0,0.0,0.015,0.0,benign
11.180439472198486,19.666666666666668,214.65734126984125,206.531431658461,66.0,534.3333333333334,43016.08011278818,0.6521742281675363,2.1998165064026227,0.00010796387990314166,8.85689345995585,1,0.0,1.0,0.0,0.0,1.0,1.0,9055.0,0.0,0.022,0.0,benign
8.693155407905579,20.5,232.17374999999998,208.6524191594051,66.0,526.5,43543.650871875,0.47166430850823715,1.2039376417762018,0.0002830028533935,4.192020058631897,7,0.1428571428571428,0.8571428571428571,0.0,0.0,1.0,1.0,292.57142857142856,163.28927630160544,0.001,0.0009258200997725,benign
8.693155407905579,20.5,232.17374999999998,208.6524191594051,66.0,526.5,43543.650871875,0.47166430850823715,1.2039376417762018,0.0002830028533935,4.192020058631897,1,0.0,1.0,0.0,0.0,1.0,1.0,682.0,0.0,0.002,0.0,benign
5.875779986381531,19.5,212.85990079365078,200.8235095419241,66.0,533.8333333333334,40897.24510827428,0.3470157046010562,1.018457428314173,0.0003919998804727677,3.8642919063568115,11,0.0,1.0,0.0,0.0,1.0,1.0,4342.818181818182,5360.549171632288,0.0047272727272727,0.0055774042364283,benign
5.875779986381531,19.5,212.85990079365078,200.8235095419241,66.0,533.8333333333334,40897.24510827428,0.3470157046010562,1.018457428314173,0.0003919998804727677,3.8642919063568115,20,0.0,1.0,0.0,0.0,1.0,1.0,7146.4,16720.346325360606,0.004,0.0077974354758471,benign
5.875779986381531,19.5,212.85990079365078,200.8235095419241,66.0,533.8333333333334,40897.24510827428,0.3470157046010562,1.018457428314173,0.0003919998804727677,3.8642919063568115,1,0.0,1.0,0.0,0.0,1.0,1.0,682.0,0.0,0.002,0.0,benign
9.26585861047109,17.5,207.14652777777778,201.9700786426952,66.0,533.0,41345.304724289024,0.5834459534502862,1.988987439168502,0.0001234610875447409,8.041332523028055,20,0.0,1.0,0.0,0.0,1.0,1.0,7377.1,17097.455550168863,0.0076,0.016304600577751,benign
9.26585861047109,17.5,207.14652777777778,201.9700786426952,66.0,533.0,41345.304724289024,0.5834459534502862,1.988987439168502,0.0001234610875447409,8.041332523028055,11,0.0,1.0,0.0,0.0,1.0,1.0,3923.363636363637,1709.83769951352,0.0016363636363636,0.0007713892158398,benign
9.26585861047109,17.5,207.14652777777778,201.9700786426952,66.0,533.0,41345.304724289024,0.5834459534502862,1.988987439168502,0.0001234610875447409,8.041332523028055,1,0.0,1.0,0.0,0.0,1.0,1.0,9055.0,0.0,0.02,0.0,benign
9.26585861047109,17.5,207.14652777777778,201.9700786426952,66.0,533.0,41345.304724289024,0.5834459534502862,1.988987439168502,0.0001234610875447409,8.041332523028055,1,0.0,1.0,0.0,0.0,1.0,1.0,9055.0,0.0,0.021,0.0,benign
11.837164878845217,21.0,240.7619047619048,222.2643010047583,66.0,539.0,49401.4195011338,0.5918582439422607,2.460264296569671,3.0994415283203125e-06,11.314570903778076,1,0.0,1.0,0.0,0.0,1.0,1.0,9055.0,0.0,0.022,0.0,benign
11.6674911181132,19.166666666666668,224.71825396825395,215.8541786870177,66.0,543.8333333333334,46610.898006424795,0.7969509287212321,2.533351823741041,0.00028602282206213774,9.65884017944336,30,0.0,1.0,0.0,0.0,1.0,1.0,6054.8,14088.482644581232,0.0029,0.0062094014741089,benign
11.6674911181132,19.166666666666668,224.71825396825395,215.8541786870177,66.0,543.8333333333334,46610.898006424795,0.7969509287212321,2.533351823741041,0.00028602282206213774,9.65884017944336,1,0.0,1.0,0.0,0.0,1.0,1.0,9055.0,0.0,0.016,0.0,benign
11.6674911181132,19.166666666666668,224.71825396825395,215.8541786870177,66.0,543.8333333333334,46610.898006424795,0.7969509287212321,2.533351823741041,0.00028602282206213774,9.65884017944336,1,0.0,1.0,0.0,0.0,1.0,1.0,9055.0,0.0,0.022,0.0,benign
11.6674911181132,19.166666666666668,224.71825396825395,215.8541786870177,66.0,543.8333333333334,46610.898006424795,0.7969509287212321,2.533351823741041,0.00028602282206213774,9.65884017944336,6,0.0,1.0,0.0,0.0,1.0,1.0,299.3333333333333,175.46287989834835,0.0011666666666666,0.0008975274678557,benign
11.6674911181132,19.166666666666668,224.71825396825395,215.8541786870177,66.0,543.8333333333334,46610.898006424795,0.7969509287212321,2.533351823741041,0.00028602282206213774,9.65884017944336,1,1.0,0.0,0.0,0.0,1.0,1.0,252.0,0.0,0.002,0.0,benign
10.999302983283997,20.5,231.9190476190476,207.0032215714234,66.0,529.0,42853.346417233566,0.5644920305201881,1.675936019414162,0.0001831054687499539,7.160389542579651,7,0.1428571428571428,0.8571428571428571,0.0,0.0,1.0,1.0,292.57142857142856,163.28927630160544,0.0011428571428571,0.0003499271061118,benign
8.818903168042501,19.0,218.54783068783067,206.3619098576606,66.0,536.6666666666666,42778.53748557992,0.5105025635900754,1.5731385493683874,0.00013951460520424008,6.372957229614258,27,0.0,1.0,0.0,0.0,1.0,1.0,6632.851851851852,14779.294978182355,0.0043333333333333,0.0087474864114509,benign
8.818903168042501,19.0,218.54783068783067,206.3619098576606,66.0,536.6666666666666,42778.53748557992,0.5105025635900754,1.5731385493683874,0.00013951460520424008,6.372957229614258,4,0.0,1.0,0.0,0.0,1.0,1.0,2903.0,2077.264788128851,0.0015,0.0005,benign
8.818903168042501,19.0,218.54783068783067,206.3619098576606,66.0,536.6666666666666,42778.53748557992,0.5105025635900754,1.5731385493683874,0.00013951460520424008,6.372957229614258,1,0.0,1.0,0.0,0.0,1.0,1.0,682.0,0.0,0.002,0.0,benign
8.818903168042501,19.0,218.54783068783067,206.3619098576606,66.0,536.6666666666666,42778.53748557992,0.5105025635900754,1.5731385493683874,0.00013951460520424008,6.372957229614258,1,0.0,1.0,0.0,0.0,1.0,1.0,9055.0,0.0,0.032,0.0,benign
6.993547995885213,17.333333333333332,209.03337046319504,205.46175899950603,66.0,541.6666666666666,42746.121506742136,0.46251734127130145,1.5278442463781257,0.00033632914225256765,5.9908701578776045,31,0.0,1.0,0.0,0.0,1.0,1.0,6151.580645161291,13869.519999541795,0.0039677419354838,0.0065917048113898,benign
6.993547995885213,17.333333333333332,209.03337046319504,205.46175899950603,66.0,541.6666666666666,42746.121506742136,0.46251734127130145,1.5278442463781257,0.00033632914225256765,5.9908701578776045,1,0.0,1.0,0.0,0.0,1.0,1.0,9055.0,0.0,0.024,0.0,benign
6.993547995885213,17.333333333333332,209.03337046319504,205.46175899950603,66.0,541.6666666666666,42746.121506742136,0.46251734127130145,1.5278442463781257,0.00033632914225256765,5.9908701578776045,1,0.0,1.0,0.0,0.0,1.0,1.0,9055.0,0.0,0.022,0.0,benign
16.83564007282257,30.5,240.02713178294573,216.87969633344886,66.0,551.5,47060.86028483865,0.696421666305606,2.134213725539522,0.00029098987579345313,8.728232383728027,7,0.1428571428571428,0.8571428571428571,0.0,0.0,1.0,1.0,292.57142857142856,163.28927630160544,0.0011428571428571,0.0006388765649999,benign
14.923935413360596,20.166666666666668,211.53764842500308,205.11967753747967,66.0,541.5,42495.213014125846,0.9150167337859728,3.0740371661021073,0.0002031723658243552,12.02357828617096,31,0.0,1.0,0.0,0.0,1.0,1.0,6151.580645161291,13869.5199995418,0.0029032258064516,0.0063568852116561,benign
14.923935413360596,20.166666666666668,211.53764842500308,205.11967753747967,66.0,541.5,42495.213014125846,0.9150167337859728,3.0740371661021073,0.0002031723658243552,12.02357828617096,1,0.0,1.0,0.0,0.0,1.0,1.0,9055.0,0.0,0.022,0.0,benign
14.923935413360596,20.166666666666668,211.53764842500308,205.11967753747967,66.0,541.5,42495.213014125846,0.9150167337859728,3.0740371661021073,0.0002031723658243552,12.02357828617096,1,0.0,1.0,0.0,0.0,1.0,1.0,9055.0,0.0,0.021,0.0,benign
14.923935413360596,20.166666666666668,211.53764842500308,205.11967753747967,66.0,541.5,42495.213014125846,0.9150167337859728,3.0740371661021073,0.0002031723658243552,12.02357828617096,1,0.0,1.0,0.0,0.0,1.0,1.0,9055.0,0.0,0.019,0.0,benign
12.829127351442972,19.833333333333332,215.84600122100122,209.1440615283884,66.0,549.1666666666666,44082.781139863895,0.8225301875065142,2.659327808221084,0.00015858809153237292,10.424989501635233,17,0.0,1.0,0.0,0.0,1.0,1.0,8067.705882352941,18453.022828299167,0.0037647058823529,0.0067521622834267,benign
12.829127351442972,19.833333333333332,215.84600122100122,209.1440615283884,66.0,549.1666666666666,44082.781139863895,0.8225301875065142,2.659327808221084,0.00015858809153237292,10.424989501635233,14,0.0,1.0,0.0,0.0,1.0,1.0,3824.857142857143,1610.7930104296393,0.0011428571428571,0.0003499271061118,benign
12.829127351442972,19.833333333333332,215.84600122100122,209.1440615283884,66.0,549.1666666666666,44082.781139863895,0.8225301875065142,2.659327808221084,0.00015858809153237292,10.424989501635233,1,0.0,1.0,0.0,0.0,1.0,1.0,9055.0,0.0,0.016,0.0,benign
12.829127351442972,19.833333333333332,215.84600122100122,209.1440615283884,66.0,549.1666666666666,44082.781139863895,0.8225301875065142,2.659327808221084,0.00015858809153237292,10.424989501635233,7,0.1428571428571428,0.8571428571428571,0.0,0.0,1.0,1.0,292.57142857142856,163.28927630160544,0.001,0.0005345224838248,benign
12.829127351442972,19.833333333333332,215.84600122100122,209.1440615283884,66.0,549.1666666666666,44082.781139863895,0.8225301875065142,2.659327808221084,0.00015858809153237292,10.424989501635233,1,0.0,1.0,0.0,0.0,1.0,1.0,9055.0,0.0,0.013,0.0,benign
12.829127351442972,19.833333333333332,215.84600122100122,209.1440615283884,66.0,549.1666666666666,44082.781139863895,0.8225301875065142,2.659327808221084,0.00015858809153237292,10.424989501635233,1,0.0,1.0,0.0,0.0,1.0,1.0,9055.0,0.0,0.024,0.0,benign
11.727176586786905,20.0,215.36185861941672,207.46190159028774,66.0,542.6666666666666,43618.83848765851,0.7631339900558339,2.452897741107512,0.00036732355753576877,9.440365195274353,31,0.0,1.0,0.0,0.0,1.0,1.0,6151.580645161291,13869.5199995418,0.003,0.0064508064012033,benign
11.727176586786905,20.0,215.36185861941672,207.46190159028774,66.0,542.6666666666666,43618.83848765851,0.7631339900558339,2.452897741107512,0.00036732355753576877,9.440365195274353,7,0.1428571428571428,0.8571428571428571,0.0,0.0,1.0,1.0,292.57142857142856,163.28927630160544,0.0018571428571428,0.0012453996981544,benign
11.727176586786905,20.0,215.36185861941672,207.46190159028774,66.0,542.6666666666666,43618.83848765851,0.7631339900558339,2.452897741107512,0.00036732355753576877,9.440365195274353,1,0.0,1.0,0.0,0.0,1.0,1.0,9055.0,0.0,0.016,0.0,benign
11.727176586786905,20.0,215.36185861941672,207.46190159028774,66.0,542.6666666666666,43618.83848765851,0.7631339900558339,2.452897741107512,0.00036732355753576877,9.440365195274353,1,0.0,1.0,0.0,0.0,1.0,1.0,9055.0,0.0,0.025,0.0,benign
11.727176586786905,20.0,215.36185861941672,207.46190159028774,66.0,542.6666666666666,43618.83848765851,0.7631339900558339,2.452897741107512,0.00036732355753576877,9.440365195274353,1,0.0,1.0,0.0,0.0,1.0,1.0,9055.0,0.0,0.018,0.0,benign
14.763851523399353,13.5,216.25833333333333,212.2283507435044,66.0,569.0,45057.458194444436,1.1990418271584944,3.0522126866479393,0.00013291835784910624,10.949162483215332,5,0.0,0.8,0.2,0.0,1.0,1.0,2319.4,3415.293346112454,0.0016,0.0008,benign
14.763851523399353,13.5,216.25833333333333,212.2283507435044,66.0,569.0,45057.458194444436,1.1990418271584944,3.0522126866479393,0.00013291835784910624,10.949162483215332,3,0.0,1.0,0.0,0.0,1.0,1.0,1124.0,543.4819837553649,0.0026666666666666,0.0016996731711975,benign
13.491849342981974,13.666666666666666,224.00555555555556,219.04504254879194,66.0,569.0,48084.72212962963,1.0800751920068736,2.4038154462087014,0.00021998087565100414,8.222410996754965,2,0.0,1.0,0.0,0.0,1.0,1.0,2660.0,2384.0,0.001,0.0,benign
13.491849342981974,13.666666666666666,224.00555555555556,219.04504254879194,66.0,569.0,48084.72212962963,1.0800751920068736,2.4038154462087014,0.00021998087565100414,8.222410996754965,1,0.0,1.0,0.0,0.0,1.0,1.0,700.0,0.0,0.003,0.0,benign
13.491849342981974,13.666666666666666,224.00555555555556,219.04504254879194,66.0,569.0,48084.72212962963,1.0800751920068736,2.4038154462087014,0.00021998087565100414,8.222410996754965,1,0.0,1.0,0.0,0.0,1.0,1.0,1797.0,0.0,0.003,0.0,benign
13.491849342981974,13.666666666666666,224.00555555555556,219.04504254879194,66.0,569.0,48084.72212962963,1.0800751920068736,2.4038154462087014,0.00021998087565100414,8.222410996754965,1,0.0,1.0,0.0,0.0,1.0,1.0,698.0,0.0,0.003,0.0,benign
13.491849342981974,13.666666666666666,224.00555555555556,219.04504254879194,66.0,569.0,48084.72212962963,1.0800751920068736,2.4038154462087014,0.00021998087565100414,8.222410996754965,1,0.0,1.0,0.0,0.0,1.0,1.0,1797.0,0.0,0.002,0.0,benign
8.080692529678345,13.5,212.72647058823526,208.85382050487055,66.0,539.0,43932.73565743944,0.702811025083065,1.3066336286921467,0.00017154216766355703,4.033193469047546,3,0.0,1.0,0.0,0.0,1.0,1.0,3397.333333333333,4025.674381047506,0.002,0.0008164965809277,benign
8.080692529678345,13.5,212.72647058823526,208.85382050487055,66.0,539.0,43932.73565743944,0.702811025083065,1.3066336286921467,0.00017154216766355703,4.033193469047546,1,0.0,1.0,0.0,0.0,1.0,1.0,1406.0,0.0,0.001,0.0,benign
8.080692529678345,13.5,212.72647058823526,208.85382050487055,66.0,539.0,43932.73565743944,0.702811025083065,1.3066336286921467,0.00017154216766355703,4.033193469047546,1,0.0,1.0,0.0,0.0,1.0,1.0,696.0,0.0,0.006,0.0,benign
8.080692529678345,13.5,212.72647058823526,208.85382050487055,66.0,539.0,43932.73565743944,0.702811025083065,1.3066336286921467,0.00017154216766355703,4.033193469047546,1,0.0,1.0,0.0,0.0,1.0,1.0,700.0,0.0,0.005,0.0,benign
5.585061252117157,9.75,176.23823529411763,185.10633070095122,66.0,519.75,35029.84699538638,0.6603485099971295,1.2660760823880912,0.0002350211143493285,3.5510427951812744,5,0.0,1.0,0.0,0.0,1.0,1.0,1738.4,1736.9044418159567,0.0032,0.0007483314773547,benign
11.553580522537231,13.5,216.25833333333333,212.2283507435044,66.0,569.0,45057.458194444436,0.9385074175797501,2.4412878532860622,0.00013399124145505625,8.842121005058289,5,0.0,0.8,0.2,0.0,1.0,1.0,2319.6,3415.1983602713326,0.0018,0.0007483314773547,benign
10.650986035664877,13.666666666666666,224.00555555555556,219.04504254879194,66.0,569.0,48084.72212962963,0.8524869209998377,2.02391688188644,0.00018866856892900416,7.222280263900757,5,0.0,1.0,0.0,0.0,1.0,1.0,1738.4,1736.9044418159567,0.0012,0.0007483314773547,benign
10.650986035664877,13.666666666666666,224.00555555555556,219.04504254879194,66.0,569.0,48084.72212962963,0.8524869209998377,2.02391688188644,0.00018866856892900416,7.222280263900757,1,0.0,1.0,0.0,0.0,1.0,1.0,699.0,0.0,0.003,0.0,benign
10.650986035664877,13.666666666666666,224.00555555555556,219.04504254879194,66.0,569.0,48084.72212962963,0.8524869209998377,2.02391688188644,0.00018866856892900416,7.222280263900757,1,0.0,1.0,0.0,0.0,1.0,1.0,698.0,0.0,0.003,0.0,benign
10.650986035664877,13.666666666666666,224.00555555555556,219.04504254879194,66.0,569.0,48084.72212962963,0.8524869209998377,2.02391688188644,0.00018866856892900416,7.222280263900757,2,0.0,0.5,0.5,0.0,1.0,1.0,350.0,350.0,0.004,0.002,benign
8.360187709331512,9.75,170.76864035087718,178.0325516936587,66.0,505.0,32730.785890851035,1.2502716599948822,2.639665515441182,0.0004335641860961285,7.083406448364258,6,0.0,1.0,0.0,0.0,1.0,1.0,1683.0,1590.4014168337085,0.002,0.0005773502691896,benign
8.360187709331512,9.75,170.76864035087718,178.0325516936587,66.0,505.0,32730.785890851035,1.2502716599948822,2.639665515441182,0.0004335641860961285,7.083406448364258,3,0.0,1.0,0.0,0.0,1.0,1.0,3397.333333333333,4025.674381047506,0.0026666666666666,0.0023570226039551,benign
8.360187709331512,9.75,170.76864035087718,178.0325516936587,66.0,505.0,32730.785890851035,1.2502716599948822,2.639665515441182,0.0004335641860961285,7.083406448364258,2,0.0,0.5,0.5,0.0,1.0,1.0,350.0,350.0,0.003,0.001,benign
15.260498642921448,19.5,238.1435185185185,222.98478429088115,66.0,570.5,49942.111582647456,0.9886639209894034,2.209122101152956,0.00014114379882811015,7.129392027854919,5,0.0,0.8,0.2,0.0,1.0,1.0,2319.8,3415.103418639032,0.0016,0.0008,benign
15.260498642921448,19.5,238.1435185185185,222.98478429088115,66.0,570.5,49942.111582647456,0.9886639209894034,2.209122101152956,0.00014114379882811015,7.129392027854919,2,0.0,0.5,0.5,0.0,1.0,1.0,349.5,349.5,0.0025,0.0005,benign
13.711349805196127,15.0,203.92901234567898,199.27556114695787,66.0,538.6666666666666,40981.60216620941,1.3666460893093013,2.8838599076812823,0.00022943814595537343,8.282685041427612,5,0.0,1.0,0.0,0.0,1.0,1.0,1738.4,1736.9044418159567,0.0012,0.0004,benign
13.711349805196127,15.0,203.92901234567898,199.27556114695787,66.0,538.6666666666666,40981.60216620941,1.3666460893093013,2.8838599076812823,0.00022943814595537343,8.282685041427612,2,0.0,0.5,0.5,0.0,1.0,1.0,350.0,350.0,0.002,0.0,benign
13.711349805196127,15.0,203.92901234567898,199.27556114695787,66.0,538.6666666666666,40981.60216620941,1.3666460893093013,2.8838599076812823,0.00022943814595537343,8.282685041427612,2,0.0,0.5,0.5,0.0,1.0,1.0,349.0,349.0,0.0025,0.0015,benign
17.6513854265213,17.0,237.54545454545453,221.80120134576237,66.0,570.5,49391.85192837466,1.2242278768902732,2.707463581577098,0.00021350383758544922,8.783200025558472,5,0.0,0.8,0.2,0.0,1.0,1.0,2319.8,3415.103418639032,0.0016,0.0008,benign
17.6513854265213,17.0,237.54545454545453,221.80120134576237,66.0,570.5,49391.85192837466,1.2242278768902732,2.707463581577098,0.00021350383758544922,8.783200025558472,2,0.0,0.5,0.5,0.0,1.0,1.0,349.5,349.5,0.0025,0.0005,benign
17.6513854265213,17.0,237.54545454545453,221.80120134576237,66.0,570.5,49391.85192837466,1.2242278768902732,2.707463581577098,0.00021350383758544922,8.783200025558472,2,0.0,0.5,0.5,0.0,1.0,1.0,350.0,350.0,0.0025,0.0005,benign
14.650843938191732,16.0,238.26839826839827,225.5284553565764,66.0,571.0,51021.588360413036,1.0379406605302488,2.2344619859394674,0.0002529621124267328,7.195288976033528,5,0.0,1.0,0.0,0.0,1.0,1.0,1738.4,1736.9044418159567,0.0012,0.0004,benign
14.650843938191732,16.0,238.26839826839827,225.5284553565764,66.0,571.0,51021.588360413036,1.0379406605302488,2.2344619859394674,0.0002529621124267328,7.195288976033528,2,0.0,0.5,0.5,0.0,1.0,1.0,349.5,349.5,0.0025,0.0005,benign
14.650843938191732,16.0,238.26839826839827,225.5284553565764,66.0,571.0,51021.588360413036,1.0379406605302488,2.2344619859394674,0.0002529621124267328,7.195288976033528,2,0.0,0.5,0.5,0.0,1.0,1.0,349.0,349.0,0.0025,0.0005,benign
14.439864039421082,19.0,241.9903846153846,223.71186201573272,66.0,570.5,50288.98699457593,0.9481643551046197,1.9627163103245686,0.00026249885559075,5.411904454231262,4,0.0,0.75,0.25,0.0,1.0,1.0,2548.75,3783.631679682894,0.00225,0.0004330127018922,benign
14.439864039421082,19.0,241.9903846153846,223.71186201573272,66.0,570.5,50288.98699457593,0.9481643551046197,1.9627163103245686,0.00026249885559075,5.411904454231262,1,0.0,1.0,0.0,0.0,1.0,1.0,1406.0,0.0,0.001,0.0,benign
14.439864039421082,19.0,241.9903846153846,223.71186201573272,66.0,570.5,50288.98699457593,0.9481643551046197,1.9627163103245686,0.00026249885559075,5.411904454231262,2,0.0,0.5,0.5,0.0,1.0,1.0,350.0,350.0,0.0025,0.0005,benign
10.91287475824356,12.0,171.87019230769232,150.68623512642864,66.0,422.5,30912.639330621296,1.4587147252487414,2.5859954469427127,0.000304520130157425,6.39038473367691,5,0.0,1.0,0.0,0.0,1.0,1.0,1738.4,1736.9044418159567,0.0016,0.0004898979485566,benign
10.91287475824356,12.0,171.87019230769232,150.68623512642864,66.0,422.5,30912.639330621296,1.4587147252487414,2.5859954469427127,0.000304520130157425,6.39038473367691,2,0.0,0.5,0.5,0.0,1.0,1.0,350.0,350.0,0.0025,0.0005,benign
10.91287475824356,12.0,171.87019230769232,150.68623512642864,66.0,422.5,30912.639330621296,1.4587147252487414,2.5859954469427127,0.000304520130157425,6.39038473367691,2,0.0,0.5,0.5,0.0,1.0,1.0,349.5,349.5,0.0025,0.0005,benign
9.517863273620605,10.25,187.96680402930406,193.4997319457612,66.0,528.5,38364.89325694529,1.197939622871605,2.5535134575417264,0.0004969835281371515,7.383071005344391,6,0.0,1.0,0.0,0.0,1.0,1.0,1683.0,1590.4014168337085,0.0015,0.0011180339887498,benign
9.517863273620605,10.25,187.96680402930406,193.4997319457612,66.0,528.5,38364.89325694529,1.197939622871605,2.5535134575417264,0.0004969835281371515,7.383071005344391,4,0.0,0.75,0.25,0.0,1.0,1.0,2548.25,3783.8759476890887,0.00225,0.0008291561975888,benign
9.517863273620605,10.25,187.96680402930406,193.4997319457612,66.0,528.5,38364.89325694529,1.197939622871605,2.5535134575417264,0.0004969835281371515,7.383071005344391,1,0.0,1.0,0.0,0.0,1.0,1.0,1797.0,0.0,0.003,0.0,benign
9.517863273620605,10.25,187.96680402930406,193.4997319457612,66.0,528.5,38364.89325694529,1.197939622871605,2.5535134575417264,0.0004969835281371515,7.383071005344391,1,0.0,1.0,0.0,0.0,1.0,1.0,699.0,0.0,0.004,0.0,benign
10.623987436294556,14.5,216.10263157894738,209.5581816633748,66.0,540.5,44252.86051246537,0.88705399301317,1.776315485902378,0.0002454519271850531,5.274630427360535,4,0.0,1.0,0.0,0.0,1.0,1.0,2899.5,3591.386187811052,0.00225,0.0012990381056766,benign
10.623987436294556,14.5,216.10263157894738,209.5581816633748,66.0,540.5,44252.86051246537,0.88705399301317,1.776315485902378,0.0002454519271850531,5.274630427360535,2,0.0,0.5,0.5,0.0,1.0,1.0,349.5,349.5,0.002,0.001,benign
8.715461572011312,13.666666666666666,219.6517543859649,215.4310953123355,66.0,551.0,46705.025063865796,0.7398059905980171,1.4277643534807887,0.000164588292439775,4.136180241902669,5,0.0,1.0,0.0,0.0,1.0,1.0,1738.4,1736.9044418159567,0.0016,0.0004898979485566,benign
8.715461572011312,13.666666666666666,219.6517543859649,215.4310953123355,66.0,551.0,46705.025063865796,0.7398059905980171,1.4277643534807887,0.000164588292439775,4.136180241902669,1,0.0,1.0,0.0,0.0,1.0,1.0,1797.0,0.0,0.004,0.0,benign
8.715461572011312,13.666666666666666,219.6517543859649,215.4310953123355,66.0,551.0,46705.025063865796,0.7398059905980171,1.4277643534807887,0.000164588292439775,4.136180241902669,2,0.0,0.5,0.5,0.0,1.0,1.0,349.5,349.5,0.003,0.001,benign
19.45481848716736,14.5,222.67156862745097,216.6152692315423,66.0,569.0,46926.10289311803,1.493266140872782,3.7606165623615775,0.00036990642547606094,13.823845505714417,5,0.0,0.8,0.2,0.0,1.0,1.0,2319.8,3415.103418639032,0.0022,0.0016,benign
19.45481848716736,14.5,222.67156862745097,216.6152692315423,66.0,569.0,46926.10289311803,1.493266140872782,3.7606165623615775,0.00036990642547606094,13.823845505714417,1,0.0,1.0,0.0,0.0,1.0,1.0,699.0,0.0,0.004,0.0,benign
17.57845401763916,15.666666666666666,234.11437908496728,224.21580755743025,66.0,570.0,50390.88341022684,1.2666034091815168,3.0014126347049888,0.00048160552978514064,10.520703315734863,5,0.0,1.0,0.0,0.0,1.0,1.0,1738.4,1736.9044418159567,0.0018,0.0009797958971132,benign
17.57845401763916,15.666666666666666,234.11437908496728,224.21580755743025,66.0,570.0,50390.88341022684,1.2666034091815168,3.0014126347049888,0.00048160552978514064,10.520703315734863,2,0.0,0.5,0.5,0.0,1.0,1.0,350.0,350.0,0.002,0.0,benign
17.57845401763916,15.666666666666666,234.11437908496728,224.21580755743025,66.0,570.0,50390.88341022684,1.2666034091815168,3.0014126347049888,0.00048160552978514064,10.520703315734863,2,0.0,0.5,0.5,0.0,1.0,1.0,349.5,349.5,0.002,0.0,benign
17.57845401763916,15.666666666666666,234.11437908496728,224.21580755743025,66.0,570.0,50390.88341022684,1.2666034091815168,3.0014126347049888,0.00048160552978514064,10.520703315734863,2,0.0,0.5,0.5,0.0,1.0,1.0,349.0,349.0,0.0025,0.0015,benign
14.149224698543549,11.75,196.11074561403507,197.23899581193422,66.0,528.5,40077.56622985644,1.6842741587295929,3.6430195866995447,0.00029778480529778787,10.54728776216507,6,0.0,1.0,0.0,0.0,1.0,1.0,1683.0,1590.4014168337085,0.0018333333333333,0.0014624940645653,benign
14.149224698543549,11.75,196.11074561403507,197.23899581193422,66.0,528.5,40077.56622985644,1.6842741587295929,3.6430195866995447,0.00029778480529778787,10.54728776216507,4,0.0,0.75,0.25,0.0,1.0,1.0,2548.25,3783.8759476890887,0.0015,0.0005,benign
14.149224698543549,11.75,196.11074561403507,197.23899581193422,66.0,528.5,40077.56622985644,1.6842741587295929,3.6430195866995447,0.00029778480529778787,10.54728776216507,1,0.0,1.0,0.0,0.0,1.0,1.0,698.0,0.0,0.003,0.0,benign
14.149224698543549,11.75,196.11074561403507,197.23899581193422,66.0,528.5,40077.56622985644,1.6842741587295929,3.6430195866995447,0.00029778480529778787,10.54728776216507,1,0.0,1.0,0.0,0.0,1.0,1.0,1797.0,0.0,0.002,0.0,benign
14.149224698543549,11.75,196.11074561403507,197.23899581193422,66.0,528.5,40077.56622985644,1.6842741587295929,3.6430195866995447,0.00029778480529778787,10.54728776216507,2,0.0,0.5,0.5,0.0,1.0,1.0,349.0,349.0,0.0025,0.0005,benign
14.149224698543549,11.75,196.11074561403507,197.23899581193422,66.0,528.5,40077.56622985644,1.6842741587295929,3.6430195866995447,0.00029778480529778787,10.54728776216507,1,0.0,1.0,0.0,0.0,1.0,1.0,698.0,0.0,0.006,0.0,benign
11.511399984359741,9.75,184.63621794871796,192.14805287146913,66.0,530.5,37628.59725304076,1.4886917852349093,3.169722340483699,0.00017094612121580782,9.012495994567871,6,0.0,1.0,0.0,0.0,1.0,1.0,1683.0,1590.4014168337085,0.0021666666666666,0.0006871842709362,benign
11.511399984359741,9.75,184.63621794871796,192.14805287146913,66.0,530.5,37628.59725304076,1.4886917852349093,3.169722340483699,0.00017094612121580782,9.012495994567871,3,0.0,1.0,0.0,0.0,1.0,1.0,3397.333333333333,4025.674381047506,0.0023333333333333,0.0012472191289246,benign
11.511399984359741,9.75,184.63621794871796,192.14805287146913,66.0,530.5,37628.59725304076,1.4886917852349093,3.169722340483699,0.00017094612121580782,9.012495994567871,1,0.0,1.0,0.0,0.0,1.0,1.0,1797.0,0.0,0.002,0.0,benign
11.511399984359741,9.75,184.63621794871796,192.14805287146913,66.0,530.5,37628.59725304076,1.4886917852349093,3.169722340483699,0.00017094612121580782,9.012495994567871,1,0.0,1.0,0.0,0.0,1.0,1.0,1797.0,0.0,0.002,0.0,benign
9.7293781042099,15.5,226.5986842105263,217.93800013796616,66.0,569.0,47592.662540397054,0.7136169900797834,1.4635092627008093,0.00014913082122800704,4.452036499977112,4,0.0,0.75,0.25,0.0,1.0,1.0,2548.25,3783.8759476890887,0.0015,0.0005,benign
9.7293781042099,15.5,226.5986842105263,217.93800013796616,66.0,569.0,47592.662540397054,0.7136169900797834,1.4635092627008093,0.00014913082122800704,4.452036499977112,1,0.0,1.0,0.0,0.0,1.0,1.0,1406.0,0.0,0.002,0.0,benign
9.7293781042099,15.5,226.5986842105263,217.93800013796616,66.0,569.0,47592.662540397054,0.7136169900797834,1.4635092627008093,0.00014913082122800704,4.452036499977112,1,0.0,1.0,0.0,0.0,1.0,1.0,698.0,0.0,0.005,0.0,benign
184.2112640539805,15.666666666666666,208.02412280701753,205.1428418896405,66.0,549.0,42474.811485264705,12.324078792353669,44.0152963883291,0.00016339619954423802,175.83500202496847,5,0.0,1.0,0.0,0.0,1.0,1.0,1738.4,1736.9044418159567,0.001,0.0,benign
184.2112640539805,15.666666666666666,208.02412280701753,205.1428418896405,66.0,549.0,42474.811485264705,12.324078792353669,44.0152963883291,0.00016339619954423802,175.83500202496847,1,0.0,1.0,0.0,0.0,1.0,1.0,699.0,0.0,0.003,0.0,benign
112.91630926132203,10.6,177.825,186.5001092507079,66.0,524.0,35331.089172979795,7.947522487619739,27.549241186808548,0.00035004615783688003,108.41038122177125,6,0.0,1.0,0.0,0.0,1.0,1.0,1683.0,1590.4014168337085,0.0016666666666666,0.0007453559924999,benign
112.91630926132203,10.6,177.825,186.5001092507079,66.0,524.0,35331.089172979795,7.947522487619739,27.549241186808548,0.00035004615783688003,108.41038122177125,3,0.0,1.0,0.0,0.0,1.0,1.0,3397.0,4025.8979122675214,0.002,0.0008164965809277,benign
112.91630926132203,10.6,177.825,186.5001092507079,66.0,524.0,35331.089172979795,7.947522487619739,27.549241186808548,0.00035004615783688003,108.41038122177125,1,0.0,1.0,0.0,0.0,1.0,1.0,698.0,0.0,0.004,0.0,benign
188.6653652191162,17.666666666666668,214.14499999999998,207.77832868604006,66.0,549.0,43702.58748055556,12.574652318882217,44.582364001146935,0.00015926361083980418,177.8419733842214,5,0.0,0.8,0.2,0.0,1.0,1.0,2320.0,3415.008521219237,0.0014,0.0008,benign
188.6653652191162,17.666666666666668,214.14499999999998,207.77832868604006,66.0,549.0,43702.58748055556,12.574652318882217,44.582364001146935,0.00015926361083980418,177.8419733842214,2,0.0,0.5,0.5,0.0,1.0,1.0,349.0,349.0,0.0025,0.0005,benign
144.28332787752151,14.75,194.48375,193.79802522930788,66.0,530.5,38542.08644375,9.987850031798535,34.54829997363283,0.00021392107009882814,136.1613930463791,5,0.0,1.0,0.0,0.0,1.0,1.0,1738.4,1736.9044418159567,0.0012,0.0004,benign
144.28332787752151,14.75,194.48375,193.79802522930788,66.0,530.5,38542.08644375,9.987850031798535,34.54829997363283,0.00021392107009882814,136.1613930463791,1,0.0,1.0,0.0,0.0,1.0,1.0,699.0,0.0,0.005,0.0,benign
144.28332787752151,14.75,194.48375,193.79802522930788,66.0,530.5,38542.08644375,9.987850031798535,34.54829997363283,0.00021392107009882814,136.1613930463791,1,0.0,1.0,0.0,0.0,1.0,1.0,1797.0,0.0,0.002,0.0,benign
144.28332787752151,14.75,194.48375,193.79802522930788,66.0,530.5,38542.08644375,9.987850031798535,34.54829997363283,0.00021392107009882814,136.1613930463791,1,0.0,1.0,0.0,0.0,1.0,1.0,699.0,0.0,0.005,0.0,benign
120.48326497077942,12.6,176.67314814814813,183.6965901938491,66.0,515.4,34582.236055384084,9.123005663344275,30.021676608998508,0.00029520988464352125,114.868639087677,5,0.0,1.0,0.0,0.0,1.0,1.0,1738.4,1736.9044418159567,0.002,0.0006324555320336,benign
120.48326497077942,12.6,176.67314814814813,183.6965901938491,66.0,515.4,34582.236055384084,9.123005663344275,30.021676608998508,0.00029520988464352125,114.868639087677,1,0.0,1.0,0.0,0.0,1.0,1.0,1406.0,0.0,0.001,0.0,benign
120.48326497077942,12.6,176.67314814814813,183.6965901938491,66.0,515.4,34582.236055384084,9.123005663344275,30.021676608998508,0.00029520988464352125,114.868639087677,4,0.0,0.75,0.25,0.0,1.0,1.0,2548.25,3783.8759476890887,0.0035,0.002872281323269,benign
120.48326497077942,12.6,176.67314814814813,183.6965901938491,66.0,515.4,34582.236055384084,9.123005663344275,30.021676608998508,0.00029520988464352125,114.868639087677,1,0.0,1.0,0.0,0.0,1.0,1.0,697.0,0.0,0.004,0.0,benign
120.48326497077942,12.6,176.67314814814813,183.6965901938491,66.0,515.4,34582.236055384084,9.123005663344275,30.021676608998508,0.00029520988464352125,114.868639087677,1,0.0,1.0,0.0,0.0,1.0,1.0,698.0,0.0,0.004,0.0,benign
120.48326497077942,12.6,176.67314814814813,183.6965901938491,66.0,515.4,34582.236055384084,9.123005663344275,30.021676608998508,0.00029520988464352125,114.868639087677,1,0.0,1.0,0.0,0.0,1.0,1.0,1797.0,0.0,0.002,0.0,benign
120.48326497077942,12.6,176.67314814814813,183.6965901938491,66.0,515.4,34582.236055384084,9.123005663344275,30.021676608998508,0.00029520988464352125,114.868639087677,2,0.0,0.5,0.5,0.0,1.0,1.0,350.5,350.5,0.003,0.001,benign
115.68647742271423,11.4,184.55833333333334,190.61491288020562,66.0,524.6,37103.909375,8.25252333756649,28.2459422828757,0.0005805969238281,110.48572626113892,6,0.0,1.0,0.0,0.0,1.0,1.0,1683.0,1590.4014168337085,0.0023333333333333,0.0007453559924999,benign
115.68647742271423,11.4,184.55833333333334,190.61491288020562,66.0,524.6,37103.909375,8.25252333756649,28.2459422828757,0.0005805969238281,110.48572626113892,3,0.0,1.0,0.0,0.0,1.0,1.0,3397.333333333333,4025.674381047506,0.0013333333333333,0.0012472191289246,benign
115.68647742271423,11.4,184.55833333333334,190.61491288020562,66.0,524.6,37103.909375,8.25252333756649,28.2459422828757,0.0005805969238281,110.48572626113892,2,0.0,0.5,0.5,0.0,1.0,1.0,350.0,350.0,0.0025,0.0005,benign
115.68647742271423,11.4,184.55833333333334,190.61491288020562,66.0,524.6,37103.909375,8.25252333756649,28.2459422828757,0.0005805969238281,110.48572626113892,1,0.0,1.0,0.0,0.0,1.0,1.0,698.0,0.0,0.003,0.0,benign
186.70798563957214,15.666666666666666,208.02412280701753,205.1428418896405,66.0,549.0,42474.811485264705,12.507074946987908,44.609015806342164,0.00017603238423660676,178.50490172704062,5,0.0,0.8,0.2,0.0,1.0,1.0,2320.0,3415.008521219237,0.0026,0.0018547236990991,benign
186.70798563957214,15.666666666666666,208.02412280701753,205.1428418896405,66.0,549.0,42474.811485264705,12.507074946987908,44.609015806342164,0.00017603238423660676,178.50490172704062,2,0.0,0.5,0.5,0.0,1.0,1.0,349.0,349.0,0.003,0.001,benign
142.1482109427452,14.75,212.64309210526315,210.55667763822464,66.0,554.0,44715.46278061519,9.572780911428758,33.78509230744192,0.0002922415733337051,134.85013604164124,5,0.0,1.0,0.0,0.0,1.0,1.0,1738.4,1736.9044418159567,0.0016,0.0004898979485566,benign
142.1482109427452,14.75,212.64309210526315,210.55667763822464,66.0,554.0,44715.46278061519,9.572780911428758,33.78509230744192,0.0002922415733337051,134.85013604164124,1,0.0,1.0,0.0,0.0,1.0,1.0,1797.0,0.0,0.003,0.0,benign
142.1482109427452,14.75,212.64309210526315,210.55667763822464,66.0,554.0,44715.46278061519,9.572780911428758,33.78509230744192,0.0002922415733337051,134.85013604164124,2,0.0,0.5,0.5,0.0,1.0,1.0,349.5,349.5,0.003,0.002,benign
183.88222161928812,16.333333333333332,210.9699275362319,209.45148137385135,66.0,550.0,44497.11721447699,12.331485187646111,44.26133733726706,6.564458211261093e-05,176.81762528419495,5,0.0,0.8,0.2,0.0,1.0,1.0,2319.6,3415.1983602713326,0.002,0.0010954451150103,benign
183.88222161928812,16.333333333333332,210.9699275362319,209.45148137385135,66.0,550.0,44497.11721447699,12.331485187646111,44.26133733726706,6.564458211261093e-05,176.81762528419495,2,0.0,0.5,0.5,0.0,1.0,1.0,350.0,350.0,0.003,0.001,benign
183.88222161928812,16.333333333333332,210.9699275362319,209.45148137385135,66.0,550.0,44497.11721447699,12.331485187646111,44.26133733726706,6.564458211261093e-05,176.81762528419495,2,0.0,0.5,0.5,0.0,1.0,1.0,349.5,349.5,0.0025,0.0005,benign
183.88222161928812,16.333333333333332,210.9699275362319,209.45148137385135,66.0,550.0,44497.11721447699,12.331485187646111,44.26133733726706,6.564458211261093e-05,176.81762528419495,2,0.0,0.5,0.5,0.0,1.0,1.0,349.5,349.5,0.0025,0.0015,benign
183.88222161928812,16.333333333333332,210.9699275362319,209.45148137385135,66.0,550.0,44497.11721447699,12.331485187646111,44.26133733726706,6.564458211261093e-05,176.81762528419495,1,0.0,1.0,0.0,0.0,1.0,1.0,698.0,0.0,0.004,0.0,benign
182.88073460261026,15.666666666666666,208.71125730994152,206.25760949866515,66.0,550.0,42913.115014555755,12.22736243013581,43.88404720118024,0.0002695719401041375,175.81935167312622,5,0.0,0.8,0.2,0.0,1.0,1.0,2319.6,3415.1983602713326,0.002,0.0010954451150103,benign
182.88073460261026,15.666666666666666,208.71125730994152,206.25760949866515,66.0,550.0,42913.115014555755,12.22736243013581,43.88404720118024,0.0002695719401041375,175.81935167312622,2,0.0,0.5,0.5,0.0,1.0,1.0,349.5,349.5,0.003,0.001,benign
137.7177894115448,13.25,190.40844298245614,192.6574858387767,66.0,531.25,37949.982094250154,9.281969514519277,33.133626566177554,0.00026839971542355314,132.417133808136,5,0.0,1.0,0.0,0.0,1.0,1.0,1738.4,1736.9044418159567,0.002,0.0020976176963403,benign
186.38105591138205,18.333333333333332,215.75771604938268,208.5552257452729,66.0,550.0,44063.881765832186,12.409466556105949,44.40996352328445,0.0001996358235676776,177.85781200726828,5,0.0,0.8,0.2,0.0,1.0,1.0,2319.8,3415.103418639032,0.0018,0.0007483314773547,benign
142.5128611922264,15.25,195.693287037037,194.38069802373252,66.0,531.25,38813.05715770747,9.852513768817438,34.39578987041578,0.0002267360687255582,136.1154047846794,5,0.0,1.0,0.0,0.0,1.0,1.0,1738.4,1736.9044418159567,0.0014,0.0004898979485566,benign
142.5128611922264,15.25,195.693287037037,194.38069802373252,66.0,531.25,38813.05715770747,9.852513768817438,34.39578987041578,0.0002267360687255582,136.1154047846794,2,0.0,0.5,0.5,0.0,1.0,1.0,350.0,350.0,0.0035,0.0015,benign
142.5128611922264,15.25,195.693287037037,194.38069802373252,66.0,531.25,38813.05715770747,9.852513768817438,34.39578987041578,0.0002267360687255582,136.1154047846794,1,0.0,1.0,0.0,0.0,1.0,1.0,1797.0,0.0,0.001,0.0,benign
142.5128611922264,15.25,195.693287037037,194.38069802373252,66.0,531.25,38813.05715770747,9.852513768817438,34.39578987041578,0.0002267360687255582,136.1154047846794,2,0.0,0.5,0.5,0.0,1.0,1.0,349.5,349.5,0.0025,0.0005,benign
142.5128611922264,15.25,195.693287037037,194.38069802373252,66.0,531.25,38813.05715770747,9.852513768817438,34.39578987041578,0.0002267360687255582,136.1154047846794,1,0.0,1.0,0.0,0.0,1.0,1.0,698.0,0.0,0.004,0.0,benign
186.97678724924722,17.0,207.21833333333333,202.28744161665847,66.0,530.0,41515.778991666666,12.556568146634985,44.41345735457896,0.0001649061838785354,176.83895500500998,4,0.0,1.0,0.0,0.0,1.0,1.0,2899.75,3591.232962020147,0.00175,0.0012990381056766,benign
186.97678724924722,17.0,207.21833333333333,202.28744161665847,66.0,530.0,41515.778991666666,12.556568146634985,44.41345735457896,0.0001649061838785354,176.83895500500998,2,0.0,0.5,0.5,0.0,1.0,1.0,349.5,349.5,0.0025,0.0005,benign
142.41719216108322,14.25,189.28875,189.67985992727168,66.0,516.25,36901.98007708333,9.854346454805798,34.181901046883006,0.00019466876983637656,134.80975079536438,5,0.0,1.0,0.0,0.0,1.0,1.0,1738.4,1736.9044418159567,0.0014,0.0004898979485566,benign
142.41719216108322,14.25,189.28875,189.67985992727168,66.0,516.25,36901.98007708333,9.854346454805798,34.181901046883006,0.00019466876983637656,134.80975079536438,2,0.0,0.5,0.5,0.0,1.0,1.0,349.0,349.0,0.003,0.0,benign
142.41719216108322,14.25,189.28875,189.67985992727168,66.0,516.25,36901.98007708333,9.854346454805798,34.181901046883006,0.00019466876983637656,134.80975079536438,1,0.0,1.0,0.0,0.0,1.0,1.0,1797.0,0.0,0.002,0.0,benign
118.74791073799133,12.6,189.8345238095238,192.91717437734212,66.0,524.6,38169.683524659864,8.575004155305555,29.0095844101661,0.00035734176635736375,112.85189003944397,6,0.0,1.0,0.0,0.0,1.0,1.0,1683.0,1590.4014168337085,0.0015,0.0007637626158259,benign
118.74791073799133,12.6,189.8345238095238,192.91717437734212,66.0,524.6,38169.683524659864,8.575004155305555,29.0095844101661,0.00035734176635736375,112.85189003944397,3,0.0,1.0,0.0,0.0,1.0,1.0,3397.333333333333,4025.674381047506,0.002,0.0008164965809277,benign
118.74791073799133,12.6,189.8345238095238,192.91717437734212,66.0,524.6,38169.683524659864,8.575004155305555,29.0095844101661,0.00035734176635736375,112.85189003944397,1,0.0,1.0,0.0,0.0,1.0,1.0,1797.0,0.0,0.002,0.0,benign
118.74791073799133,12.6,189.8345238095238,192.91717437734212,66.0,524.6,38169.683524659864,8.575004155305555,29.0095844101661,0.00035734176635736375,112.85189003944397,2,0.0,0.5,0.5,0.0,1.0,1.0,350.0,350.0,0.0025,0.0015,benign
118.74791073799133,12.6,189.8345238095238,192.91717437734212,66.0,524.6,38169.683524659864,8.575004155305555,29.0095844101661,0.00035734176635736375,112.85189003944397,1,0.0,1.0,0.0,0.0,1.0,1.0,700.0,0.0,0.005,0.0,benign
118.74791073799133,12.6,189.8345238095238,192.91717437734212,66.0,524.6,38169.683524659864,8.575004155305555,29.0095844101661,0.00035734176635736375,112.85189003944397,2,0.0,0.5,0.5,0.0,1.0,1.0,350.0,350.0,0.004,0.002,benign
184.49149306615195,13.0,191.00555555555556,197.6628600931964,66.0,529.0,39557.315879629634,12.574794282610455,44.67012232818809,0.00028491020202633753,177.53948911031088,4,0.0,1.0,0.0,0.0,1.0,1.0,2899.5,3591.386187811052,0.00175,0.0008291561975888,benign
184.49149306615195,13.0,191.00555555555556,197.6628600931964,66.0,529.0,39557.315879629634,12.574794282610455,44.67012232818809,0.00028491020202633753,177.53948911031088,2,0.0,0.5,0.5,0.0,1.0,1.0,349.0,349.0,0.003,0.001,benign
184.49149306615195,13.0,191.00555555555556,197.6628600931964,66.0,529.0,39557.315879629634,12.574794282610455,44.67012232818809,0.00028491020202633753,177.53948911031088,1,0.0,1.0,0.0,0.0,1.0,1.0,700.0,0.0,0.004,0.0,benign
186.50306495030722,15.0,200.97412280701755,199.47995425195896,66.0,529.0,40213.49009637581,12.581058516325774,44.63884030992052,0.00018493334452306665,178.33751861254373,4,0.0,1.0,0.0,0.0,1.0,1.0,2899.75,3591.232962020147,0.0015,0.0008660254037844,benign
186.50306495030722,15.0,200.97412280701755,199.47995425195896,66.0,529.0,40213.49009637581,12.581058516325774,44.63884030992052,0.00018493334452306665,178.33751861254373,2,0.0,0.5,0.5,0.0,1.0,1.0,349.0,349.0,0.002,0.001,benign
141.92941272258759,13.75,202.80559210526314,203.85881936349398,66.0,539.0,41931.87007228186,9.66380655500624,33.8265039234362,0.00022721290588374998,134.73864996433258,5,0.0,1.0,0.0,0.0,1.0,1.0,1738.4,1736.9044418159567,0.001,0.0006324555320336,benign
141.92941272258759,13.75,202.80559210526314,203.85881936349398,66.0,539.0,41931.87007228186,9.66380655500624,33.8265039234362,0.00022721290588374998,134.73864996433258,1,0.0,1.0,0.0,0.0,1.0,1.0,698.0,0.0,0.003,0.0,benign
141.92941272258759,13.75,202.80559210526314,203.85881936349398,66.0,539.0,41931.87007228186,9.66380655500624,33.8265039234362,0.00022721290588374998,134.73864996433258,1,0.0,1.0,0.0,0.0,1.0,1.0,1797.0,0.0,0.003,0.0,benign
188.59457063674927,17.0,212.4365942028986,207.0787964371327,66.0,549.0,43373.898567134005,12.590888179191436,44.67808660666182,0.0002027352650960047,178.17817298571268,5,0.0,0.8,0.2,0.0,1.0,1.0,2319.6,3415.1983602713326,0.0016,0.0012,benign
144.4776390194893,14.25,193.20244565217394,193.27337604262735,66.0,530.5,38295.569758683836,10.049508342779044,34.71908890611061,0.0003135800361633035,136.66101896762848,5,0.0,1.0,0.0,0.0,1.0,1.0,1738.4,1736.9044418159567,0.0016,0.0004898979485566,benign
144.4776390194893,14.25,193.20244565217394,193.27337604262735,66.0,530.5,38295.569758683836,10.049508342779044,34.71908890611061,0.0003135800361633035,136.66101896762848,2,0.0,0.5,0.5,0.0,1.0,1.0,350.0,350.0,0.002,0.001,benign
144.4776390194893,14.25,193.20244565217394,193.27337604262735,66.0,530.5,38295.569758683836,10.049508342779044,34.71908890611061,0.0003135800361633035,136.66101896762848,1,0.0,1.0,0.0,0.0,1.0,1.0,1797.0,0.0,0.002,0.0,benign
144.4776390194893,14.25,193.20244565217394,193.27337604262735,66.0,530.5,38295.569758683836,10.049508342779044,34.71908890611061,0.0003135800361633035,136.66101896762848,1,0.0,1.0,0.0,0.0,1.0,1.0,1797.0,0.0,0.002,0.0,benign
119.06927981376649,11.8,186.76698717948716,192.01797530372633,66.0,524.0,37718.32203474277,8.64754370905104,29.020930457156858,0.0003272056579589428,112.92671728134155,6,0.0,1.0,0.0,0.0,1.0,1.0,1683.0,1590.4014168337085,0.0013333333333333,0.000471404520791,benign
119.06927981376649,11.8,186.76698717948716,192.01797530372633,66.0,524.0,37718.32203474277,8.64754370905104,29.020930457156858,0.0003272056579589428,112.92671728134155,1,0.0,1.0,0.0,0.0,1.0,1.0,1797.0,0.0,0.002,0.0,benign
119.06927981376649,11.8,186.76698717948716,192.01797530372633,66.0,524.0,37718.32203474277,8.64754370905104,29.020930457156858,0.0003272056579589428,112.92671728134155,1,0.0,1.0,0.0,0.0,1.0,1.0,1797.0,0.0,0.002,0.0,benign
119.06927981376649,11.8,186.76698717948716,192.01797530372633,66.0,524.0,37718.32203474277,8.64754370905104,29.020930457156858,0.0003272056579589428,112.92671728134155,3,0.0,1.0,0.0,0.0,1.0,1.0,3397.333333333333,4025.674381047506,0.0016666666666666,0.000942809041582,benign
119.06927981376649,11.8,186.76698717948716,192.01797530372633,66.0,524.0,37718.32203474277,8.64754370905104,29.020930457156858,0.0003272056579589428,112.92671728134155,2,0.0,0.5,0.5,0.0,1.0,1.0,348.5,348.5,0.0015,0.0005,benign
273.8414554595947,14.0,194.52083333333331,197.0929345399484,66.0,539.0,39153.29079861112,18.43195006052653,65.69225944839903,0.00035691261291500003,262.75010895729065,1,0.0,1.0,0.0,0.0,1.0,1.0,699.0,0.0,0.004,0.0,benign
187.35985430081686,16.333333333333332,209.69642857142856,205.615644877768,66.0,550.0,42628.17723686697,12.527910906738704,44.40856799670712,0.0002686182657877344,177.6549153327942,3,0.0,1.0,0.0,0.0,1.0,1.0,3633.3333333333335,3878.577173254245,0.001,0.0,benign
187.35985430081686,16.333333333333332,209.69642857142856,205.615644877768,66.0,550.0,42628.17723686697,12.527910906738704,44.40856799670712,0.0002686182657877344,177.6549153327942,2,0.0,0.5,0.5,0.0,1.0,1.0,348.5,348.5,0.003,0.0,benign
142.38907027244568,13.25,174.27232142857142,155.07775906211046,66.0,431.0,31974.13292765023,10.018993028998374,34.18707262560087,0.0003477334976196008,135.10966873168945,5,0.0,1.0,0.0,0.0,1.0,1.0,1738.4,1736.9044418159567,0.0018,0.0007483314773547,benign
142.38907027244568,13.25,174.27232142857142,155.07775906211046,66.0,431.0,31974.13292765023,10.018993028998374,34.18707262560087,0.0003477334976196008,135.10966873168945,1,0.0,1.0,0.0,0.0,1.0,1.0,1797.0,0.0,0.002,0.0,benign
185.67423264185587,17.0,212.5199275362319,207.1979501745133,66.0,549.0,43423.461067134005,12.391256163096186,44.244478171607206,0.00014734268188474012,176.8115553855896,5,0.0,0.8,0.2,0.0,1.0,1.0,2319.8,3415.103418639032,0.0028,0.0026381811916545,benign
114.96110301017761,12.2,168.21195652173915,155.3830133995578,66.0,439.2,30668.59330694707,8.38302920991724,28.093230142960966,0.00022182464599604406,109.63765983581543,5,0.0,1.0,0.0,0.0,1.0,1.0,1738.4,1736.9044418159567,0.0014,0.0008,benign
114.96110301017761,12.2,168.21195652173915,155.3830133995578,66.0,439.2,30668.59330694707,8.38302920991724,28.093230142960966,0.00022182464599604406,109.63765983581543,1,0.0,1.0,0.0,0.0,1.0,1.0,1797.0,0.0,0.003,0.0,benign
114.96110301017761,12.2,168.21195652173915,155.3830133995578,66.0,439.2,30668.59330694707,8.38302920991724,28.093230142960966,0.00022182464599604406,109.63765983581543,2,0.0,0.5,0.5,0.0,1.0,1.0,349.5,349.5,0.0025,0.0005,benign
114.96110301017761,12.2,168.21195652173915,155.3830133995578,66.0,439.2,30668.59330694707,8.38302920991724,28.093230142960966,0.00022182464599604406,109.63765983581543,1,0.0,1.0,0.0,0.0,1.0,1.0,1797.0,0.0,0.002,0.0,benign
117.64745240211487,12.2,189.45245098039214,193.12589513414463,66.0,525.2,38238.527455957876,8.437832013523622,28.7178312464544,0.00031838417053217996,112.10086402893066,6,0.0,1.0,0.0,0.0,1.0,1.0,1683.0,1590.4014168337085,0.0013333333333333,0.000471404520791,benign
117.64745240211487,12.2,189.45245098039214,193.12589513414463,66.0,525.2,38238.527455957876,8.437832013523622,28.7178312464544,0.00031838417053217996,112.10086402893066,4,0.0,0.75,0.25,0.0,1.0,1.0,2548.25,3783.8759476890887,0.00125,0.0004330127018922,benign
117.64745240211487,12.2,189.45245098039214,193.12589513414463,66.0,525.2,38238.527455957876,8.437832013523622,28.7178312464544,0.00031838417053217996,112.10086402893066,1,0.0,1.0,0.0,0.0,1.0,1.0,1797.0,0.0,0.003,0.0,benign
117.64745240211487,12.2,189.45245098039214,193.12589513414463,66.0,525.2,38238.527455957876,8.437832013523622,28.7178312464544,0.00031838417053217996,112.10086402893066,2,0.0,0.5,0.5,0.0,1.0,1.0,350.0,350.0,0.0025,0.0005,benign
117.64745240211487,12.2,189.45245098039214,193.12589513414463,66.0,525.2,38238.527455957876,8.437832013523622,28.7178312464544,0.00031838417053217996,112.10086402893066,1,0.0,1.0,0.0,0.0,1.0,1.0,698.0,0.0,0.003,0.0,benign
114.45591025352478,11.0,181.62115384615382,188.89994192967728,66.0,524.0,36360.911010437216,8.120566019289422,27.961858135607837,0.00024013519287104375,109.87904267311096,6,0.0,1.0,0.0,0.0,1.0,1.0,1683.0,1590.4014168337085,0.0016666666666666,0.000471404520791,benign
114.45591025352478,11.0,181.62115384615382,188.89994192967728,66.0,524.0,36360.911010437216,8.120566019289422,27.961858135607837,0.00024013519287104375,109.87904267311096,3,0.0,1.0,0.0,0.0,1.0,1.0,3397.0,4025.8979122675214,0.0016666666666666,0.000942809041582,benign
114.45591025352478,11.0,181.62115384615382,188.89994192967728,66.0,524.0,36360.911010437216,8.120566019289422,27.961858135607837,0.00024013519287104375,109.87904267311096,1,0.0,1.0,0.0,0.0,1.0,1.0,1797.0,0.0,0.002,0.0,benign
114.45591025352478,11.0,181.62115384615382,188.89994192967728,66.0,524.0,36360.911010437216,8.120566019289422,27.961858135607837,0.00024013519287104375,109.87904267311096,1,0.0,1.0,0.0,0.0,1.0,1.0,1797.0,0.0,0.004,0.0,benign
182.7005879084269,13.666666666666666,194.5049019607843,199.18775454315926,66.0,529.0,40261.83877595155,12.361036037499941,44.21101531590303,0.00018493334452307082,176.14661439259848,4,0.0,1.0,0.0,0.0,1.0,1.0,2899.5,3591.386187811052,0.00175,0.0008291561975888,benign
182.7005879084269,13.666666666666666,194.5049019607843,199.18775454315926,66.0,529.0,40261.83877595155,12.361036037499941,44.21101531590303,0.00018493334452307082,176.14661439259848,2,0.0,0.5,0.5,0.0,1.0,1.0,349.0,349.0,0.002,0.001,benign
182.7005879084269,13.666666666666666,194.5049019607843,199.18775454315926,66.0,529.0,40261.83877595155,12.361036037499941,44.21101531590303,0.00018493334452307082,176.14661439259848,2,0.0,0.5,0.5,0.0,1.0,1.0,349.5,349.5,0.0025,0.0005,benign
183.55077966054282,15.666666666666666,208.07675438596493,205.21918387759442,66.0,550.0,42509.598188865806,12.275725266026326,43.96395436050519,0.000195423762003538,176.04412698745728,3,0.0,0.6666666666666666,0.3333333333333333,0.0,1.0,1.0,368.3333333333333,286.6058074933041,0.0043333333333333,0.0024944382578492,benign
183.55077966054282,15.666666666666666,208.07675438596493,205.21918387759442,66.0,550.0,42509.598188865806,12.275725266026326,43.96395436050519,0.000195423762003538,176.04412698745728,2,0.0,1.0,0.0,0.0,1.0,1.0,5247.0,3841.0,0.0015,0.0005,benign
183.55077966054282,15.666666666666666,208.07675438596493,205.21918387759442,66.0,550.0,42509.598188865806,12.275725266026326,43.96395436050519,0.000195423762003538,176.04412698745728,2,0.0,0.5,0.5,0.0,1.0,1.0,350.0,350.0,0.0025,0.0005,benign
138.2541505098343,13.25,189.9325657894737,191.87866662297364,66.0,531.25,37647.34447498269,9.32500710240518,33.20671367181022,0.0002935528755187535,132.6187914609909,5,0.0,1.0,0.0,0.0,1.0,1.0,1738.4,1736.9044418159567,0.0016,0.0012,benign
186.47543740272522,14.333333333333334,201.04722222222222,201.21725522261872,66.0,549.0,40735.11275462963,12.559045377197373,45.05229100164437,0.0002773602803547818,180.2773139476776,5,0.0,0.8,0.2,0.0,1.0,1.0,2319.6,3415.1983602713326,0.0018,0.001166190378969,benign
142.63775104284286,14.75,213.09791666666666,210.04405235908993,66.0,554.0,44537.28769097222,9.604695565617961,34.068762253202095,0.0003537535667419114,136.073939204216,5,0.0,1.0,0.0,0.0,1.0,1.0,1738.4,1736.9044418159567,0.0016,0.0008,benign
142.63775104284286,14.75,213.09791666666666,210.04405235908993,66.0,554.0,44537.28769097222,9.604695565617961,34.068762253202095,0.0003537535667419114,136.073939204216,1,0.0,1.0,0.0,0.0,1.0,1.0,696.0,0.0,0.003,0.0,benign
142.63775104284286,14.75,213.09791666666666,210.04405235908993,66.0,554.0,44537.28769097222,9.604695565617961,34.068762253202095,0.0003537535667419114,136.073939204216,1,0.0,1.0,0.0,0.0,1.0,1.0,1797.0,0.0,0.002,0.0,benign
142.63775104284286,14.75,213.09791666666666,210.04405235908993,66.0,554.0,44537.28769097222,9.604695565617961,34.068762253202095,0.0003537535667419114,136.073939204216,1,0.0,1.0,0.0,0.0,1.0,1.0,697.0,0.0,0.006,0.0,benign
142.63775104284286,14.75,213.09791666666666,210.04405235908993,66.0,554.0,44537.28769097222,9.604695565617961,34.068762253202095,0.0003537535667419114,136.073939204216,2,0.0,0.5,0.5,0.0,1.0,1.0,348.5,348.5,0.0035,0.0005,benign
189.10716303189596,16.666666666666668,215.4507575757576,207.89687769477464,66.0,550.0,43751.86456898531,12.637562149496475,44.82803077719155,0.0001734097798665047,178.98746665318808,5,0.0,0.8,0.2,0.0,1.0,1.0,2319.8,3415.103418639032,0.0016,0.0012,benign
189.10716303189596,16.666666666666668,215.4507575757576,207.89687769477464,66.0,550.0,43751.86456898531,12.637562149496475,44.82803077719155,0.0001734097798665047,178.98746665318808,2,0.0,0.5,0.5,0.0,1.0,1.0,349.0,349.0,0.004,0.002,benign
189.10716303189596,16.666666666666668,215.4507575757576,207.89687769477464,66.0,550.0,43751.86456898531,12.637562149496475,44.82803077719155,0.0001734097798665047,178.98746665318808,2,0.0,0.5,0.5,0.0,1.0,1.0,349.0,349.0,0.0025,0.0005,benign
144.1264438033104,15.5,218.2755681818182,212.7168889236452,66.0,555.5,45716.23696840565,9.686905387521303,33.97251704679848,0.0002292990684509035,135.164676964283,5,0.0,1.0,0.0,0.0,1.0,1.0,1738.4,1736.9044418159567,0.0018,0.0007483314773547,benign
144.1264438033104,15.5,218.2755681818182,212.7168889236452,66.0,555.5,45716.23696840565,9.686905387521303,33.97251704679848,0.0002292990684509035,135.164676964283,1,0.0,1.0,0.0,0.0,1.0,1.0,1797.0,0.0,0.002,0.0,benign
144.1264438033104,15.5,218.2755681818182,212.7168889236452,66.0,555.5,45716.23696840565,9.686905387521303,33.97251704679848,0.0002292990684509035,135.164676964283,2,0.0,0.5,0.5,0.0,1.0,1.0,349.5,349.5,0.0025,0.0005,benign
113.19356594085693,9.6,168.89166666666665,180.66155237668985,66.0,515.4,33196.96493055556,8.147751154878954,27.9383349467631,0.00030536651611324,109.29393939971924,5,0.0,1.0,0.0,0.0,1.0,1.0,1738.4,1736.9044418159567,0.0014,0.0004898979485566,benign
113.19356594085693,9.6,168.89166666666665,180.66155237668985,66.0,515.4,33196.96493055556,8.147751154878954,27.9383349467631,0.00030536651611324,109.29393939971924,1,0.0,1.0,0.0,0.0,1.0,1.0,1406.0,0.0,0.001,0.0,benign
113.19356594085693,9.6,168.89166666666665,180.66155237668985,66.0,515.4,33196.96493055556,8.147751154878954,27.9383349467631,0.00030536651611324,109.29393939971924,1,0.0,1.0,0.0,0.0,1.0,1.0,1797.0,0.0,0.001,0.0,benign
113.19356594085693,9.6,168.89166666666665,180.66155237668985,66.0,515.4,33196.96493055556,8.147751154878954,27.9383349467631,0.00030536651611324,109.29393939971924,1,0.0,1.0,0.0,0.0,1.0,1.0,1797.0,0.0,0.002,0.0,benign
122.53775615692139,13.4,193.57572463768116,194.60971590859862,66.0,525.2,38944.51089928961,8.95996689176067,29.97333569989401,0.00029797554016108125,115.76688704490661,6,0.0,1.0,0.0,0.0,1.0,1.0,1683.0,1590.4014168337085,0.002,0.0008164965809277,benign
122.53775615692139,13.4,193.57572463768116,194.60971590859862,66.0,525.2,38944.51089928961,8.95996689176067,29.97333569989401,0.00029797554016108125,115.76688704490661,4,0.0,0.75,0.25,0.0,1.0,1.0,2548.5,3783.7537908801614,0.00175,0.0008291561975888,benign
122.53775615692139,13.4,193.57572463768116,194.60971590859862,66.0,525.2,38944.51089928961,8.95996689176067,29.97333569989401,0.00029797554016108125,115.76688704490661,2,0.0,0.5,0.5,0.0,1.0,1.0,350.0,350.0,0.0025,0.0005,benign
122.53775615692139,13.4,193.57572463768116,194.60971590859862,66.0,525.2,38944.51089928961,8.95996689176067,29.97333569989401,0.00029797554016108125,115.76688704490661,1,0.0,1.0,0.0,0.0,1.0,1.0,698.0,0.0,0.006,0.0,benign
122.53775615692139,13.4,193.57572463768116,194.60971590859862,66.0,525.2,38944.51089928961,8.95996689176067,29.97333569989401,0.00029797554016108125,115.76688704490661,2,0.0,0.5,0.5,0.0,1.0,1.0,349.5,349.5,0.0025,0.0015,benign
122.53775615692139,13.4,193.57572463768116,194.60971590859862,66.0,525.2,38944.51089928961,8.95996689176067,29.97333569989401,0.00029797554016108125,115.76688704490661,2,0.0,0.5,0.5,0.0,1.0,1.0,348.5,348.5,0.005,0.0,benign
186.4102656841278,15.666666666666666,209.3218253968254,209.1339149696373,66.0,550.0,44335.14325349584,12.549096752537622,44.82514264580802,0.00018572807312007135,178.38734396298727,5,0.0,0.8,0.2,0.0,1.0,1.0,2320.0,3415.008521219237,0.0016,0.0008,benign
186.4102656841278,15.666666666666666,209.3218253968254,209.1339149696373,66.0,550.0,44335.14325349584,12.549096752537622,44.82514264580802,0.00018572807312007135,178.38734396298727,2,0.0,0.5,0.5,0.0,1.0,1.0,349.0,349.0,0.0035,0.0015,benign
186.4102656841278,15.666666666666666,209.3218253968254,209.1339149696373,66.0,550.0,44335.14325349584,12.549096752537622,44.82514264580802,0.00018572807312007135,178.38734396298727,2,0.0,0.5,0.5,0.0,1.0,1.0,349.0,349.0,0.0025,0.0005,benign
186.4102656841278,15.666666666666666,209.3218253968254,209.1339149696373,66.0,550.0,44335.14325349584,12.549096752537622,44.82514264580802,0.00018572807312007135,178.38734396298727,2,0.0,0.5,0.5,0.0,1.0,1.0,349.0,349.0,0.003,0.001,benign
187.42921368281046,17.0,212.48007246376812,207.13770305874365,66.0,550.0,43401.46378452531,12.510898558057917,44.42092314810254,0.00020305315653480467,177.2042510509491,5,0.0,0.8,0.2,0.0,1.0,1.0,2319.6,3415.1983602713326,0.0014,0.0008,benign
187.42921368281046,17.0,212.48007246376812,207.13770305874365,66.0,550.0,43401.46378452531,12.510898558057917,44.42092314810254,0.00020305315653480467,177.2042510509491,1,0.0,1.0,0.0,0.0,1.0,1.0,698.0,0.0,0.004,0.0,benign
142.7985995411873,14.25,193.2350543478261,193.31755600883557,66.0,531.25,38316.24367172731,9.828511774359326,34.20411436920744,0.0002713203430175535,135.12536823749542,5,0.0,1.0,0.0,0.0,1.0,1.0,1738.4,1736.9044418159567,0.0018,0.001166190378969,benign
142.7985995411873,14.25,193.2350543478261,193.31755600883557,66.0,531.25,38316.24367172731,9.828511774359326,34.20411436920744,0.0002713203430175535,135.12536823749542,1,0.0,1.0,0.0,0.0,1.0,1.0,698.0,0.0,0.006,0.0,benign
142.7985995411873,14.25,193.2350543478261,193.31755600883557,66.0,531.25,38316.24367172731,9.828511774359326,34.20411436920744,0.0002713203430175535,135.12536823749542,2,0.0,0.5,0.5,0.0,1.0,1.0,350.0,350.0,0.0035,0.0015,benign
184.26171358426413,13.666666666666666,200.74722222222223,205.65799140588732,66.0,550.0,42706.793865740736,12.44594747200214,44.50052730898938,0.00028991699218746666,177.36625170707703,5,0.0,0.8,0.2,0.0,1.0,1.0,2319.4,3415.293346112454,0.0021999999999999,0.0009797958971132,benign
184.26171358426413,13.666666666666666,200.74722222222223,205.65799140588732,66.0,550.0,42706.793865740736,12.44594747200214,44.50052730898938,0.00028991699218746666,177.36625170707703,2,0.0,0.5,0.5,0.0,1.0,1.0,349.5,349.5,0.0025,0.0015,benign
184.26171358426413,13.666666666666666,200.74722222222223,205.65799140588732,66.0,550.0,42706.793865740736,12.44594747200214,44.50052730898938,0.00028991699218746666,177.36625170707703,1,0.0,1.0,0.0,0.0,1.0,1.0,697.0,0.0,0.004,0.0,benign
184.05064264933267,13.666666666666666,194.5049019607843,199.18775454315926,66.0,529.0,40261.83877595155,12.49952789795777,44.54515328325022,0.00018024444580073748,177.1967536608378,4,0.0,1.0,0.0,0.0,1.0,1.0,2899.5,3591.386187811052,0.00175,0.0012990381056766,benign
184.05064264933267,13.666666666666666,194.5049019607843,199.18775454315926,66.0,529.0,40261.83877595155,12.49952789795777,44.54515328325022,0.00018024444580073748,177.1967536608378,2,0.0,0.5,0.5,0.0,1.0,1.0,349.5,349.5,0.004,0.0,benign
184.05064264933267,13.666666666666666,194.5049019607843,199.18775454315926,66.0,529.0,40261.83877595155,12.49952789795777,44.54515328325022,0.00018024444580073748,177.1967536608378,2,0.0,0.5,0.5,0.0,1.0,1.0,349.0,349.0,0.002,0.001,benign
117.00876564979554,12.2,189.4171568627451,193.0759654779476,66.0,524.6,38215.15444557725,8.360516995005991,28.5636200125057,4.520416259764469e-05,111.52768201828003,6,0.0,1.0,0.0,0.0,1.0,1.0,1683.0,1590.4014168337085,0.0015,0.0005,benign
117.00876564979554,12.2,189.4171568627451,193.0759654779476,66.0,524.6,38215.15444557725,8.360516995005991,28.5636200125057,4.520416259764469e-05,111.52768201828003,4,0.0,0.75,0.25,0.0,1.0,1.0,2548.0,3783.998150105256,0.00175,0.0012990381056766,benign
117.00876564979554,12.2,189.4171568627451,193.0759654779476,66.0,524.6,38215.15444557725,8.360516995005991,28.5636200125057,4.520416259764469e-05,111.52768201828003,2,0.0,0.5,0.5,0.0,1.0,1.0,348.5,348.5,0.003,0.001,benign
117.00876564979554,12.2,189.4171568627451,193.0759654779476,66.0,524.6,38215.15444557725,8.360516995005991,28.5636200125057,4.520416259764469e-05,111.52768201828003,2,0.0,0.5,0.5,0.0,1.0,1.0,349.0,349.0,0.002,0.001,benign
115.4097888469696,11.8,186.61987179487178,191.72005478139766,66.0,524.0,37597.29770504603,8.190717136859892,28.128586111525358,0.00022487640380856278,110.27628087997437,6,0.0,1.0,0.0,0.0,1.0,1.0,1683.0,1590.4014168337085,0.0021666666666666,0.0006871842709362,benign
115.4097888469696,11.8,186.61987179487178,191.72005478139766,66.0,524.0,37597.29770504603,8.190717136859892,28.128586111525358,0.00022487640380856278,110.27628087997437,1,0.0,1.0,0.0,0.0,1.0,1.0,1797.0,0.0,0.002,0.0,benign
115.4097888469696,11.8,186.61987179487178,191.72005478139766,66.0,524.0,37597.29770504603,8.190717136859892,28.128586111525358,0.00022487640380856278,110.27628087997437,4,0.0,0.75,0.25,0.0,1.0,1.0,2548.5,3783.7537908801614,0.0015,0.0008660254037844,benign
115.4097888469696,11.8,186.61987179487178,191.72005478139766,66.0,524.0,37597.29770504603,8.190717136859892,28.128586111525358,0.00022487640380856278,110.27628087997437,2,0.0,0.5,0.5,0.0,1.0,1.0,349.0,349.0,0.002,0.001,benign
185.6174213886261,13.666666666666666,194.08055555555555,195.6735213223178,66.0,529.0,38523.35386574074,12.569686656528049,44.96852740569784,0.00021759668985999063,179.65755065282187,2,0.0,1.0,0.0,0.0,1.0,1.0,551.5,145.5,0.0025,0.0015,benign
185.6174213886261,13.666666666666666,194.08055555555555,195.6735213223178,66.0,529.0,38523.35386574074,12.569686656528049,44.96852740569784,0.00021759668985999063,179.65755065282187,2,0.0,1.0,0.0,0.0,1.0,1.0,5247.0,3841.0,0.0015,0.0005,benign
141.76044476032257,14.25,207.87291666666667,205.88625193386426,66.0,539.0,42878.46852430556,9.59709024031957,34.008225589210895,0.000248670578002893,135.45153325796127,5,0.0,1.0,0.0,0.0,1.0,1.0,1738.4,1736.9044418159567,0.0016,0.0008,benign
141.76044476032257,14.25,207.87291666666667,205.88625193386426,66.0,539.0,42878.46852430556,9.59709024031957,34.008225589210895,0.000248670578002893,135.45153325796127,1,0.0,1.0,0.0,0.0,1.0,1.0,700.0,0.0,0.005,0.0,benign
141.76044476032257,14.25,207.87291666666667,205.88625193386426,66.0,539.0,42878.46852430556,9.59709024031957,34.008225589210895,0.000248670578002893,135.45153325796127,2,0.0,0.5,0.5,0.0,1.0,1.0,348.5,348.5,0.0035,0.0005,benign
141.76044476032257,14.25,207.87291666666667,205.88625193386426,66.0,539.0,42878.46852430556,9.59709024031957,34.008225589210895,0.000248670578002893,135.45153325796127,2,0.0,0.5,0.5,0.0,1.0,1.0,349.5,349.5,0.0035,0.0015,benign
270.85649943351746,16.5,200.84926470588235,201.27174338756504,66.0,539.0,40982.03911656575,18.03931253949801,65.10503629182057,9.703636169430703e-05,260.93942511081696,4,0.0,1.0,0.0,0.0,1.0,1.0,2899.5,3591.386187811052,0.002,0.0012247448713915,benign
270.85649943351746,16.5,200.84926470588235,201.27174338756504,66.0,539.0,40982.03911656575,18.03931253949801,65.10503629182057,9.703636169430703e-05,260.93942511081696,1,0.0,1.0,0.0,0.0,1.0,1.0,698.0,0.0,0.003,0.0,benign
181.2735165754954,13.0,179.0661764705882,184.80020054474713,66.0,517.6666666666666,35008.220522154945,12.166711750295427,43.680016972836675,0.00014535586039220467,174.65340773264566,5,0.0,1.0,0.0,0.0,1.0,1.0,1738.4,1736.9044418159567,0.0022,0.001166190378969,benign
14.11461728811264,11.75,196.80269607843135,197.98603186211565,66.0,528.5,40390.21928465014,1.666656989497798,3.6219166482539724,0.00029331445693962696,10.55190908908844,6,0.0,1.0,0.0,0.0,1.0,1.0,1683.0,1590.4014168337085,0.0011666666666666,0.0003726779962499,benign
14.11461728811264,11.75,196.80269607843135,197.98603186211565,66.0,528.5,40390.21928465014,1.666656989497798,3.6219166482539724,0.00029331445693962696,10.55190908908844,1,0.0,1.0,0.0,0.0,1.0,1.0,1797.0,0.0,0.002,0.0,benign
14.11461728811264,11.75,196.80269607843135,197.98603186211565,66.0,528.5,40390.21928465014,1.666656989497798,3.6219166482539724,0.00029331445693962696,10.55190908908844,4,0.0,0.75,0.25,0.0,1.0,1.0,2548.0,3783.998150105256,0.0015,0.0008660254037844,benign
14.11461728811264,11.75,196.80269607843135,197.98603186211565,66.0,528.5,40390.21928465014,1.666656989497798,3.6219166482539724,0.00029331445693962696,10.55190908908844,2,0.0,0.5,0.5,0.0,1.0,1.0,350.0,350.0,0.002,0.001,benign
14.11461728811264,11.75,196.80269607843135,197.98603186211565,66.0,528.5,40390.21928465014,1.666656989497798,3.6219166482539724,0.00029331445693962696,10.55190908908844,2,0.0,0.5,0.5,0.0,1.0,1.0,350.0,350.0,0.002,0.0,benign
12.614917993545532,16.5,230.16666666666666,219.50631745638444,66.0,569.0,48320.0992063492,0.8904124465855685,1.9692599126753563,0.00024497509002680625,6.277093529701233,5,0.0,0.8,0.2,0.0,1.0,1.0,2319.6,3415.1983602713326,0.0022,0.0019390719429665,benign
11.476357618967691,13.0,198.6111111111111,196.95658325729337,66.0,537.6666666666666,39900.260582010575,1.2068907557111797,2.536711039420879,0.0002736250559488375,7.24575138092041,5,0.0,1.0,0.0,0.0,1.0,1.0,1738.4,1736.9044418159567,0.0016,0.0012,benign
11.476357618967691,13.0,198.6111111111111,196.95658325729337,66.0,537.6666666666666,39900.260582010575,1.2068907557111797,2.536711039420879,0.0002736250559488375,7.24575138092041,2,0.0,0.5,0.5,0.0,1.0,1.0,349.5,349.5,0.0025,0.0005,benign
11.476357618967691,13.0,198.6111111111111,196.95658325729337,66.0,537.6666666666666,39900.260582010575,1.2068907557111797,2.536711039420879,0.0002736250559488375,7.24575138092041,1,0.0,1.0,0.0,0.0,1.0,1.0,1797.0,0.0,0.002,0.0,benign
16.165391743183136,11.5,191.85416666666666,195.61619601639893,66.0,529.25,39318.68774801587,1.9351919249788592,4.284681210791961,0.00018370151519773125,12.391864240169525,6,0.0,1.0,0.0,0.0,1.0,1.0,1683.0,1590.4014168337085,0.0015,0.0005,benign
16.165391743183136,11.5,191.85416666666666,195.61619601639893,66.0,529.25,39318.68774801587,1.9351919249788592,4.284681210791961,0.00018370151519773125,12.391864240169525,4,0.0,0.75,0.25,0.0,1.0,1.0,2548.0,3783.998150105256,0.0045,0.0018027756377319,benign
16.165391743183136,11.5,191.85416666666666,195.61619601639893,66.0,529.25,39318.68774801587,1.9351919249788592,4.284681210791961,0.00018370151519773125,12.391864240169525,1,0.0,1.0,0.0,0.0,1.0,1.0,698.0,0.0,0.003,0.0,benign
16.165391743183136,11.5,191.85416666666666,195.61619601639893,66.0,529.25,39318.68774801587,1.9351919249788592,4.284681210791961,0.00018370151519773125,12.391864240169525,1,0.0,1.0,0.0,0.0,1.0,1.0,698.0,0.0,0.005,0.0,benign
16.165391743183136,11.5,191.85416666666666,195.61619601639893,66.0,529.25,39318.68774801587,1.9351919249788592,4.284681210791961,0.00018370151519773125,12.391864240169525,2,0.0,0.5,0.5,0.0,1.0,1.0,349.0,349.0,0.002,0.0,benign
14.480885982513428,18.5,235.84,221.97050057894444,66.0,570.5,49471.75213333333,0.9618228691996948,2.3110558824878518,0.00013291835784910312,7.94415009021759,4,0.0,0.75,0.25,0.0,1.0,1.0,2548.25,3783.8759476890887,0.00175,0.0012990381056766,benign
14.480885982513428,18.5,235.84,221.97050057894444,66.0,570.5,49471.75213333333,0.9618228691996948,2.3110558824878518,0.00013291835784910312,7.94415009021759,1,0.0,1.0,0.0,0.0,1.0,1.0,1406.0,0.0,0.001,0.0,benign
13.798362970352173,14.333333333333334,202.39333333333335,198.59937200566674,66.0,538.6666666666666,40668.0292,1.4701030425351072,3.1948034634322746,0.00018262863159176877,9.433183749516806,5,0.0,1.0,0.0,0.0,1.0,1.0,1738.4,1736.9044418159567,0.0018,0.0007483314773547,benign
13.798362970352173,14.333333333333334,202.39333333333335,198.59937200566674,66.0,538.6666666666666,40668.0292,1.4701030425351072,3.1948034634322746,0.00018262863159176877,9.433183749516806,1,0.0,1.0,0.0,0.0,1.0,1.0,1797.0,0.0,0.002,0.0,benign
13.798362970352173,14.333333333333334,202.39333333333335,198.59937200566674,66.0,538.6666666666666,40668.0292,1.4701030425351072,3.1948034634322746,0.00018262863159176877,9.433183749516806,1,0.0,1.0,0.0,0.0,1.0,1.0,1797.0,0.0,0.003,0.0,benign
13.798362970352173,14.333333333333334,202.39333333333335,198.59937200566674,66.0,538.6666666666666,40668.0292,1.4701030425351072,3.1948034634322746,0.00018262863159176877,9.433183749516806,2,0.0,0.5,0.5,0.0,1.0,1.0,348.5,348.5,0.002,0.0,benign
13.798362970352173,14.333333333333334,202.39333333333335,198.59937200566674,66.0,538.6666666666666,40668.0292,1.4701030425351072,3.1948034634322746,0.00018262863159176877,9.433183749516806,1,0.0,1.0,0.0,0.0,1.0,1.0,699.0,0.0,0.003,0.0,benign
11.313359022140503,15.5,228.32380952380953,223.60845170280723,66.0,570.5,50245.637913832186,0.9134231123659347,2.334030994537512,0.00036990642547605313,7.498755931854248,5,0.0,0.8,0.2,0.0,1.0,1.0,2320.0,3415.008521219237,0.0018,0.0007483314773547,benign
11.313359022140503,15.5,228.32380952380953,223.60845170280723,66.0,570.5,50245.637913832186,0.9134231123659347,2.334030994537512,0.00036990642547605313,7.498755931854248,2,0.0,0.5,0.5,0.0,1.0,1.0,349.0,349.0,0.0025,0.0005,benign
11.313359022140503,15.5,228.32380952380953,223.60845170280723,66.0,570.5,50245.637913832186,0.9134231123659347,2.334030994537512,0.00036990642547605313,7.498755931854248,2,0.0,0.5,0.5,0.0,1.0,1.0,350.0,350.0,0.0025,0.0005,benign
11.313359022140503,15.5,228.32380952380953,223.60845170280723,66.0,570.5,50245.637913832186,0.9134231123659347,2.334030994537512,0.00036990642547605313,7.498755931854248,2,0.0,0.5,0.5,0.0,1.0,1.0,349.5,349.5,0.003,0.001,benign
16.79063904285431,16.5,231.01739130434783,224.40095936428247,66.0,570.5,50626.121134215486,1.3171605329320888,3.3239306976724317,0.00015962123870845704,10.400148034095764,5,0.0,0.8,0.2,0.0,1.0,1.0,2320.2,3414.913668015636,0.0018,0.001166190378969,benign
16.79063904285431,16.5,231.01739130434783,224.40095936428247,66.0,570.5,50626.121134215486,1.3171605329320888,3.3239306976724317,0.00015962123870845704,10.400148034095764,1,0.0,1.0,0.0,0.0,1.0,1.0,700.0,0.0,0.004,0.0,benign
16.79063904285431,16.5,231.01739130434783,224.40095936428247,66.0,570.5,50626.121134215486,1.3171605329320888,3.3239306976724317,0.00015962123870845704,10.400148034095764,2,0.0,0.5,0.5,0.0,1.0,1.0,349.0,349.0,0.0015,0.0005,benign
16.79063904285431,16.5,231.01739130434783,224.40095936428247,66.0,570.5,50626.121134215486,1.3171605329320888,3.3239306976724317,0.00015962123870845704,10.400148034095764,2,0.0,0.5,0.5,0.0,1.0,1.0,347.5,347.5,0.0035,0.0015,benign
16.79063904285431,16.5,231.01739130434783,224.40095936428247,66.0,570.5,50626.121134215486,1.3171605329320888,3.3239306976724317,0.00015962123870845704,10.400148034095764,2,0.0,0.5,0.5,0.0,1.0,1.0,349.5,349.5,0.003,0.001,benign
10.474233984947205,10.75,191.39226190476188,195.26164648061598,66.0,527.75,39157.33472080499,1.287082117533946,2.790958303466892,0.00026595592498775,8.080536782741547,6,0.0,1.0,0.0,0.0,1.0,1.0,1683.0,1590.4014168337085,0.0013333333333333,0.000471404520791,benign
10.474233984947205,10.75,191.39226190476188,195.26164648061598,66.0,527.75,39157.33472080499,1.287082117533946,2.790958303466892,0.00026595592498775,8.080536782741547,4,0.0,0.75,0.25,0.0,1.0,1.0,2548.25,3783.8759476890887,0.00175,0.0008291561975888,benign
10.474233984947205,10.75,191.39226190476188,195.26164648061598,66.0,527.75,39157.33472080499,1.287082117533946,2.790958303466892,0.00026595592498775,8.080536782741547,2,0.0,0.5,0.5,0.0,1.0,1.0,349.0,349.0,0.002,0.001,benign
10.474233984947205,10.75,191.39226190476188,195.26164648061598,66.0,527.75,39157.33472080499,1.287082117533946,2.790958303466892,0.00026595592498775,8.080536782741547,1,0.0,1.0,0.0,0.0,1.0,1.0,1797.0,0.0,0.002,0.0,benign
7.147669434547424,9.75,183.38825757575756,190.95820098618944,66.0,528.5,37257.4684527909,0.9319931869978433,1.9293029457601862,0.00029921531677245356,5.494738817214966,6,0.0,1.0,0.0,0.0,1.0,1.0,1683.0,1590.4014168337085,0.0015,0.0007637626158259,benign
7.147669434547424,9.75,183.38825757575756,190.95820098618944,66.0,528.5,37257.4684527909,0.9319931869978433,1.9293029457601862,0.00029921531677245356,5.494738817214966,4,0.0,0.75,0.25,0.0,1.0,1.0,2548.0,3783.998150105256,0.00175,0.0008291561975888,benign
7.147669434547424,9.75,183.38825757575756,190.95820098618944,66.0,528.5,37257.4684527909,0.9319931869978433,1.9293029457601862,0.00029921531677245356,5.494738817214966,1,0.0,1.0,0.0,0.0,1.0,1.0,698.0,0.0,0.004,0.0,benign
11.039690732955933,10.5,183.66666666666666,190.88971751665866,66.0,528.5,37271.503472222226,1.3819379257433344,2.906881861006898,0.0002440214157104,8.2444087266922,5,0.0,1.0,0.0,0.0,1.0,1.0,1738.4,1736.9044418159567,0.0018,0.0007483314773547,benign
11.039690732955933,10.5,183.66666666666666,190.88971751665866,66.0,528.5,37271.503472222226,1.3819379257433344,2.906881861006898,0.0002440214157104,8.2444087266922,1,0.0,1.0,0.0,0.0,1.0,1.0,1406.0,0.0,0.001,0.0,benign
11.039690732955933,10.5,183.66666666666666,190.88971751665866,66.0,528.5,37271.503472222226,1.3819379257433344,2.906881861006898,0.0002440214157104,8.2444087266922,1,0.0,1.0,0.0,0.0,1.0,1.0,1797.0,0.0,0.003,0.0,benign
11.039690732955933,10.5,183.66666666666666,190.88971751665866,66.0,528.5,37271.503472222226,1.3819379257433344,2.906881861006898,0.0002440214157104,8.2444087266922,4,0.0,0.75,0.25,0.0,1.0,1.0,2547.75,3784.1203981242456,0.00175,0.0012990381056766,benign
11.039690732955933,10.5,183.66666666666666,190.88971751665866,66.0,528.5,37271.503472222226,1.3819379257433344,2.906881861006898,0.0002440214157104,8.2444087266922,1,0.0,1.0,0.0,0.0,1.0,1.0,1797.0,0.0,0.003,0.0,benign
18.425479412078857,17.5,233.27999999999997,225.01634169651754,66.0,569.0,50923.299199999994,1.4097754938734903,3.586857620665549,0.00018441677093505312,11.110490441322327,4,0.0,0.75,0.25,0.0,1.0,1.0,2548.25,3783.8759476890887,0.0015,0.0011180339887498,benign
18.425479412078857,17.5,233.27999999999997,225.01634169651754,66.0,569.0,50923.299199999994,1.4097754938734903,3.586857620665549,0.00018441677093505312,11.110490441322327,1,0.0,1.0,0.0,0.0,1.0,1.0,1406.0,0.0,0.002,0.0,benign
18.425479412078857,17.5,233.27999999999997,225.01634169651754,66.0,569.0,50923.299199999994,1.4097754938734903,3.586857620665549,0.00018441677093505312,11.110490441322327,2,0.0,0.5,0.5,0.0,1.0,1.0,349.5,349.5,0.003,0.001,benign
18.425479412078857,17.5,233.27999999999997,225.01634169651754,66.0,569.0,50923.299199999994,1.4097754938734903,3.586857620665549,0.00018441677093505312,11.110490441322327,2,0.0,0.5,0.5,0.0,1.0,1.0,349.0,349.0,0.003,0.001,benign
18.425479412078857,17.5,233.27999999999997,225.01634169651754,66.0,569.0,50923.299199999994,1.4097754938734903,3.586857620665549,0.00018441677093505312,11.110490441322327,1,0.0,1.0,0.0,0.0,1.0,1.0,699.0,0.0,0.002,0.0,benign
18.425479412078857,17.5,233.27999999999997,225.01634169651754,66.0,569.0,50923.299199999994,1.4097754938734903,3.586857620665549,0.00018441677093505312,11.110490441322327,1,0.0,1.0,0.0,0.0,1.0,1.0,699.0,0.0,0.003,0.0,benign
18.425479412078857,17.5,233.27999999999997,225.01634169651754,66.0,569.0,50923.299199999994,1.4097754938734903,3.586857620665549,0.00018441677093505312,11.110490441322327,2,0.0,0.5,0.5,0.0,1.0,1.0,349.0,349.0,0.0025,0.0005,benign
14.308412075042725,10.0,192.1,191.1671781452036,66.0,509.0,36544.89,1.589823563893636,3.4860873009545723,0.0003750324249267,11.047652959823608,1,0.0,1.0,0.0,0.0,1.0,1.0,699.0,0.0,0.003,0.0,benign
14.265113115310669,17.5,225.39,213.65489972849315,66.0,540.5,46154.11379999999,1.0911995768547058,2.297879430044241,0.00018799304962155314,7.5150874853134155,3,0.0,1.0,0.0,0.0,1.0,1.0,3633.3333333333335,3878.577173254245,0.001,0.0,benign
13.194815397262573,13.666666666666666,195.42666666666665,193.0556381053659,66.0,518.6666666666666,38456.270311111104,1.4644143819808961,3.0028767788137345,0.00023031234741206874,8.688918272654215,5,0.0,1.0,0.0,0.0,1.0,1.0,1738.4,1736.9044418159567,0.0026,0.0017435595774162,benign
13.194815397262573,13.666666666666666,195.42666666666665,193.0556381053659,66.0,518.6666666666666,38456.270311111104,1.4644143819808961,3.0028767788137345,0.00023031234741206874,8.688918272654215,2,0.0,0.5,0.5,0.0,1.0,1.0,349.5,349.5,0.0015,0.0005,benign
13.194815397262573,13.666666666666666,195.42666666666665,193.0556381053659,66.0,518.6666666666666,38456.270311111104,1.4644143819808961,3.0028767788137345,0.00023031234741206874,8.688918272654215,1,0.0,1.0,0.0,0.0,1.0,1.0,1797.0,0.0,0.002,0.0,benign
13.194815397262573,13.666666666666666,195.42666666666665,193.0556381053659,66.0,518.6666666666666,38456.270311111104,1.4644143819808961,3.0028767788137345,0.00023031234741206874,8.688918272654215,1,0.0,1.0,0.0,0.0,1.0,1.0,698.0,0.0,0.002,0.0,benign
13.194815397262573,13.666666666666666,195.42666666666665,193.0556381053659,66.0,518.6666666666666,38456.270311111104,1.4644143819808961,3.0028767788137345,0.00023031234741206874,8.688918272654215,1,0.0,1.0,0.0,0.0,1.0,1.0,1797.0,0.0,0.002,0.0,benign
8.113741636276245,13.5,216.25833333333333,212.2283507435044,66.0,569.0,45057.458194444436,0.659103410584586,1.589870883481348,0.00016701221466060311,5.541561484336853,5,0.0,0.8,0.2,0.0,1.0,1.0,2319.6,3415.1983602713326,0.0016,0.0008,benign
7.2566587924957275,13.0,219.67222222222222,217.08496212366197,66.0,569.0,47184.11101851851,0.6073566102362298,1.336564999699586,0.0002570152282714354,4.417063315709432,5,0.0,1.0,0.0,0.0,1.0,1.0,1738.4,1736.9044418159567,0.001,0.0006324555320336,benign
7.2566587924957275,13.0,219.67222222222222,217.08496212366197,66.0,569.0,47184.11101851851,0.6073566102362298,1.336564999699586,0.0002570152282714354,4.417063315709432,2,0.0,0.5,0.5,0.0,1.0,1.0,349.0,349.0,0.002,0.001,benign
7.2566587924957275,13.0,219.67222222222222,217.08496212366197,66.0,569.0,47184.11101851851,0.6073566102362298,1.336564999699586,0.0002570152282714354,4.417063315709432,1,0.0,1.0,0.0,0.0,1.0,1.0,1797.0,0.0,0.002,0.0,benign
18.1161470413208,16.5,231.01739130434783,224.40095936428247,66.0,570.5,50626.121134215486,1.4201691403533472,3.5072462160092024,0.0002485513687133531,10.752400994300842,5,0.0,0.8,0.2,0.0,1.0,1.0,2319.6,3415.1983602713326,0.0016,0.0008,benign
18.1161470413208,16.5,231.01739130434783,224.40095936428247,66.0,570.5,50626.121134215486,1.4201691403533472,3.5072462160092024,0.0002485513687133531,10.752400994300842,1,0.0,1.0,0.0,0.0,1.0,1.0,699.0,0.0,0.003,0.0,benign
18.1161470413208,16.5,231.01739130434783,224.40095936428247,66.0,570.5,50626.121134215486,1.4201691403533472,3.5072462160092024,0.0002485513687133531,10.752400994300842,1,0.0,1.0,0.0,0.0,1.0,1.0,697.0,0.0,0.006,0.0,benign
18.1161470413208,16.5,231.01739130434783,224.40095936428247,66.0,570.5,50626.121134215486,1.4201691403533472,3.5072462160092024,0.0002485513687133531,10.752400994300842,2,0.0,0.5,0.5,0.0,1.0,1.0,349.5,349.5,0.0025,0.0005,benign
18.1161470413208,16.5,231.01739130434783,224.40095936428247,66.0,570.5,50626.121134215486,1.4201691403533472,3.5072462160092024,0.0002485513687133531,10.752400994300842,1,0.0,1.0,0.0,0.0,1.0,1.0,698.0,0.0,0.003,0.0,benign
18.1161470413208,16.5,231.01739130434783,224.40095936428247,66.0,570.5,50626.121134215486,1.4201691403533472,3.5072462160092024,0.0002485513687133531,10.752400994300842,2,0.0,0.5,0.5,0.0,1.0,1.0,348.5,348.5,0.003,0.001,benign
14.38359797000885,15.5,226.6776315789474,218.05251311989707,66.0,570.5,47644.842595798706,1.0543212372847277,2.3384206142240833,0.00018751621246335392,7.375676512718201,5,0.0,0.8,0.2,0.0,1.0,1.0,2319.6,3415.1983602713326,0.0014,0.0004898979485566,benign
14.38359797000885,15.5,226.6776315789474,218.05251311989707,66.0,570.5,47644.842595798706,1.0543212372847277,2.3384206142240833,0.00018751621246335392,7.375676512718201,2,0.0,0.5,0.5,0.0,1.0,1.0,350.0,350.0,0.002,0.001,benign
12.048439979553223,13.666666666666666,220.65175438596495,217.86680183368523,66.0,571.0,47531.308397199144,0.9761446766580395,2.0715141233413656,0.00024207433064776926,6.27226996421814,5,0.0,1.0,0.0,0.0,1.0,1.0,1738.4,1736.9044418159567,0.001,0.0006324555320336,benign
12.048439979553223,13.666666666666666,220.65175438596495,217.86680183368523,66.0,571.0,47531.308397199144,0.9761446766580395,2.0715141233413656,0.00024207433064776926,6.27226996421814,2,0.0,0.5,0.5,0.0,1.0,1.0,349.0,349.0,0.0025,0.0005,benign
17.175552010536194,17.5,233.39999999999998,225.1681441969401,66.0,570.5,50996.84,1.314178314473894,3.3173226978959462,0.0001751184463500539,10.47107458114624,5,0.0,0.8,0.2,0.0,1.0,1.0,2319.4,3415.293346112454,0.0014,0.0004898979485566,benign
17.175552010536194,17.5,233.39999999999998,225.1681441969401,66.0,570.5,50996.84,1.314178314473894,3.3173226978959462,0.0001751184463500539,10.47107458114624,2,0.0,0.5,0.5,0.0,1.0,1.0,349.5,349.5,0.0025,0.0005,benign
17.175552010536194,17.5,233.39999999999998,225.1681441969401,66.0,570.5,50996.84,1.314178314473894,3.3173226978959462,0.0001751184463500539,10.47107458114624,1,0.0,1.0,0.0,0.0,1.0,1.0,698.0,0.0,0.003,0.0,benign
17.175552010536194,17.5,233.39999999999998,225.1681441969401,66.0,570.5,50996.84,1.314178314473894,3.3173226978959462,0.0001751184463500539,10.47107458114624,2,0.0,0.5,0.5,0.0,1.0,1.0,349.0,349.0,0.0025,0.0005,benign
17.175552010536194,17.5,233.39999999999998,225.1681441969401,66.0,570.5,50996.84,1.314178314473894,3.3173226978959462,0.0001751184463500539,10.47107458114624,2,0.0,0.5,0.5,0.0,1.0,1.0,349.5,349.5,0.0015,0.0005,benign
17.175552010536194,17.5,233.39999999999998,225.1681441969401,66.0,570.5,50996.84,1.314178314473894,3.3173226978959462,0.0001751184463500539,10.47107458114624,1,0.0,1.0,0.0,0.0,1.0,1.0,699.0,0.0,0.004,0.0,benign
12.841411471366882,14.0,153.16666666666666,103.71434774624784,66.0,293.0,20806.77777777778,2.4147726504699043,3.5755258303569355,0.0003309249877929,8.115691542625427,2,0.0,0.0,0.0,0.0,1.0,1.0,568.0,0.0,0.0,0.0,benign
12.841411471366882,14.0,153.16666666666666,103.71434774624784,66.0,293.0,20806.77777777778,2.4147726504699043,3.5755258303569355,0.0003309249877929,8.115691542625427,2,0.0,0.0,0.0,0.0,1.0,1.0,568.0,0.0,0.0005,0.0005,benign
12.841411471366882,14.0,153.16666666666666,103.71434774624784,66.0,293.0,20806.77777777778,2.4147726504699043,3.5755258303569355,0.0003309249877929,8.115691542625427,2,0.0,0.0,0.0,0.0,1.0,1.0,568.0,0.0,0.0,0.0,benign
12.841411471366882,14.0,153.16666666666666,103.71434774624784,66.0,293.0,20806.77777777778,2.4147726504699043,3.5755258303569355,0.0003309249877929,8.115691542625427,2,0.0,0.0,0.0,0.0,1.0,1.0,568.0,0.0,0.0,0.0,benign
12.841411471366882,14.0,153.16666666666666,103.71434774624784,66.0,293.0,20806.77777777778,2.4147726504699043,3.5755258303569355,0.0003309249877929,8.115691542625427,2,0.0,0.0,0.0,0.0,1.0,1.0,568.0,0.0,0.0,0.0,benign
11.327934503555298,10.0,145.25,102.57010166140084,66.0,293.0,20342.625,2.2587976296742758,3.3864124131238684,0.00035142898559565,7.620745062828064,1,0.0,0.0,0.0,0.0,1.0,1.0,568.0,0.0,0.0,0.0,benign
11.327934503555298,10.0,145.25,102.57010166140084,66.0,293.0,20342.625,2.2587976296742758,3.3864124131238684,0.00035142898559565,7.620745062828064,1,0.0,0.0,0.0,0.0,1.0,1.0,568.0,0.0,0.0,0.0,benign
11.327934503555298,10.0,145.25,102.57010166140084,66.0,293.0,20342.625,2.2587976296742758,3.3864124131238684,0.00035142898559565,7.620745062828064,2,0.0,0.0,0.0,0.0,1.0,1.0,568.0,0.0,0.0,0.0,benign
11.327934503555298,10.0,145.25,102.57010166140084,66.0,293.0,20342.625,2.2587976296742758,3.3864124131238684,0.00035142898559565,7.620745062828064,2,0.0,0.0,0.0,0.0,1.0,1.0,568.0,0.0,0.0,0.0,benign
8.77479100227356,12.0,148.8,101.84978150498333,66.0,287.0,20053.12,1.690403750068263,2.520118929549061,0.0002745389938354,6.038342475891113,2,0.0,0.0,0.0,0.0,1.0,1.0,568.0,0.0,0.0,0.0,benign
8.77479100227356,12.0,148.8,101.84978150498333,66.0,287.0,20053.12,1.690403750068263,2.520118929549061,0.0002745389938354,6.038342475891113,2,0.0,0.0,0.0,0.0,1.0,1.0,568.0,0.0,0.0,0.0,benign
8.77479100227356,12.0,148.8,101.84978150498333,66.0,287.0,20053.12,1.690403750068263,2.520118929549061,0.0002745389938354,6.038342475891113,2,0.0,0.0,0.0,0.0,1.0,1.0,568.0,0.0,0.0005,0.0005,benign
8.77479100227356,12.0,148.8,101.84978150498333,66.0,287.0,20053.12,1.690403750068263,2.520118929549061,0.0002745389938354,6.038342475891113,2,0.0,0.0,0.0,0.0,1.0,1.0,568.0,0.0,0.0,0.0,benign
13.950846076011658,12.0,150.0,103.33224765777189,66.0,293.0,20651.2,2.687983615356579,3.9737749218254685,0.000455617904663,8.872390508651733,2,0.0,0.0,0.0,0.0,1.0,1.0,568.0,0.0,0.0005,0.0005,benign
13.950846076011658,12.0,150.0,103.33224765777189,66.0,293.0,20651.2,2.687983615356579,3.9737749218254685,0.000455617904663,8.872390508651733,2,0.0,0.0,0.0,0.0,1.0,1.0,568.0,0.0,0.0005,0.0005,benign
13.950846076011658,12.0,150.0,103.33224765777189,66.0,293.0,20651.2,2.687983615356579,3.9737749218254685,0.000455617904663,8.872390508651733,2,0.0,0.0,0.0,0.0,1.0,1.0,568.0,0.0,0.0005,0.0005,benign
13.950846076011658,12.0,150.0,103.33224765777189,66.0,293.0,20651.2,2.687983615356579,3.9737749218254685,0.000455617904663,8.872390508651733,2,0.0,0.0,0.0,0.0,1.0,1.0,568.0,0.0,0.0,0.0,benign
5.553609490394592,10.0,146.0,103.52043423121894,66.0,293.0,20727.75,1.1057737112045287,1.6840693552226809,0.0004276037216186,4.143631935119629,2,0.0,0.0,0.0,0.0,1.0,1.0,568.0,0.0,0.0,0.0,benign
5.553609490394592,10.0,146.0,103.52043423121894,66.0,293.0,20727.75,1.1057737112045287,1.6840693552226809,0.0004276037216186,4.143631935119629,1,0.0,0.0,0.0,0.0,1.0,1.0,568.0,0.0,0.0,0.0,benign
5.553609490394592,10.0,146.0,103.52043423121894,66.0,293.0,20727.75,1.1057737112045287,1.6840693552226809,0.0004276037216186,4.143631935119629,1,0.0,0.0,0.0,0.0,1.0,1.0,568.0,0.0,0.0,0.0,benign
5.553609490394592,10.0,146.0,103.52043423121894,66.0,293.0,20727.75,1.1057737112045287,1.6840693552226809,0.0004276037216186,4.143631935119629,2,0.0,0.0,0.0,0.0,1.0,1.0,568.0,0.0,0.0005,0.0005,benign
13.805871486663818,14.0,153.16666666666666,103.71434774624784,66.0,293.0,20806.77777777778,2.596991221110026,3.8229828829391614,0.00027489662170405,8.886586546897888,2,0.0,0.0,0.0,0.0,1.0,1.0,568.0,0.0,0.0,0.0,benign
13.805871486663818,14.0,153.16666666666666,103.71434774624784,66.0,293.0,20806.77777777778,2.596991221110026,3.8229828829391614,0.00027489662170405,8.886586546897888,2,0.0,0.0,0.0,0.0,1.0,1.0,568.0,0.0,0.0,0.0,benign
13.805871486663818,14.0,153.16666666666666,103.71434774624784,66.0,293.0,20806.77777777778,2.596991221110026,3.8229828829391614,0.00027489662170405,8.886586546897888,2,0.0,0.0,0.0,0.0,1.0,1.0,568.0,0.0,0.0,0.0,benign
13.805871486663818,14.0,153.16666666666666,103.71434774624784,66.0,293.0,20806.77777777778,2.596991221110026,3.8229828829391614,0.00027489662170405,8.886586546897888,2,0.0,0.0,0.0,0.0,1.0,1.0,568.0,0.0,0.0,0.0,benign
13.805871486663818,14.0,153.16666666666666,103.71434774624784,66.0,293.0,20806.77777777778,2.596991221110026,3.8229828829391614,0.00027489662170405,8.886586546897888,2,0.0,0.0,0.0,0.0,1.0,1.0,568.0,0.0,0.0,0.0,benign
10.146474599838257,12.0,150.6,104.06015056516235,66.0,293.0,20948.08,1.9554919401804607,2.97133268343752,0.00038409233093259995,7.072378993034363,1,0.0,0.0,0.0,0.0,1.0,1.0,568.0,0.0,0.0,0.0,benign
10.146474599838257,12.0,150.6,104.06015056516235,66.0,293.0,20948.08,1.9554919401804607,2.97133268343752,0.00038409233093259995,7.072378993034363,1,0.0,0.0,0.0,0.0,1.0,1.0,568.0,0.0,0.0,0.0,benign
10.146474599838257,12.0,150.6,104.06015056516235,66.0,293.0,20948.08,1.9554919401804607,2.97133268343752,0.00038409233093259995,7.072378993034363,2,0.0,0.0,0.0,0.0,1.0,1.0,568.0,0.0,0.0,0.0,benign
10.146474599838257,12.0,150.6,104.06015056516235,66.0,293.0,20948.08,1.9554919401804607,2.97133268343752,0.00038409233093259995,7.072378993034363,2,0.0,0.0,0.0,0.0,1.0,1.0,568.0,0.0,0.0,0.0,benign
10.146474599838257,12.0,150.6,104.06015056516235,66.0,293.0,20948.08,1.9554919401804607,2.97133268343752,0.00038409233093259995,7.072378993034363,1,0.0,0.0,0.0,0.0,1.0,1.0,568.0,0.0,0.001,0.0,benign
10.146474599838257,12.0,150.6,104.06015056516235,66.0,293.0,20948.08,1.9554919401804607,2.97133268343752,0.00038409233093259995,7.072378993034363,1,0.0,0.0,0.0,0.0,1.0,1.0,568.0,0.0,0.0,0.0,benign
8.89361298084259,10.0,145.25,102.57010166140084,66.0,293.0,20342.625,1.7742452700932818,2.6801557220819423,0.00029015541076655,6.262120008468628,2,0.0,0.0,0.0,0.0,1.0,1.0,568.0,0.0,0.0,0.0,benign
8.89361298084259,10.0,145.25,102.57010166140084,66.0,293.0,20342.625,1.7742452700932818,2.6801557220819423,0.00029015541076655,6.262120008468628,2,0.0,0.0,0.0,0.0,1.0,1.0,568.0,0.0,0.0,0.0,benign
8.89361298084259,10.0,145.25,102.57010166140084,66.0,293.0,20342.625,1.7742452700932818,2.6801557220819423,0.00029015541076655,6.262120008468628,2,0.0,0.0,0.0,0.0,1.0,1.0,568.0,0.0,0.0,0.0,benign
11.993082523345947,12.0,151.2,104.77941855658032,66.0,293.0,21243.520000000004,2.3099143965202464,3.458838987875981,0.00039696693420405,7.856691598892212,2,0.0,0.0,0.0,0.0,1.0,1.0,568.0,0.0,0.0,0.0,benign
11.993082523345947,12.0,151.2,104.77941855658032,66.0,293.0,21243.520000000004,2.3099143965202464,3.458838987875981,0.00039696693420405,7.856691598892212,2,0.0,0.0,0.0,0.0,1.0,1.0,568.0,0.0,0.0,0.0,benign
11.993082523345947,12.0,151.2,104.77941855658032,66.0,293.0,21243.520000000004,2.3099143965202464,3.458838987875981,0.00039696693420405,7.856691598892212,2,0.0,0.0,0.0,0.0,1.0,1.0,568.0,0.0,0.0005,0.0005,benign
11.993082523345947,12.0,151.2,104.77941855658032,66.0,293.0,21243.520000000004,2.3099143965202464,3.458838987875981,0.00039696693420405,7.856691598892212,2,0.0,0.0,0.0,0.0,1.0,1.0,568.0,0.0,0.0,0.0,benign
9.408639311790466,12.0,150.0,103.33224765777189,66.0,293.0,20651.2,1.8103856224762767,2.689171559437794,0.00039243698120115,6.335952997207642,2,0.0,0.0,0.0,0.0,1.0,1.0,568.0,0.0,0.0,0.0,benign
9.408639311790466,12.0,150.0,103.33224765777189,66.0,293.0,20651.2,1.8103856224762767,2.689171559437794,0.00039243698120115,6.335952997207642,2,0.0,0.0,0.0,0.0,1.0,1.0,568.0,0.0,0.0,0.0,benign
9.408639311790466,12.0,150.0,103.33224765777189,66.0,293.0,20651.2,1.8103856224762767,2.689171559437794,0.00039243698120115,6.335952997207642,2,0.0,0.0,0.0,0.0,1.0,1.0,568.0,0.0,0.0,0.0,benign
9.408639311790466,12.0,150.0,103.33224765777189,66.0,293.0,20651.2,1.8103856224762767,2.689171559437794,0.00039243698120115,6.335952997207642,2,0.0,0.0,0.0,0.0,1.0,1.0,568.0,0.0,0.0,0.0,benign
7.292995095252991,10.0,145.25,102.57010166140084,66.0,293.0,20342.625,1.4537738243738811,2.1955320714646334,0.00036120414733879997,5.25224244594574,2,0.0,0.0,0.0,0.0,1.0,1.0,568.0,0.0,0.0005,0.0005,benign
7.292995095252991,10.0,145.25,102.57010166140084,66.0,293.0,20342.625,1.4537738243738811,2.1955320714646334,0.00036120414733879997,5.25224244594574,2,0.0,0.0,0.0,0.0,1.0,1.0,568.0,0.0,0.0,0.0,benign
7.292995095252991,10.0,145.25,102.57010166140084,66.0,293.0,20342.625,1.4537738243738811,2.1955320714646334,0.00036120414733879997,5.25224244594574,2,0.0,0.0,0.0,0.0,1.0,1.0,568.0,0.0,0.0,0.0,benign
19.88913905620575,16.0,156.28571428571428,104.91249508666981,66.0,293.0,21298.4081632653,3.6781327238789308,5.367514329270548,0.00031101703643795,11.88832151889801,2,0.0,0.0,0.0,0.0,1.0,1.0,568.0,0.0,0.0,0.0,benign
19.88913905620575,16.0,156.28571428571428,104.91249508666981,66.0,293.0,21298.4081632653,3.6781327238789308,5.367514329270548,0.00031101703643795,11.88832151889801,2,0.0,0.0,0.0,0.0,1.0,1.0,568.0,0.0,0.0,0.0,benign
19.88913905620575,16.0,156.28571428571428,104.91249508666981,66.0,293.0,21298.4081632653,3.6781327238789308,5.367514329270548,0.00031101703643795,11.88832151889801,2,0.0,0.0,0.0,0.0,1.0,1.0,568.0,0.0,0.0,0.0,benign
19.88913905620575,16.0,156.28571428571428,104.91249508666981,66.0,293.0,21298.4081632653,3.6781327238789308,5.367514329270548,0.00031101703643795,11.88832151889801,2,0.0,0.0,0.0,0.0,1.0,1.0,568.0,0.0,0.0005,0.0005,benign
19.88913905620575,16.0,156.28571428571428,104.91249508666981,66.0,293.0,21298.4081632653,3.6781327238789308,5.367514329270548,0.00031101703643795,11.88832151889801,2,0.0,0.0,0.0,0.0,1.0,1.0,568.0,0.0,0.0005,0.0005,benign
19.88913905620575,16.0,156.28571428571428,104.91249508666981,66.0,293.0,21298.4081632653,3.6781327238789308,5.367514329270548,0.00031101703643795,11.88832151889801,2,0.0,0.0,0.0,0.0,1.0,1.0,568.0,0.0,0.0,0.0,benign
15.5491224527359,14.0,153.16666666666666,103.71434774624784,66.0,293.0,20806.77777777778,2.924462987029034,4.2833132479085405,0.00030601024627685005,9.655993938446045,2,0.0,0.0,0.0,0.0,1.0,1.0,568.0,0.0,0.0005,0.0005,benign
15.5491224527359,14.0,153.16666666666666,103.71434774624784,66.0,293.0,20806.77777777778,2.924462987029034,4.2833132479085405,0.00030601024627685005,9.655993938446045,2,0.0,0.0,0.0,0.0,1.0,1.0,568.0,0.0,0.0005,0.0005,benign
15.5491224527359,14.0,153.16666666666666,103.71434774624784,66.0,293.0,20806.77777777778,2.924462987029034,4.2833132479085405,0.00030601024627685005,9.655993938446045,2,0.0,0.0,0.0,0.0,1.0,1.0,568.0,0.0,0.0,0.0,benign
15.5491224527359,14.0,153.16666666666666,103.71434774624784,66.0,293.0,20806.77777777778,2.924462987029034,4.2833132479085405,0.00030601024627685005,9.655993938446045,2,0.0,0.0,0.0,0.0,1.0,1.0,568.0,0.0,0.0,0.0,benign
15.5491224527359,14.0,153.16666666666666,103.71434774624784,66.0,293.0,20806.77777777778,2.924462987029034,4.2833132479085405,0.00030601024627685005,9.655993938446045,2,0.0,0.0,0.0,0.0,1.0,1.0,568.0,0.0,0.0,0.0,benign
10.450027346611025,14.0,153.66666666666666,104.30384138481394,66.0,293.0,21047.94444444444,1.9631356588308362,2.906713581878158,0.00022935867309565,6.946893572807312,1,0.0,0.0,0.0,0.0,1.0,1.0,568.0,0.0,0.0,0.0,benign
10.450027346611025,14.0,153.66666666666666,104.30384138481394,66.0,293.0,21047.94444444444,1.9631356588308362,2.906713581878158,0.00022935867309565,6.946893572807312,1,0.0,0.0,0.0,0.0,1.0,1.0,568.0,0.0,0.0,0.0,benign
10.450027346611025,14.0,153.66666666666666,104.30384138481394,66.0,293.0,21047.94444444444,1.9631356588308362,2.906713581878158,0.00022935867309565,6.946893572807312,2,0.0,0.0,0.0,0.0,1.0,1.0,568.0,0.0,0.0,0.0,benign
10.450027346611025,14.0,153.66666666666666,104.30384138481394,66.0,293.0,21047.94444444444,1.9631356588308362,2.906713581878158,0.00022935867309565,6.946893572807312,2,0.0,0.0,0.0,0.0,1.0,1.0,568.0,0.0,0.0,0.0,benign
10.450027346611025,14.0,153.66666666666666,104.30384138481394,66.0,293.0,21047.94444444444,1.9631356588308362,2.906713581878158,0.00022935867309565,6.946893572807312,2,0.0,0.0,0.0,0.0,1.0,1.0,568.0,0.0,0.0,0.0,benign
10.450027346611025,14.0,153.66666666666666,104.30384138481394,66.0,293.0,21047.94444444444,1.9631356588308362,2.906713581878158,0.00022935867309565,6.946893572807312,1,0.0,0.0,0.0,0.0,1.0,1.0,568.0,0.0,0.0,0.0,benign
10.450027346611025,14.0,153.66666666666666,104.30384138481394,66.0,293.0,21047.94444444444,1.9631356588308362,2.906713581878158,0.00022935867309565,6.946893572807312,1,0.0,0.0,0.0,0.0,1.0,1.0,568.0,0.0,0.0,0.0,benign
8.274742007255554,10.0,144.5,101.60509521896151,66.0,293.0,19955.25,1.6505245447158814,2.502694297895208,0.0002670288085937,5.954605579376221,2,0.0,0.0,0.0,0.0,1.0,1.0,568.0,0.0,0.0,0.0,benign
8.274742007255554,10.0,144.5,101.60509521896151,66.0,293.0,19955.25,1.6505245447158814,2.502694297895208,0.0002670288085937,5.954605579376221,2,0.0,0.0,0.0,0.0,1.0,1.0,568.0,0.0,0.0,0.0,benign
8.274742007255554,10.0,144.5,101.60509521896151,66.0,293.0,19955.25,1.6505245447158814,2.502694297895208,0.0002670288085937,5.954605579376221,2,0.0,0.0,0.0,0.0,1.0,1.0,568.0,0.0,0.0005,0.0005,benign
12.992737531661987,16.0,155.42857142857144,103.9263435512821,66.0,293.0,20893.346938775514,2.401581543463248,3.5451546056918275,0.0003024339675903,8.505796551704407,2,0.0,0.0,0.0,0.0,1.0,1.0,568.0,0.0,0.0005,0.0005,benign
12.992737531661987,16.0,155.42857142857144,103.9263435512821,66.0,293.0,20893.346938775514,2.401581543463248,3.5451546056918275,0.0003024339675903,8.505796551704407,2,0.0,0.0,0.0,0.0,1.0,1.0,568.0,0.0,0.0,0.0,benign
12.992737531661987,16.0,155.42857142857144,103.9263435512821,66.0,293.0,20893.346938775514,2.401581543463248,3.5451546056918275,0.0003024339675903,8.505796551704407,2,0.0,0.0,0.0,0.0,1.0,1.0,568.0,0.0,0.0,0.0,benign
12.992737531661987,16.0,155.42857142857144,103.9263435512821,66.0,293.0,20893.346938775514,2.401581543463248,3.5451546056918275,0.0003024339675903,8.505796551704407,2,0.0,0.0,0.0,0.0,1.0,1.0,568.0,0.0,0.0005,0.0005,benign
12.992737531661987,16.0,155.42857142857144,103.9263435512821,66.0,293.0,20893.346938775514,2.401581543463248,3.5451546056918275,0.0003024339675903,8.505796551704407,2,0.0,0.0,0.0,0.0,1.0,1.0,568.0,0.0,0.0005,0.0005,benign
12.992737531661987,16.0,155.42857142857144,103.9263435512821,66.0,293.0,20893.346938775514,2.401581543463248,3.5451546056918275,0.0003024339675903,8.505796551704407,2,0.0,0.0,0.0,0.0,1.0,1.0,568.0,0.0,0.0,0.0,benign
11.776870489120483,12.0,149.4,102.59552288740561,66.0,293.0,20352.88,2.267180279681557,3.3778207404181178,0.0003595352172851,7.626339077949524,2,0.0,0.0,0.0,0.0,1.0,1.0,568.0,0.0,0.0005,0.0005,benign
11.776870489120483,12.0,149.4,102.59552288740561,66.0,293.0,20352.88,2.267180279681557,3.3778207404181178,0.0003595352172851,7.626339077949524,2,0.0,0.0,0.0,0.0,1.0,1.0,568.0,0.0,0.0,0.0,benign
11.776870489120483,12.0,149.4,102.59552288740561,66.0,293.0,20352.88,2.267180279681557,3.3778207404181178,0.0003595352172851,7.626339077949524,2,0.0,0.0,0.0,0.0,1.0,1.0,568.0,0.0,0.0005,0.0005,benign
11.776870489120483,12.0,149.4,102.59552288740561,66.0,293.0,20352.88,2.267180279681557,3.3778207404181178,0.0003595352172851,7.626339077949524,2,0.0,0.0,0.0,0.0,1.0,1.0,568.0,0.0,0.0,0.0,benign
10.521245002746582,24.0,238.33333333333331,203.9645938773579,66.0,512.0,41601.55555555556,0.4574454349020253,0.9232320228540996,0.000533103942871,3.6283249855041504,1,0.0,0.0,0.0,0.0,1.0,1.0,568.0,0.0,0.0,0.0,benign
10.485727429389954,14.0,153.16666666666666,103.71434774624784,66.0,293.0,20806.77777777778,1.9704243601232336,2.924435297572396,0.00045049190521235,7.038816571235658,1,0.0,0.0,0.0,0.0,1.0,1.0,568.0,0.0,0.0,0.0,benign
10.485727429389954,14.0,153.16666666666666,103.71434774624784,66.0,293.0,20806.77777777778,1.9704243601232336,2.924435297572396,0.00045049190521235,7.038816571235658,2,0.0,0.0,0.0,0.0,1.0,1.0,568.0,0.0,0.0005,0.0005,benign
10.485727429389954,14.0,153.16666666666666,103.71434774624784,66.0,293.0,20806.77777777778,1.9704243601232336,2.924435297572396,0.00045049190521235,7.038816571235658,1,0.0,0.0,0.0,0.0,1.0,1.0,568.0,0.0,0.0,0.0,benign
10.485727429389954,14.0,153.16666666666666,103.71434774624784,66.0,293.0,20806.77777777778,1.9704243601232336,2.924435297572396,0.00045049190521235,7.038816571235658,1,0.0,0.0,0.0,0.0,1.0,1.0,568.0,0.0,0.0,0.0,benign
10.485727429389954,14.0,153.16666666666666,103.71434774624784,66.0,293.0,20806.77777777778,1.9704243601232336,2.924435297572396,0.00045049190521235,7.038816571235658,2,0.0,0.0,0.0,0.0,1.0,1.0,568.0,0.0,0.0005,0.0005,benign
10.485727429389954,14.0,153.16666666666666,103.71434774624784,66.0,293.0,20806.77777777778,1.9704243601232336,2.924435297572396,0.00045049190521235,7.038816571235658,2,0.0,0.0,0.0,0.0,1.0,1.0,568.0,0.0,0.0,0.0,benign
7.453826069831848,10.0,144.5,101.60509521896151,66.0,293.0,19955.25,1.4862728198369344,2.2838570961076656,0.000429630279541,5.688559412956238,2,0.0,0.0,0.0,0.0,1.0,1.0,568.0,0.0,0.0005,0.0005,benign
7.453826069831848,10.0,144.5,101.60509521896151,66.0,293.0,19955.25,1.4862728198369344,2.2838570961076656,0.000429630279541,5.688559412956238,2,0.0,0.0,0.0,0.0,1.0,1.0,568.0,0.0,0.0,0.0,benign
7.453826069831848,10.0,144.5,101.60509521896151,66.0,293.0,19955.25,1.4862728198369344,2.2838570961076656,0.000429630279541,5.688559412956238,2,0.0,0.0,0.0,0.0,1.0,1.0,568.0,0.0,0.0,0.0,benign
8.853498458862305,10.0,144.5,101.60509521896151,66.0,293.0,19955.25,1.7656330744425455,2.645360345160938,0.0004169940948486,5.866078972816467,2,0.0,0.0,0.0,0.0,1.0,1.0,568.0,0.0,0.0,0.0,benign
8.853498458862305,10.0,144.5,101.60509521896151,66.0,293.0,19955.25,1.7656330744425455,2.645360345160938,0.0004169940948486,5.866078972816467,2,0.0,0.0,0.0,0.0,1.0,1.0,568.0,0.0,0.0,0.0,benign
8.853498458862305,10.0,144.5,101.60509521896151,66.0,293.0,19955.25,1.7656330744425455,2.645360345160938,0.0004169940948486,5.866078972816467,2,0.0,0.0,0.0,0.0,1.0,1.0,568.0,0.0,0.0,0.0,benign
17.228535175323486,16.0,156.71428571428572,105.3993955567566,66.0,293.0,21499.836734693876,3.184715853797065,4.650027984512093,0.00037252902984615,10.545384526252747,1,0.0,0.0,0.0,0.0,1.0,1.0,568.0,0.0,0.0,0.0,benign
17.228535175323486,16.0,156.71428571428572,105.3993955567566,66.0,293.0,21499.836734693876,3.184715853797065,4.650027984512093,0.00037252902984615,10.545384526252747,1,0.0,0.0,0.0,0.0,1.0,1.0,568.0,0.0,0.0,0.0,benign
17.228535175323486,16.0,156.71428571428572,105.3993955567566,66.0,293.0,21499.836734693876,3.184715853797065,4.650027984512093,0.00037252902984615,10.545384526252747,2,0.0,0.0,0.0,0.0,1.0,1.0,568.0,0.0,0.0,0.0,benign
17.228535175323486,16.0,156.71428571428572,105.3993955567566,66.0,293.0,21499.836734693876,3.184715853797065,4.650027984512093,0.00037252902984615,10.545384526252747,2,0.0,0.0,0.0,0.0,1.0,1.0,568.0,0.0,0.0,0.0,benign
17.228535175323486,16.0,156.71428571428572,105.3993955567566,66.0,293.0,21499.836734693876,3.184715853797065,4.650027984512093,0.00037252902984615,10.545384526252747,2,0.0,0.0,0.0,0.0,1.0,1.0,568.0,0.0,0.0,0.0,benign
17.228535175323486,16.0,156.71428571428572,105.3993955567566,66.0,293.0,21499.836734693876,3.184715853797065,4.650027984512093,0.00037252902984615,10.545384526252747,2,0.0,0.0,0.0,0.0,1.0,1.0,568.0,0.0,0.0,0.0,benign
17.228535175323486,16.0,156.71428571428572,105.3993955567566,66.0,293.0,21499.836734693876,3.184715853797065,4.650027984512093,0.00037252902984615,10.545384526252747,2,0.0,0.0,0.0,0.0,1.0,1.0,568.0,0.0,0.0,0.0,benign
11.951252937316895,16.0,155.85714285714283,104.4214974366144,66.0,293.0,21096.244897959175,2.209110683865017,3.22410656147674,0.0002670288085937,7.458595871925354,2,0.0,0.0,0.0,0.0,1.0,1.0,568.0,0.0,0.0,0.0,benign
11.951252937316895,16.0,155.85714285714283,104.4214974366144,66.0,293.0,21096.244897959175,2.209110683865017,3.22410656147674,0.0002670288085937,7.458595871925354,2,0.0,0.0,0.0,0.0,1.0,1.0,568.0,0.0,0.0,0.0,benign
11.951252937316895,16.0,155.85714285714283,104.4214974366144,66.0,293.0,21096.244897959175,2.209110683865017,3.22410656147674,0.0002670288085937,7.458595871925354,2,0.0,0.0,0.0,0.0,1.0,1.0,568.0,0.0,0.0,0.0,benign
11.951252937316895,16.0,155.85714285714283,104.4214974366144,66.0,293.0,21096.244897959175,2.209110683865017,3.22410656147674,0.0002670288085937,7.458595871925354,2,0.0,0.0,0.0,0.0,1.0,1.0,568.0,0.0,0.0,0.0,benign
11.951252937316895,16.0,155.85714285714283,104.4214974366144,66.0,293.0,21096.244897959175,2.209110683865017,3.22410656147674,0.0002670288085937,7.458595871925354,2,0.0,0.0,0.0,0.0,1.0,1.0,568.0,0.0,0.001,0.0,benign
11.951252937316895,16.0,155.85714285714283,104.4214974366144,66.0,293.0,21096.244897959175,2.209110683865017,3.22410656147674,0.0002670288085937,7.458595871925354,2,0.0,0.0,0.0,0.0,1.0,1.0,568.0,0.0,0.0,0.0,benign
14.586321949958801,14.0,153.16666666666666,103.71434774624784,66.0,293.0,20806.77777777778,2.7430131314457324,4.061016532434433,0.0004135370254516,9.311841487884521,2,0.0,0.0,0.0,0.0,1.0,1.0,568.0,0.0,0.0,0.0,benign
14.586321949958801,14.0,153.16666666666666,103.71434774624784,66.0,293.0,20806.77777777778,2.7430131314457324,4.061016532434433,0.0004135370254516,9.311841487884521,2,0.0,0.0,0.0,0.0,1.0,1.0,568.0,0.0,0.0,0.0,benign
14.586321949958801,14.0,153.16666666666666,103.71434774624784,66.0,293.0,20806.77777777778,2.7430131314457324,4.061016532434433,0.0004135370254516,9.311841487884521,2,0.0,0.0,0.0,0.0,1.0,1.0,568.0,0.0,0.0,0.0,benign
14.586321949958801,14.0,153.16666666666666,103.71434774624784,66.0,293.0,20806.77777777778,2.7430131314457324,4.061016532434433,0.0004135370254516,9.311841487884521,2,0.0,0.0,0.0,0.0,1.0,1.0,568.0,0.0,0.0,0.0,benign
14.586321949958801,14.0,153.16666666666666,103.71434774624784,66.0,293.0,20806.77777777778,2.7430131314457324,4.061016532434433,0.0004135370254516,9.311841487884521,2,0.0,0.0,0.0,0.0,1.0,1.0,568.0,0.0,0.0,0.0,benign
10.350393056869507,10.0,145.25,102.57010166140084,66.0,293.0,20342.625,2.0649579524993897,3.0981684585705893,0.00040805339813225,6.98051905632019,2,0.0,0.0,0.0,0.0,1.0,1.0,568.0,0.0,0.0,0.0,benign
10.350393056869507,10.0,145.25,102.57010166140084,66.0,293.0,20342.625,2.0649579524993897,3.0981684585705893,0.00040805339813225,6.98051905632019,2,0.0,0.0,0.0,0.0,1.0,1.0,568.0,0.0,0.0,0.0,benign
10.350393056869507,10.0,145.25,102.57010166140084,66.0,293.0,20342.625,2.0649579524993897,3.0981684585705893,0.00040805339813225,6.98051905632019,2,0.0,0.0,0.0,0.0,1.0,1.0,568.0,0.0,0.0,0.0,benign
8.036869406700134,10.0,145.25,102.57010166140084,66.0,293.0,20342.625,1.6021268765131633,2.439595096543672,0.00033843517303464997,5.955841541290283,2,0.0,0.0,0.0,0.0,1.0,1.0,568.0,0.0,0.0,0.0,benign
8.036869406700134,10.0,145.25,102.57010166140084,66.0,293.0,20342.625,1.6021268765131633,2.439595096543672,0.00033843517303464997,5.955841541290283,2,0.0,0.0,0.0,0.0,1.0,1.0,568.0,0.0,0.0,0.0,benign
8.036869406700134,10.0,145.25,102.57010166140084,66.0,293.0,20342.625,1.6021268765131633,2.439595096543672,0.00033843517303464997,5.955841541290283,2,0.0,0.0,0.0,0.0,1.0,1.0,568.0,0.0,0.0,0.0,benign
13.267610549926758,14.0,153.66666666666666,104.30384138481394,66.0,293.0,21047.94444444444,2.492983085521753,3.6719528513152744,0.00031054019927975003,8.548785090446472,2,0.0,0.0,0.0,0.0,1.0,1.0,568.0,0.0,0.0,0.0,benign
13.267610549926758,14.0,153.66666666666666,104.30384138481394,66.0,293.0,21047.94444444444,2.492983085521753,3.6719528513152744,0.00031054019927975003,8.548785090446472,1,0.0,0.0,0.0,0.0,1.0,1.0,568.0,0.0,0.0,0.0,benign
13.267610549926758,14.0,153.66666666666666,104.30384138481394,66.0,293.0,21047.94444444444,2.492983085521753,3.6719528513152744,0.00031054019927975003,8.548785090446472,1,0.0,0.0,0.0,0.0,1.0,1.0,568.0,0.0,0.0,0.0,benign
13.267610549926758,14.0,153.66666666666666,104.30384138481394,66.0,293.0,21047.94444444444,2.492983085521753,3.6719528513152744,0.00031054019927975003,8.548785090446472,2,0.0,0.0,0.0,0.0,1.0,1.0,568.0,0.0,0.0005,0.0005,benign
13.267610549926758,14.0,153.66666666666666,104.30384138481394,66.0,293.0,21047.94444444444,2.492983085521753,3.6719528513152744,0.00031054019927975003,8.548785090446472,2,0.0,0.0,0.0,0.0,1.0,1.0,568.0,0.0,0.0,0.0,benign
13.267610549926758,14.0,153.66666666666666,104.30384138481394,66.0,293.0,21047.94444444444,2.492983085521753,3.6719528513152744,0.00031054019927975003,8.548785090446472,2,0.0,0.0,0.0,0.0,1.0,1.0,568.0,0.0,0.0,0.0,benign
11.733847975730896,14.0,153.66666666666666,104.30384138481394,66.0,293.0,21047.94444444444,2.208148591760276,3.244701614871273,0.0002825260162353,7.743930935859681,2,0.0,0.0,0.0,0.0,1.0,1.0,568.0,0.0,0.0,0.0,benign
11.733847975730896,14.0,153.66666666666666,104.30384138481394,66.0,293.0,21047.94444444444,2.208148591760276,3.244701614871273,0.0002825260162353,7.743930935859681,2,0.0,0.0,0.0,0.0,1.0,1.0,568.0,0.0,0.0,0.0,benign
11.733847975730896,14.0,153.66666666666666,104.30384138481394,66.0,293.0,21047.94444444444,2.208148591760276,3.244701614871273,0.0002825260162353,7.743930935859681,2,0.0,0.0,0.0,0.0,1.0,1.0,568.0,0.0,0.001,0.0,benign
11.733847975730896,14.0,153.66666666666666,104.30384138481394,66.0,293.0,21047.94444444444,2.208148591760276,3.244701614871273,0.0002825260162353,7.743930935859681,2,0.0,0.0,0.0,0.0,1.0,1.0,568.0,0.0,0.0,0.0,benign
11.733847975730896,14.0,153.66666666666666,104.30384138481394,66.0,293.0,21047.94444444444,2.208148591760276,3.244701614871273,0.0002825260162353,7.743930935859681,2,0.0,0.0,0.0,0.0,1.0,1.0,568.0,0.0,0.0005,0.0005,benign
5.029962539672852,10.0,146.0,103.52043423121894,66.0,293.0,20727.75,1.0003963152567545,1.4917339916068548,0.00034952163696284997,3.504483461380005,1,0.0,0.0,0.0,0.0,1.0,1.0,568.0,0.0,0.0,0.0,benign
5.029962539672852,10.0,146.0,103.52043423121894,66.0,293.0,20727.75,1.0003963152567545,1.4917339916068548,0.00034952163696284997,3.504483461380005,1,0.0,0.0,0.0,0.0,1.0,1.0,568.0,0.0,0.001,0.0,benign
5.029962539672852,10.0,146.0,103.52043423121894,66.0,293.0,20727.75,1.0003963152567545,1.4917339916068548,0.00034952163696284997,3.504483461380005,2,0.0,0.0,0.0,0.0,1.0,1.0,568.0,0.0,0.0,0.0,benign
5.029962539672852,10.0,146.0,103.52043423121894,66.0,293.0,20727.75,1.0003963152567545,1.4917339916068548,0.00034952163696284997,3.504483461380005,2,0.0,0.0,0.0,0.0,1.0,1.0,568.0,0.0,0.0005,0.0005,benign
10.692397475242615,14.0,154.16666666666666,104.88754293259126,66.0,293.0,21288.11111111111,2.0079788833424668,2.9871141430001544,0.0002936124801635,7.126598358154296,2,0.0,0.0,0.0,0.0,1.0,1.0,568.0,0.0,0.0,0.0,benign
10.692397475242615,14.0,154.16666666666666,104.88754293259126,66.0,293.0,21288.11111111111,2.0079788833424668,2.9871141430001544,0.0002936124801635,7.126598358154296,2,0.0,0.0,0.0,0.0,1.0,1.0,568.0,0.0,0.0,0.0,benign
10.692397475242615,14.0,154.16666666666666,104.88754293259126,66.0,293.0,21288.11111111111,2.0079788833424668,2.9871141430001544,0.0002936124801635,7.126598358154296,2,0.0,0.0,0.0,0.0,1.0,1.0,568.0,0.0,0.0,0.0,benign
10.692397475242615,14.0,154.16666666666666,104.88754293259126,66.0,293.0,21288.11111111111,2.0079788833424668,2.9871141430001544,0.0002936124801635,7.126598358154296,2,0.0,0.0,0.0,0.0,1.0,1.0,568.0,0.0,0.0005,0.0005,benign
10.692397475242615,14.0,154.16666666666666,104.88754293259126,66.0,293.0,21288.11111111111,2.0079788833424668,2.9871141430001544,0.0002936124801635,7.126598358154296,1,0.0,0.0,0.0,0.0,1.0,1.0,568.0,0.0,0.0,0.0,benign
10.692397475242615,14.0,154.16666666666666,104.88754293259126,66.0,293.0,21288.11111111111,2.0079788833424668,2.9871141430001544,0.0002936124801635,7.126598358154296,1,0.0,0.0,0.0,0.0,1.0,1.0,568.0,0.0,0.001,0.0,benign
9.413359999656677,12.0,150.0,103.33224765777189,66.0,293.0,20651.2,1.8118161339508858,2.6943704618802213,0.00037539005279539996,6.135332584381104,2,0.0,0.0,0.0,0.0,1.0,1.0,568.0,0.0,0.0,0.0,benign
9.413359999656677,12.0,150.0,103.33224765777189,66.0,293.0,20651.2,1.8118161339508858,2.6943704618802213,0.00037539005279539996,6.135332584381104,2,0.0,0.0,0.0,0.0,1.0,1.0,568.0,0.0,0.0005,0.0005,benign
9.413359999656677,12.0,150.0,103.33224765777189,66.0,293.0,20651.2,1.8118161339508858,2.6943704618802213,0.00037539005279539996,6.135332584381104,2,0.0,0.0,0.0,0.0,1.0,1.0,568.0,0.0,0.0,0.0,benign
9.413359999656677,12.0,150.0,103.33224765777189,66.0,293.0,20651.2,1.8118161339508858,2.6943704618802213,0.00037539005279539996,6.135332584381104,2,0.0,0.0,0.0,0.0,1.0,1.0,568.0,0.0,0.0,0.0,benign
13.930455565452576,16.0,155.85714285714283,104.4214974366144,66.0,293.0,21096.24489795918,2.5755841422964023,3.7620161203670093,0.0003529787063598,8.545403003692627,2,0.0,0.0,0.0,0.0,1.0,1.0,568.0,0.0,0.0,0.0,benign
13.930455565452576,16.0,155.85714285714283,104.4214974366144,66.0,293.0,21096.24489795918,2.5755841422964023,3.7620161203670093,0.0003529787063598,8.545403003692627,1,0.0,0.0,0.0,0.0,1.0,1.0,568.0,0.0,0.001,0.0,benign
13.930455565452576,16.0,155.85714285714283,104.4214974366144,66.0,293.0,21096.24489795918,2.5755841422964023,3.7620161203670093,0.0003529787063598,8.545403003692627,1,0.0,0.0,0.0,0.0,1.0,1.0,568.0,0.0,0.0,0.0,benign
13.930455565452576,16.0,155.85714285714283,104.4214974366144,66.0,293.0,21096.24489795918,2.5755841422964023,3.7620161203670093,0.0003529787063598,8.545403003692627,1,0.0,0.0,0.0,0.0,1.0,1.0,568.0,0.0,0.0,0.0,benign
13.930455565452576,16.0,155.85714285714283,104.4214974366144,66.0,293.0,21096.24489795918,2.5755841422964023,3.7620161203670093,0.0003529787063598,8.545403003692627,1,0.0,0.0,0.0,0.0,1.0,1.0,568.0,0.0,0.0,0.0,benign
13.930455565452576,16.0,155.85714285714283,104.4214974366144,66.0,293.0,21096.24489795918,2.5755841422964023,3.7620161203670093,0.0003529787063598,8.545403003692627,1,0.0,0.0,0.0,0.0,1.0,1.0,568.0,0.0,0.0,0.0,benign
13.930455565452576,16.0,155.85714285714283,104.4214974366144,66.0,293.0,21096.24489795918,2.5755841422964023,3.7620161203670093,0.0003529787063598,8.545403003692627,1,0.0,0.0,0.0,0.0,1.0,1.0,568.0,0.0,0.0,0.0,benign
13.930455565452576,16.0,155.85714285714283,104.4214974366144,66.0,293.0,21096.24489795918,2.5755841422964023,3.7620161203670093,0.0003529787063598,8.545403003692627,2,0.0,0.0,0.0,0.0,1.0,1.0,568.0,0.0,0.0,0.0,benign
13.930455565452576,16.0,155.85714285714283,104.4214974366144,66.0,293.0,21096.24489795918,2.5755841422964023,3.7620161203670093,0.0003529787063598,8.545403003692627,2,0.0,0.0,0.0,0.0,1.0,1.0,568.0,0.0,0.0,0.0,benign
10.44589352607727,12.0,151.2,104.77941855658032,66.0,293.0,21243.520000000004,2.0102183986128423,3.0019921415612587,0.0003620386123657,6.9066184759140015,2,0.0,0.0,0.0,0.0,1.0,1.0,568.0,0.0,0.0005,0.0005,benign
10.44589352607727,12.0,151.2,104.77941855658032,66.0,293.0,21243.520000000004,2.0102183986128423,3.0019921415612587,0.0003620386123657,6.9066184759140015,2,0.0,0.0,0.0,0.0,1.0,1.0,568.0,0.0,0.0005,0.0005,benign
10.44589352607727,12.0,151.2,104.77941855658032,66.0,293.0,21243.520000000004,2.0102183986128423,3.0019921415612587,0.0003620386123657,6.9066184759140015,2,0.0,0.0,0.0,0.0,1.0,1.0,568.0,0.0,0.0,0.0,benign
10.44589352607727,12.0,151.2,104.77941855658032,66.0,293.0,21243.520000000004,2.0102183986128423,3.0019921415612587,0.0003620386123657,6.9066184759140015,2,0.0,0.0,0.0,0.0,1.0,1.0,568.0,0.0,0.0005,0.0005,benign
15.943964958190918,16.0,155.85714285714283,104.4214974366144,66.0,293.0,21096.24489795918,2.9475667035138167,4.318358691760864,0.000306487083435,9.821935057640076,2,0.0,0.0,0.0,0.0,1.0,1.0,568.0,0.0,0.0,0.0,benign
15.943964958190918,16.0,155.85714285714283,104.4214974366144,66.0,293.0,21096.24489795918,2.9475667035138167,4.318358691760864,0.000306487083435,9.821935057640076,2,0.0,0.0,0.0,0.0,1.0,1.0,568.0,0.0,0.0,0.0,benign
15.943964958190918,16.0,155.85714285714283,104.4214974366144,66.0,293.0,21096.24489795918,2.9475667035138167,4.318358691760864,0.000306487083435,9.821935057640076,2,0.0,0.0,0.0,0.0,1.0,1.0,568.0,0.0,0.0,0.0,benign
15.943964958190918,16.0,155.85714285714283,104.4214974366144,66.0,293.0,21096.24489795918,2.9475667035138167,4.318358691760864,0.000306487083435,9.821935057640076,2,0.0,0.0,0.0,0.0,1.0,1.0,568.0,0.0,0.0,0.0,benign
15.943964958190918,16.0,155.85714285714283,104.4214974366144,66.0,293.0,21096.24489795918,2.9475667035138167,4.318358691760864,0.000306487083435,9.821935057640076,2,0.0,0.0,0.0,0.0,1.0,1.0,568.0,0.0,0.0005,0.0005,benign
15.943964958190918,16.0,155.85714285714283,104.4214974366144,66.0,293.0,21096.24489795918,2.9475667035138167,4.318358691760864,0.000306487083435,9.821935057640076,2,0.0,0.0,0.0,0.0,1.0,1.0,568.0,0.0,0.0,0.0,benign
15.773349046707152,28.0,244.57142857142856,206.36088855820185,66.0,512.0,42584.8163265306,0.5841981128410056,1.1110865808589163,0.0003650188446044,3.919100999832153,1,0.0,0.0,0.0,0.0,1.0,1.0,568.0,0.0,0.0,0.0,benign
15.737246513366697,16.0,156.28571428571428,104.91249508666981,66.0,293.0,21298.4081632653,2.908956386424877,4.256102647871789,0.00033247470855705,9.809789061546326,1,0.0,0.0,0.0,0.0,1.0,1.0,568.0,0.0,0.0,0.0,benign
15.737246513366697,16.0,156.28571428571428,104.91249508666981,66.0,293.0,21298.4081632653,2.908956386424877,4.256102647871789,0.00033247470855705,9.809789061546326,2,0.0,0.0,0.0,0.0,1.0,1.0,568.0,0.0,0.0,0.0,benign
15.737246513366697,16.0,156.28571428571428,104.91249508666981,66.0,293.0,21298.4081632653,2.908956386424877,4.256102647871789,0.00033247470855705,9.809789061546326,2,0.0,0.0,0.0,0.0,1.0,1.0,568.0,0.0,0.0,0.0,benign
15.737246513366697,16.0,156.28571428571428,104.91249508666981,66.0,293.0,21298.4081632653,2.908956386424877,4.256102647871789,0.00033247470855705,9.809789061546326,2,0.0,0.0,0.0,0.0,1.0,1.0,568.0,0.0,0.0,0.0,benign
15.737246513366697,16.0,156.28571428571428,104.91249508666981,66.0,293.0,21298.4081632653,2.908956386424877,4.256102647871789,0.00033247470855705,9.809789061546326,2,0.0,0.0,0.0,0.0,1.0,1.0,568.0,0.0,0.0,0.0,benign
15.737246513366697,16.0,156.28571428571428,104.91249508666981,66.0,293.0,21298.4081632653,2.908956386424877,4.256102647871789,0.00033247470855705,9.809789061546326,2,0.0,0.0,0.0,0.0,1.0,1.0,568.0,0.0,0.0,0.0,benign
15.420091032981873,16.0,155.42857142857144,103.9263435512821,66.0,293.0,20893.346938775514,2.8502604299121437,4.188716529147711,0.00046396255493159997,9.626843929290771,1,0.0,0.0,0.0,0.0,1.0,1.0,568.0,0.0,0.0,0.0,benign
15.420091032981873,16.0,155.42857142857144,103.9263435512821,66.0,293.0,20893.346938775514,2.8502604299121437,4.188716529147711,0.00046396255493159997,9.626843929290771,1,0.0,0.0,0.0,0.0,1.0,1.0,568.0,0.0,0.0,0.0,benign
15.420091032981873,16.0,155.42857142857144,103.9263435512821,66.0,293.0,20893.346938775514,2.8502604299121437,4.188716529147711,0.00046396255493159997,9.626843929290771,2,0.0,0.0,0.0,0.0,1.0,1.0,568.0,0.0,0.0005,0.0005,benign
15.420091032981873,16.0,155.42857142857144,103.9263435512821,66.0,293.0,20893.346938775514,2.8502604299121437,4.188716529147711,0.00046396255493159997,9.626843929290771,2,0.0,0.0,0.0,0.0,1.0,1.0,568.0,0.0,0.0,0.0,benign
15.420091032981873,16.0,155.42857142857144,103.9263435512821,66.0,293.0,20893.346938775514,2.8502604299121437,4.188716529147711,0.00046396255493159997,9.626843929290771,2,0.0,0.0,0.0,0.0,1.0,1.0,568.0,0.0,0.0,0.0,benign
15.420091032981873,16.0,155.42857142857144,103.9263435512821,66.0,293.0,20893.346938775514,2.8502604299121437,4.188716529147711,0.00046396255493159997,9.626843929290771,2,0.0,0.0,0.0,0.0,1.0,1.0,568.0,0.0,0.0005,0.0005,benign
15.420091032981873,16.0,155.42857142857144,103.9263435512821,66.0,293.0,20893.346938775514,2.8502604299121437,4.188716529147711,0.00046396255493159997,9.626843929290771,2,0.0,0.0,0.0,0.0,1.0,1.0,568.0,0.0,0.0005,0.0005,benign
9.70255446434021,10.0,143.75,100.62498533779709,66.0,287.0,19565.625,1.9329727013905842,2.9017420056759087,0.0004611015319824,6.515323519706726,2,0.0,0.0,0.0,0.0,1.0,1.0,568.0,0.0,0.0,0.0,benign
9.70255446434021,10.0,143.75,100.62498533779709,66.0,287.0,19565.625,1.9329727013905842,2.9017420056759087,0.0004611015319824,6.515323519706726,2,0.0,0.0,0.0,0.0,1.0,1.0,568.0,0.0,0.0005,0.0005,benign
9.70255446434021,10.0,143.75,100.62498533779709,66.0,287.0,19565.625,1.9329727013905842,2.9017420056759087,0.0004611015319824,6.515323519706726,2,0.0,0.0,0.0,0.0,1.0,1.0,568.0,0.0,0.0,0.0,benign
9.90489387512207,20.0,234.4,206.09473549802289,66.0,512.0,42475.04000000001,0.5213102039537931,1.0041191929965425,0.0003888607025146,2.867173194885254,1,0.0,0.0,0.0,0.0,1.0,1.0,568.0,0.0,0.0,0.0,benign
9.873483896255493,12.0,151.2,104.77941855658032,66.0,293.0,21243.520000000004,1.9010007548750492,2.8215971027619555,0.0003339052200317,6.354253649711609,1,0.0,0.0,0.0,0.0,1.0,1.0,568.0,0.0,0.0,0.0,benign
9.873483896255493,12.0,151.2,104.77941855658032,66.0,293.0,21243.520000000004,1.9010007548750492,2.8215971027619555,0.0003339052200317,6.354253649711609,2,0.0,0.0,0.0,0.0,1.0,1.0,568.0,0.0,0.0005,0.0005,benign
9.873483896255493,12.0,151.2,104.77941855658032,66.0,293.0,21243.520000000004,1.9010007548750492,2.8215971027619555,0.0003339052200317,6.354253649711609,2,0.0,0.0,0.0,0.0,1.0,1.0,568.0,0.0,0.0,0.0,benign
9.873483896255493,12.0,151.2,104.77941855658032,66.0,293.0,21243.520000000004,1.9010007548750492,2.8215971027619555,0.0003339052200317,6.354253649711609,2,0.0,0.0,0.0,0.0,1.0,1.0,568.0,0.0,0.001,0.0,benign
14.37891948223114,16.0,155.85714285714283,104.4214974366144,66.0,293.0,21096.244897959175,2.6565173069636026,3.884422289962439,0.0003139972686767,8.904962539672852,2,0.0,0.0,0.0,0.0,1.0,1.0,568.0,0.0,0.0,0.0,benign
14.37891948223114,16.0,155.85714285714283,104.4214974366144,66.0,293.0,21096.244897959175,2.6565173069636026,3.884422289962439,0.0003139972686767,8.904962539672852,2,0.0,0.0,0.0,0.0,1.0,1.0,568.0,0.0,0.0,0.0,benign
14.37891948223114,16.0,155.85714285714283,104.4214974366144,66.0,293.0,21096.244897959175,2.6565173069636026,3.884422289962439,0.0003139972686767,8.904962539672852,2,0.0,0.0,0.0,0.0,1.0,1.0,568.0,0.0,0.0,0.0,benign
14.37891948223114,16.0,155.85714285714283,104.4214974366144,66.0,293.0,21096.244897959175,2.6565173069636026,3.884422289962439,0.0003139972686767,8.904962539672852,1,0.0,0.0,0.0,0.0,1.0,1.0,568.0,0.0,0.0,0.0,benign
14.37891948223114,16.0,155.85714285714283,104.4214974366144,66.0,293.0,21096.244897959175,2.6565173069636026,3.884422289962439,0.0003139972686767,8.904962539672852,1,0.0,0.0,0.0,0.0,1.0,1.0,568.0,0.0,0.0,0.0,benign
14.37891948223114,16.0,155.85714285714283,104.4214974366144,66.0,293.0,21096.244897959175,2.6565173069636026,3.884422289962439,0.0003139972686767,8.904962539672852,2,0.0,0.0,0.0,0.0,1.0,1.0,568.0,0.0,0.0,0.0,benign
14.37891948223114,16.0,155.85714285714283,104.4214974366144,66.0,293.0,21096.244897959175,2.6565173069636026,3.884422289962439,0.0003139972686767,8.904962539672852,2,0.0,0.0,0.0,0.0,1.0,1.0,568.0,0.0,0.0,0.0,benign
17.545230507850647,16.0,155.0,103.42697272040161,66.0,293.0,20689.714285714286,3.237748238775465,4.71950794070744,0.00037705898284904997,10.628872513771057,2,0.0,0.0,0.0,0.0,1.0,1.0,568.0,0.0,0.0,0.0,benign
17.545230507850647,16.0,155.0,103.42697272040161,66.0,293.0,20689.714285714286,3.237748238775465,4.71950794070744,0.00037705898284904997,10.628872513771057,2,0.0,0.0,0.0,0.0,1.0,1.0,568.0,0.0,0.0,0.0,benign
17.545230507850647,16.0,155.0,103.42697272040161,66.0,293.0,20689.714285714286,3.237748238775465,4.71950794070744,0.00037705898284904997,10.628872513771057,2,0.0,0.0,0.0,0.0,1.0,1.0,568.0,0.0,0.0,0.0,benign
17.545230507850647,16.0,155.0,103.42697272040161,66.0,293.0,20689.714285714286,3.237748238775465,4.71950794070744,0.00037705898284904997,10.628872513771057,2,0.0,0.0,0.0,0.0,1.0,1.0,568.0,0.0,0.0005,0.0005,benign
17.545230507850647,16.0,155.0,103.42697272040161,66.0,293.0,20689.714285714286,3.237748238775465,4.71950794070744,0.00037705898284904997,10.628872513771057,2,0.0,0.0,0.0,0.0,1.0,1.0,568.0,0.0,0.0,0.0,benign
17.545230507850647,16.0,155.0,103.42697272040161,66.0,293.0,20689.714285714286,3.237748238775465,4.71950794070744,0.00037705898284904997,10.628872513771057,2,0.0,0.0,0.0,0.0,1.0,1.0,568.0,0.0,0.0005,0.0005,benign
8.437046647071838,10.0,144.5,101.60509521896151,66.0,293.0,19955.25,1.6793130000432335,2.519368247527458,0.00050604343414305,5.760478973388672,2,0.0,0.0,0.0,0.0,1.0,1.0,568.0,0.0,0.0005,0.0005,benign
8.437046647071838,10.0,144.5,101.60509521896151,66.0,293.0,19955.25,1.6793130000432335,2.519368247527458,0.00050604343414305,5.760478973388672,2,0.0,0.0,0.0,0.0,1.0,1.0,568.0,0.0,0.0,0.0,benign
8.437046647071838,10.0,144.5,101.60509521896151,66.0,293.0,19955.25,1.6793130000432335,2.519368247527458,0.00050604343414305,5.760478973388672,2,0.0,0.0,0.0,0.0,1.0,1.0,568.0,0.0,0.0,0.0,benign
9.212316036224365,10.0,145.25,102.57010166140084,66.0,293.0,20342.625,1.8378098805745442,2.7843586264104676,0.0003080368041992,6.57739794254303,2,0.0,0.0,0.0,0.0,1.0,1.0,568.0,0.0,0.0,0.0,benign
9.212316036224365,10.0,145.25,102.57010166140084,66.0,293.0,20342.625,1.8378098805745442,2.7843586264104676,0.0003080368041992,6.57739794254303,2,0.0,0.0,0.0,0.0,1.0,1.0,568.0,0.0,0.0,0.0,benign
9.212316036224365,10.0,145.25,102.57010166140084,66.0,293.0,20342.625,1.8378098805745442,2.7843586264104676,0.0003080368041992,6.57739794254303,2,0.0,0.0,0.0,0.0,1.0,1.0,568.0,0.0,0.0,0.0,benign
10.950450539588928,14.0,153.66666666666666,104.30384138481394,66.0,293.0,21047.94444444444,2.058380325635274,3.0144228347181965,0.00051951408386225,6.842116475105285,2,0.0,0.0,0.0,0.0,1.0,1.0,568.0,0.0,0.0,0.0,benign
10.950450539588928,14.0,153.66666666666666,104.30384138481394,66.0,293.0,21047.94444444444,2.058380325635274,3.0144228347181965,0.00051951408386225,6.842116475105285,2,0.0,0.0,0.0,0.0,1.0,1.0,568.0,0.0,0.0,0.0,benign
10.950450539588928,14.0,153.66666666666666,104.30384138481394,66.0,293.0,21047.94444444444,2.058380325635274,3.0144228347181965,0.00051951408386225,6.842116475105285,2,0.0,0.0,0.0,0.0,1.0,1.0,568.0,0.0,0.0,0.0,benign
10.950450539588928,14.0,153.66666666666666,104.30384138481394,66.0,293.0,21047.94444444444,2.058380325635274,3.0144228347181965,0.00051951408386225,6.842116475105285,2,0.0,0.0,0.0,0.0,1.0,1.0,568.0,0.0,0.0,0.0,benign
10.950450539588928,14.0,153.66666666666666,104.30384138481394,66.0,293.0,21047.94444444444,2.058380325635274,3.0144228347181965,0.00051951408386225,6.842116475105285,2,0.0,0.0,0.0,0.0,1.0,1.0,568.0,0.0,0.0,0.0,benign
6.030511975288391,10.0,144.5,101.60509521896151,66.0,293.0,19955.25,1.2001246531804404,1.8021774229748404,0.0006334781646728,4.126297473907471,2,0.0,0.0,0.0,0.0,1.0,1.0,568.0,0.0,0.0,0.0,benign
6.030511975288391,10.0,144.5,101.60509521896151,66.0,293.0,19955.25,1.2001246531804404,1.8021774229748404,0.0006334781646728,4.126297473907471,2,0.0,0.0,0.0,0.0,1.0,1.0,568.0,0.0,0.0005,0.0005,benign
6.030511975288391,10.0,144.5,101.60509521896151,66.0,293.0,19955.25,1.2001246531804404,1.8021774229748404,0.0006334781646728,4.126297473907471,2,0.0,0.0,0.0,0.0,1.0,1.0,568.0,0.0,0.0005,0.0005,benign
7.672814965248108,10.0,144.5,101.60509521896151,66.0,293.0,19955.25,1.5293976545333865,2.3187722871128464,0.00043547153472895,5.547755002975464,2,0.0,0.0,0.0,0.0,1.0,1.0,568.0,0.0,0.0,0.0,benign
7.672814965248108,10.0,144.5,101.60509521896151,66.0,293.0,19955.25,1.5293976545333865,2.3187722871128464,0.00043547153472895,5.547755002975464,2,0.0,0.0,0.0,0.0,1.0,1.0,568.0,0.0,0.0,0.0,benign
7.672814965248108,10.0,144.5,101.60509521896151,66.0,293.0,19955.25,1.5293976545333865,2.3187722871128464,0.00043547153472895,5.547755002975464,2,0.0,0.0,0.0,0.0,1.0,1.0,568.0,0.0,0.0,0.0,benign
12.15436601638794,12.0,150.0,103.33224765777189,66.0,293.0,20651.2,2.3397826060914158,3.482534086737896,0.0003085136413574,8.050305485725403,2,0.0,0.0,0.0,0.0,1.0,1.0,568.0,0.0,0.0,0.0,benign
12.15436601638794,12.0,150.0,103.33224765777189,66.0,293.0,20651.2,2.3397826060914158,3.482534086737896,0.0003085136413574,8.050305485725403,2,0.0,0.0,0.0,0.0,1.0,1.0,568.0,0.0,0.0,0.0,benign
12.15436601638794,12.0,150.0,103.33224765777189,66.0,293.0,20651.2,2.3397826060914158,3.482534086737896,0.0003085136413574,8.050305485725403,2,0.0,0.0,0.0,0.0,1.0,1.0,568.0,0.0,0.0,0.0,benign
12.15436601638794,12.0,150.0,103.33224765777189,66.0,293.0,20651.2,2.3397826060914158,3.482534086737896,0.0003085136413574,8.050305485725403,2,0.0,0.0,0.0,0.0,1.0,1.0,568.0,0.0,0.0,0.0,benign
9.528369903564453,12.0,150.0,103.33224765777189,66.0,293.0,20651.2,1.8335981201707272,2.7378002209605423,0.0002139806747436242,6.498000502586364,2,0.0,0.0,0.0,0.0,1.0,1.0,568.0,0.0,0.0,0.0,benign
9.528369903564453,12.0,150.0,103.33224765777189,66.0,293.0,20651.2,1.8335981201707272,2.7378002209605423,0.0002139806747436242,6.498000502586364,2,0.0,0.0,0.0,0.0,1.0,1.0,568.0,0.0,0.0,0.0,benign
9.528369903564453,12.0,150.0,103.33224765777189,66.0,293.0,20651.2,1.8335981201707272,2.7378002209605423,0.0002139806747436242,6.498000502586364,2,0.0,0.0,0.0,0.0,1.0,1.0,568.0,0.0,0.0,0.0,benign
9.528369903564453,12.0,150.0,103.33224765777189,66.0,293.0,20651.2,1.8335981201707272,2.7378002209605423,0.0002139806747436242,6.498000502586364,2,0.0,0.0,0.0,0.0,1.0,1.0,568.0,0.0,0.0005,0.0005,benign
6.3555920124053955,10.0,145.25,102.57010166140084,66.0,293.0,20342.625,1.2665825366973875,1.9171446653674984,0.0003634691238403,4.484291076660156,2,0.0,0.0,0.0,0.0,1.0,1.0,568.0,0.0,0.0005,0.0005,benign
6.3555920124053955,10.0,145.25,102.57010166140084,66.0,293.0,20342.625,1.2665825366973875,1.9171446653674984,0.0003634691238403,4.484291076660156,2,0.0,0.0,0.0,0.0,1.0,1.0,568.0,0.0,0.0,0.0,benign
6.3555920124053955,10.0,145.25,102.57010166140084,66.0,293.0,20342.625,1.2665825366973875,1.9171446653674984,0.0003634691238403,4.484291076660156,2,0.0,0.0,0.0,0.0,1.0,1.0,568.0,0.0,0.001,0.0,benign
11.550230026245117,14.0,154.66666666666666,105.4655501647625,66.0,293.0,21527.27777777778,2.170859412870546,3.187789215018176,0.0003120899200439,7.173126578330994,1,0.0,0.0,0.0,0.0,1.0,1.0,568.0,0.0,0.001,0.0,benign
11.550230026245117,14.0,154.66666666666666,105.4655501647625,66.0,293.0,21527.27777777778,2.170859412870546,3.187789215018176,0.0003120899200439,7.173126578330994,1,0.0,0.0,0.0,0.0,1.0,1.0,568.0,0.0,0.0,0.0,benign
11.550230026245117,14.0,154.66666666666666,105.4655501647625,66.0,293.0,21527.27777777778,2.170859412870546,3.187789215018176,0.0003120899200439,7.173126578330994,2,0.0,0.0,0.0,0.0,1.0,1.0,568.0,0.0,0.0,0.0,benign
11.550230026245117,14.0,154.66666666666666,105.4655501647625,66.0,293.0,21527.27777777778,2.170859412870546,3.187789215018176,0.0003120899200439,7.173126578330994,2,0.0,0.0,0.0,0.0,1.0,1.0,568.0,0.0,0.0005,0.0005,benign
11.550230026245117,14.0,154.66666666666666,105.4655501647625,66.0,293.0,21527.27777777778,2.170859412870546,3.187789215018176,0.0003120899200439,7.173126578330994,2,0.0,0.0,0.0,0.0,1.0,1.0,568.0,0.0,0.0,0.0,benign
11.550230026245117,14.0,154.66666666666666,105.4655501647625,66.0,293.0,21527.27777777778,2.170859412870546,3.187789215018176,0.0003120899200439,7.173126578330994,2,0.0,0.0,0.0,0.0,1.0,1.0,568.0,0.0,0.0,0.0,benign
13.075304985046387,12.0,149.4,102.59552288740561,66.0,293.0,20352.880000000005,2.520121875562166,3.722238905538868,0.00031697750091545004,8.24368953704834,2,0.0,0.0,0.0,0.0,1.0,1.0,568.0,0.0,0.0005,0.0005,benign
13.075304985046387,12.0,149.4,102.59552288740561,66.0,293.0,20352.880000000005,2.520121875562166,3.722238905538868,0.00031697750091545004,8.24368953704834,1,0.0,0.0,0.0,0.0,1.0,1.0,568.0,0.0,0.0,0.0,benign
13.075304985046387,12.0,149.4,102.59552288740561,66.0,293.0,20352.880000000005,2.520121875562166,3.722238905538868,0.00031697750091545004,8.24368953704834,1,0.0,0.0,0.0,0.0,1.0,1.0,568.0,0.0,0.0,0.0,benign
13.075304985046387,12.0,149.4,102.59552288740561,66.0,293.0,20352.880000000005,2.520121875562166,3.722238905538868,0.00031697750091545004,8.24368953704834,2,0.0,0.0,0.0,0.0,1.0,1.0,568.0,0.0,0.0,0.0,benign
13.075304985046387,12.0,149.4,102.59552288740561,66.0,293.0,20352.880000000005,2.520121875562166,3.722238905538868,0.00031697750091545004,8.24368953704834,2,0.0,0.0,0.0,0.0,1.0,1.0,568.0,0.0,0.0,0.0,benign
9.521143436431885,10.0,144.5,101.60509521896151,66.0,293.0,19955.25,1.8993650118509928,2.878227161192754,0.0005240440368652,6.6365954875946045,2,0.0,0.0,0.0,0.0,1.0,1.0,568.0,0.0,0.0005,0.0005,benign
9.521143436431885,10.0,144.5,101.60509521896151,66.0,293.0,19955.25,1.8993650118509928,2.878227161192754,0.0005240440368652,6.6365954875946045,2,0.0,0.0,0.0,0.0,1.0,1.0,568.0,0.0,0.0,0.0,benign
9.521143436431885,10.0,144.5,101.60509521896151,66.0,293.0,19955.25,1.8993650118509928,2.878227161192754,0.0005240440368652,6.6365954875946045,2,0.0,0.0,0.0,0.0,1.0,1.0,568.0,0.0,0.0,0.0,benign
7.023613929748535,10.0,145.25,102.57010166140084,66.0,293.0,20342.625,1.3999258359273274,2.1178038767605414,0.0003575086593627,5.092419505119324,2,0.0,0.0,0.0,0.0,1.0,1.0,568.0,0.0,0.0005,0.0005,benign
7.023613929748535,10.0,145.25,102.57010166140084,66.0,293.0,20342.625,1.3999258359273274,2.1178038767605414,0.0003575086593627,5.092419505119324,2,0.0,0.0,0.0,0.0,1.0,1.0,568.0,0.0,0.0,0.0,benign
7.023613929748535,10.0,145.25,102.57010166140084,66.0,293.0,20342.625,1.3999258359273274,2.1178038767605414,0.0003575086593627,5.092419505119324,2,0.0,0.0,0.0,0.0,1.0,1.0,568.0,0.0,0.0,0.0,benign
18.46911096572876,16.0,155.42857142857144,103.9263435512821,66.0,293.0,20893.346938775514,3.413262455551713,4.989707338890012,0.00046288967132565,11.156211972236635,2,0.0,0.0,0.0,0.0,1.0,1.0,568.0,0.0,0.0005,0.0005,benign
18.46911096572876,16.0,155.42857142857144,103.9263435512821,66.0,293.0,20893.346938775514,3.413262455551713,4.989707338890012,0.00046288967132565,11.156211972236635,2,0.0,0.0,0.0,0.0,1.0,1.0,568.0,0.0,0.0,0.0,benign
18.46911096572876,16.0,155.42857142857144,103.9263435512821,66.0,293.0,20893.346938775514,3.413262455551713,4.989707338890012,0.00046288967132565,11.156211972236635,2,0.0,0.0,0.0,0.0,1.0,1.0,568.0,0.0,0.0,0.0,benign
18.46911096572876,16.0,155.42857142857144,103.9263435512821,66.0,293.0,20893.346938775514,3.413262455551713,4.989707338890012,0.00046288967132565,11.156211972236635,2,0.0,0.0,0.0,0.0,1.0,1.0,568.0,0.0,0.0,0.0,benign
18.46911096572876,16.0,155.42857142857144,103.9263435512821,66.0,293.0,20893.346938775514,3.413262455551713,4.989707338890012,0.00046288967132565,11.156211972236635,2,0.0,0.0,0.0,0.0,1.0,1.0,568.0,0.0,0.0,0.0,benign
18.46911096572876,16.0,155.42857142857144,103.9263435512821,66.0,293.0,20893.346938775514,3.413262455551713,4.989707338890012,0.00046288967132565,11.156211972236635,1,0.0,0.0,0.0,0.0,1.0,1.0,568.0,0.0,0.0,0.0,benign
18.46911096572876,16.0,155.42857142857144,103.9263435512821,66.0,293.0,20893.346938775514,3.413262455551713,4.989707338890012,0.00046288967132565,11.156211972236635,1,0.0,0.0,0.0,0.0,1.0,1.0,568.0,0.0,0.001,0.0,benign
11.836277484893799,12.0,149.4,102.59552288740561,66.0,293.0,20352.880000000005,2.278357882248728,3.3861947914858446,0.00037300586700434997,7.710502028465272,2,0.0,0.0,0.0,0.0,1.0,1.0,568.0,0.0,0.0005,0.0005,benign
11.836277484893799,12.0,149.4,102.59552288740561,66.0,293.0,20352.880000000005,2.278357882248728,3.3861947914858446,0.00037300586700434997,7.710502028465272,2,0.0,0.0,0.0,0.0,1.0,1.0,568.0,0.0,0.0005,0.0005,benign
11.836277484893799,12.0,149.4,102.59552288740561,66.0,293.0,20352.880000000005,2.278357882248728,3.3861947914858446,0.00037300586700434997,7.710502028465272,2,0.0,0.0,0.0,0.0,1.0,1.0,568.0,0.0,0.0,0.0,benign
11.836277484893799,12.0,149.4,102.59552288740561,66.0,293.0,20352.880000000005,2.278357882248728,3.3861947914858446,0.00037300586700434997,7.710502028465272,2,0.0,0.0,0.0,0.0,1.0,1.0,568.0,0.0,0.0,0.0,benign
12.83672297000885,14.0,152.66666666666666,103.11896098612968,66.0,293.0,20564.61111111111,2.413723315017811,3.575749640215604,0.0003935098648071,8.278833508491516,2,0.0,0.0,0.0,0.0,1.0,1.0,568.0,0.0,0.0,0.0,benign
12.83672297000885,14.0,152.66666666666666,103.11896098612968,66.0,293.0,20564.61111111111,2.413723315017811,3.575749640215604,0.0003935098648071,8.278833508491516,2,0.0,0.0,0.0,0.0,1.0,1.0,568.0,0.0,0.0,0.0,benign
12.83672297000885,14.0,152.66666666666666,103.11896098612968,66.0,293.0,20564.61111111111,2.413723315017811,3.575749640215604,0.0003935098648071,8.278833508491516,2,0.0,0.0,0.0,0.0,1.0,1.0,568.0,0.0,0.0005,0.0005,benign
12.83672297000885,14.0,152.66666666666666,103.11896098612968,66.0,293.0,20564.61111111111,2.413723315017811,3.575749640215604,0.0003935098648071,8.278833508491516,2,0.0,0.0,0.0,0.0,1.0,1.0,568.0,0.0,0.0,0.0,benign
12.83672297000885,14.0,152.66666666666666,103.11896098612968,66.0,293.0,20564.61111111111,2.413723315017811,3.575749640215604,0.0003935098648071,8.278833508491516,2,0.0,0.0,0.0,0.0,1.0,1.0,568.0,0.0,0.0,0.0,benign
10.873293399810791,14.0,153.66666666666666,104.30384138481394,66.0,293.0,21047.94444444444,2.043359120686849,3.0291517874186136,0.0004088878631591,7.0796921253204355,2,0.0,0.0,0.0,0.0,1.0,1.0,568.0,0.0,0.0,0.0,benign
10.873293399810791,14.0,153.66666666666666,104.30384138481394,66.0,293.0,21047.94444444444,2.043359120686849,3.0291517874186136,0.0004088878631591,7.0796921253204355,2,0.0,0.0,0.0,0.0,1.0,1.0,568.0,0.0,0.0005,0.0005,benign
10.873293399810791,14.0,153.66666666666666,104.30384138481394,66.0,293.0,21047.94444444444,2.043359120686849,3.0291517874186136,0.0004088878631591,7.0796921253204355,2,0.0,0.0,0.0,0.0,1.0,1.0,568.0,0.0,0.0005,0.0005,benign
10.873293399810791,14.0,153.66666666666666,104.30384138481394,66.0,293.0,21047.94444444444,2.043359120686849,3.0291517874186136,0.0004088878631591,7.0796921253204355,2,0.0,0.0,0.0,0.0,1.0,1.0,568.0,0.0,0.0,0.0,benign
10.873293399810791,14.0,153.66666666666666,104.30384138481394,66.0,293.0,21047.94444444444,2.043359120686849,3.0291517874186136,0.0004088878631591,7.0796921253204355,2,0.0,0.0,0.0,0.0,1.0,1.0,568.0,0.0,0.0,0.0,benign
9.282547950744629,10.0,146.0,103.52043423121894,66.0,293.0,20727.75,1.8511754671732583,2.8178910333152087,0.000432014465332,6.502245426177978,2,0.0,0.0,0.0,0.0,1.0,1.0,568.0,0.0,0.0005,0.0005,benign
9.282547950744629,10.0,146.0,103.52043423121894,66.0,293.0,20727.75,1.8511754671732583,2.8178910333152087,0.000432014465332,6.502245426177978,2,0.0,0.0,0.0,0.0,1.0,1.0,568.0,0.0,0.0,0.0,benign
9.282547950744629,10.0,146.0,103.52043423121894,66.0,293.0,20727.75,1.8511754671732583,2.8178910333152087,0.000432014465332,6.502245426177978,2,0.0,0.0,0.0,0.0,1.0,1.0,568.0,0.0,0.0,0.0,benign
12.331715941429138,14.0,154.16666666666666,104.88754293259126,66.0,293.0,21288.11111111111,2.3166396877040034,3.4219573625066655,0.00051856040954585,8.114119529724121,2,0.0,0.0,0.0,0.0,1.0,1.0,568.0,0.0,0.0,0.0,benign
12.331715941429138,14.0,154.16666666666666,104.88754293259126,66.0,293.0,21288.11111111111,2.3166396877040034,3.4219573625066655,0.00051856040954585,8.114119529724121,2,0.0,0.0,0.0,0.0,1.0,1.0,568.0,0.0,0.0,0.0,benign
12.331715941429138,14.0,154.16666666666666,104.88754293259126,66.0,293.0,21288.11111111111,2.3166396877040034,3.4219573625066655,0.00051856040954585,8.114119529724121,2,0.0,0.0,0.0,0.0,1.0,1.0,568.0,0.0,0.0005,0.0005,benign
12.331715941429138,14.0,154.16666666666666,104.88754293259126,66.0,293.0,21288.11111111111,2.3166396877040034,3.4219573625066655,0.00051856040954585,8.114119529724121,2,0.0,0.0,0.0,0.0,1.0,1.0,568.0,0.0,0.0005,0.0005,benign
12.331715941429138,14.0,154.16666666666666,104.88754293259126,66.0,293.0,21288.11111111111,2.3166396877040034,3.4219573625066655,0.00051856040954585,8.114119529724121,2,0.0,0.0,0.0,0.0,1.0,1.0,568.0,0.0,0.0,0.0,benign
10.490175485610962,16.0,155.85714285714283,104.4214974366144,66.0,293.0,21096.24489795918,1.9372186395857067,2.824987583019155,0.0003169775009155,6.558505535125732,1,0.0,0.0,0.0,0.0,1.0,1.0,568.0,0.0,0.0,0.0,benign
10.490175485610962,16.0,155.85714285714283,104.4214974366144,66.0,293.0,21096.24489795918,1.9372186395857067,2.824987583019155,0.0003169775009155,6.558505535125732,1,0.0,0.0,0.0,0.0,1.0,1.0,568.0,0.0,0.001,0.0,benign
10.490175485610962,16.0,155.85714285714283,104.4214974366144,66.0,293.0,21096.24489795918,1.9372186395857067,2.824987583019155,0.0003169775009155,6.558505535125732,2,0.0,0.0,0.0,0.0,1.0,1.0,568.0,0.0,0.0,0.0,benign
10.490175485610962,16.0,155.85714285714283,104.4214974366144,66.0,293.0,21096.24489795918,1.9372186395857067,2.824987583019155,0.0003169775009155,6.558505535125732,2,0.0,0.0,0.0,0.0,1.0,1.0,568.0,0.0,0.0,0.0,benign
10.490175485610962,16.0,155.85714285714283,104.4214974366144,66.0,293.0,21096.24489795918,1.9372186395857067,2.824987583019155,0.0003169775009155,6.558505535125732,2,0.0,0.0,0.0,0.0,1.0,1.0,568.0,0.0,0.0,0.0,benign
10.490175485610962,16.0,155.85714285714283,104.4214974366144,66.0,293.0,21096.24489795918,1.9372186395857067,2.824987583019155,0.0003169775009155,6.558505535125732,2,0.0,0.0,0.0,0.0,1.0,1.0,568.0,0.0,0.0,0.0,benign
10.490175485610962,16.0,155.85714285714283,104.4214974366144,66.0,293.0,21096.24489795918,1.9372186395857067,2.824987583019155,0.0003169775009155,6.558505535125732,2,0.0,0.0,0.0,0.0,1.0,1.0,568.0,0.0,0.0,0.0,benign
9.744271516799927,10.0,144.5,101.60509521896151,66.0,293.0,19955.25,1.943894910812378,2.9629725605541894,0.00034654140472405,6.836615324020386,2,0.0,0.0,0.0,0.0,1.0,1.0,568.0,0.0,0.0005,0.0005,benign
9.744271516799927,10.0,144.5,101.60509521896151,66.0,293.0,19955.25,1.943894910812378,2.9629725605541894,0.00034654140472405,6.836615324020386,2,0.0,0.0,0.0,0.0,1.0,1.0,568.0,0.0,0.0,0.0,benign
9.744271516799927,10.0,144.5,101.60509521896151,66.0,293.0,19955.25,1.943894910812378,2.9629725605541894,0.00034654140472405,6.836615324020386,1,0.0,0.0,0.0,0.0,1.0,1.0,568.0,0.0,0.0,0.0,benign
9.744271516799927,10.0,144.5,101.60509521896151,66.0,293.0,19955.25,1.943894910812378,2.9629725605541894,0.00034654140472405,6.836615324020386,1,0.0,0.0,0.0,0.0,1.0,1.0,568.0,0.0,0.0,0.0,benign
5.371957540512085,10.0,145.25,102.57010166140084,66.0,293.0,20342.625,1.0681937058766682,1.6029024333939337,0.00044739246368405,3.813011050224304,2,0.0,0.0,0.0,0.0,1.0,1.0,568.0,0.0,0.0,0.0,benign
5.371957540512085,10.0,145.25,102.57010166140084,66.0,293.0,20342.625,1.0681937058766682,1.6029024333939337,0.00044739246368405,3.813011050224304,2,0.0,0.0,0.0,0.0,1.0,1.0,568.0,0.0,0.0,0.0,benign
5.371957540512085,10.0,145.25,102.57010166140084,66.0,293.0,20342.625,1.0681937058766682,1.6029024333939337,0.00044739246368405,3.813011050224304,2,0.0,0.0,0.0,0.0,1.0,1.0,568.0,0.0,0.0,0.0,benign
14.951871037483215,16.0,124.21675084175084,135.6200537207953,66.0,485.25,19482.55710996043,1.182723704362527,3.5702126785066524,7.152557373046875e-07,12.53961592912674,6,0.0,1.0,0.0,0.0,1.0,1.0,37194.333333333336,32751.4073421111,0.0056666666666666,0.003036811193048,benign
14.951871037483215,16.0,124.21675084175084,135.6200537207953,66.0,485.25,19482.55710996043,1.182723704362527,3.5702126785066524,7.152557373046875e-07,12.53961592912674,1,1.0,0.0,0.0,0.0,1.0,1.0,0.0,0.0,0.001,0.0,benign
14.951871037483215,16.0,124.21675084175084,135.6200537207953,66.0,485.25,19482.55710996043,1.182723704362527,3.5702126785066524,7.152557373046875e-07,12.53961592912674,1,0.0,1.0,0.0,0.0,1.0,1.0,716.0,0.0,0.004,0.0,benign
14.951871037483215,16.0,124.21675084175084,135.6200537207953,66.0,485.25,19482.55710996043,1.182723704362527,3.5702126785066524,7.152557373046875e-07,12.53961592912674,1,0.0,1.0,0.0,0.0,1.0,1.0,1348.0,0.0,0.003,0.0,benign
14.951871037483215,16.0,124.21675084175084,135.6200537207953,66.0,485.25,19482.55710996043,1.182723704362527,3.5702126785066524,7.152557373046875e-07,12.53961592912674,1,0.0,1.0,0.0,0.0,1.0,1.0,716.0,0.0,0.004,0.0,benign
10.248570024967194,15.5,116.03903452685422,126.46194593209128,66.0,478.25,16716.969171633766,0.7945193291989842,2.566336758328657,2.1219253540039062e-05,9.592211723327637,7,0.1428571428571428,0.8571428571428571,0.0,0.0,1.0,1.0,31790.571428571428,33081.39576368369,0.0068571428571428,0.0049404618473687,benign
10.248570024967194,15.5,116.03903452685422,126.46194593209128,66.0,478.25,16716.969171633766,0.7945193291989842,2.566336758328657,2.1219253540039062e-05,9.592211723327637,1,0.0,1.0,0.0,0.0,1.0,1.0,716.0,0.0,0.003,0.0,benign
6.941982984542847,25.5,120.88733552631578,139.27599698852373,66.0,515.0,19785.126751590633,0.30444419234456976,0.9963351321781557,0.0,4.516076445579529,2,0.5,0.5,0.0,0.0,1.0,1.0,49980.5,49980.5,0.0025,0.0015,benign
6.941982984542847,25.5,120.88733552631578,139.27599698852373,66.0,515.0,19785.126751590633,0.30444419234456976,0.9963351321781557,0.0,4.516076445579529,1,0.0,1.0,0.0,0.0,1.0,1.0,29098.0,0.0,0.004,0.0,benign
6.941982984542847,25.5,120.88733552631578,139.27599698852373,66.0,515.0,19785.126751590633,0.30444419234456976,0.9963351321781557,0.0,4.516076445579529,4,0.0,1.0,0.0,0.0,1.0,1.0,23368.75,20687.225591835653,0.00525,0.0023848480035423,benign
12.656254053115845,13.0,129.6153846153846,148.5299961735461,66.0,520.0,22061.15976331361,1.0546878377596538,3.465624256220412,0.0,12.548696994781494,1,0.0,1.0,0.0,0.0,1.0,1.0,1348.0,0.0,0.004,0.0,benign
12.572699010372162,16.25,122.33384615384617,133.09350757950602,66.0,485.25,18866.859431737495,0.9171034658948581,2.890992992617781,7.748603820800781e-07,10.372595191001892,6,0.1666666666666666,0.8333333333333334,0.0,0.0,1.0,1.0,36969.66666666666,33000.21228551248,0.0083333333333333,0.0052493385826745,benign
12.572699010372162,16.25,122.33384615384617,133.09350757950602,66.0,485.25,18866.859431737495,0.9171034658948581,2.890992992617781,7.748603820800781e-07,10.372595191001892,1,0.0,1.0,0.0,0.0,1.0,1.0,1348.0,0.0,0.004,0.0,benign
12.572699010372162,16.25,122.33384615384617,133.09350757950602,66.0,485.25,18866.859431737495,0.9171034658948581,2.890992992617781,7.748603820800781e-07,10.372595191001892,1,0.0,1.0,0.0,0.0,1.0,1.0,716.0,0.0,0.005,0.0,benign
12.572699010372162,16.25,122.33384615384617,133.09350757950602,66.0,485.25,18866.859431737495,0.9171034658948581,2.890992992617781,7.748603820800781e-07,10.372595191001892,1,0.0,1.0,0.0,0.0,1.0,1.0,716.0,0.0,0.003,0.0,benign
6.61831521987915,16.5,113.99881182890337,124.9812175635967,66.0,485.25,16422.462728986786,0.4707665775159392,1.5820653983387782,1.8477439880371094e-05,6.156345248222351,7,0.1428571428571428,0.8571428571428571,0.0,0.0,1.0,1.0,31880.85714285714,32997.219200708285,0.005,0.0029277002188455,benign
6.61831521987915,16.5,113.99881182890337,124.9812175635967,66.0,485.25,16422.462728986786,0.4707665775159392,1.5820653983387782,1.8477439880371094e-05,6.156345248222351,1,0.0,1.0,0.0,0.0,1.0,1.0,1348.0,0.0,0.004,0.0,benign
8.775135040283203,27.0,130.33333333333334,154.3276936814551,66.0,547.0,23817.037037037036,0.3375051938570462,1.1944261533637106,0.0,5.66954493522644,1,0.0,1.0,0.0,0.0,1.0,1.0,99961.0,0.0,0.005,0.0,benign
8.730126023292542,18.5,117.41666666666667,133.59311672790577,66.0,495.0,18277.04351851852,0.6512590972786275,1.5509198150769765,0.0,5.662080407142639,1,1.0,0.0,0.0,0.0,1.0,1.0,0.0,0.0,0.001,0.0,benign
7.707108656565349,18.666666666666668,114.19005847953217,129.25748387324913,66.0,491.0,17031.70768270579,0.5390074337989176,1.4609548973391326,3.178914388020833e-07,5.640109221140544,5,0.0,1.0,0.0,0.0,1.0,1.0,24641.0,18484.27853068656,0.0042,0.0007483314773547,benign
11.887122392654419,14.5,93.9,74.31193782869892,66.0,310.5,10541.68,2.222207397222519,3.7227625760044094,0.00016546249389645,10.460435032844543,2,0.5,0.5,0.0,0.0,1.0,1.0,14549.0,14549.0,0.0025,0.0015,benign
11.887122392654419,14.5,93.9,74.31193782869892,66.0,310.5,10541.68,2.222207397222519,3.7227625760044094,0.00016546249389645,10.460435032844543,1,0.0,1.0,0.0,0.0,1.0,1.0,99961.0,0.0,0.008,0.0,benign
16.087719559669495,32.0,128.12358974358972,151.10780765043353,66.0,533.5,22848.60996397108,0.5464693883009124,1.6730046031702455,9.5367431640625e-07,8.01424753665924,2,0.5,0.5,0.0,0.0,1.0,1.0,49980.5,49980.5,0.004,0.003,benign
16.087719559669495,32.0,128.12358974358972,151.10780765043353,66.0,533.5,22848.60996397108,0.5464693883009124,1.6730046031702455,9.5367431640625e-07,8.01424753665924,1,0.0,1.0,0.0,0.0,1.0,1.0,29098.0,0.0,0.004,0.0,benign
16.087719559669495,32.0,128.12358974358972,151.10780765043353,66.0,533.5,22848.60996397108,0.5464693883009124,1.6730046031702455,9.5367431640625e-07,8.01424753665924,4,0.0,1.0,0.0,0.0,1.0,1.0,23526.75,20515.309544033207,0.00725,0.0024874685927665,benign
16.087719559669495,32.0,128.12358974358972,151.10780765043353,66.0,533.5,22848.60996397108,0.5464693883009124,1.6730046031702455,9.5367431640625e-07,8.01424753665924,1,0.0,1.0,0.0,0.0,1.0,1.0,1348.0,0.0,0.005,0.0,benign
16.087719559669495,32.0,128.12358974358972,151.10780765043353,66.0,533.5,22848.60996397108,0.5464693883009124,1.6730046031702455,9.5367431640625e-07,8.01424753665924,1,0.0,1.0,0.0,0.0,1.0,1.0,716.0,0.0,0.004,0.0,benign
8.610264778137207,16.5,118.63888888888889,129.29064207367145,66.0,485.25,17827.893904320987,0.6121818280114708,1.9811761894029156,7.152557373046875e-07,7.423783242702484,7,0.1428571428571428,0.8571428571428571,0.0,0.0,1.0,1.0,31880.85714285714,32997.219200708285,0.0041428571428571,0.0017261494247992,benign
8.610264778137207,16.5,118.63888888888889,129.29064207367145,66.0,485.25,17827.893904320987,0.6121818280114708,1.9811761894029156,7.152557373046875e-07,7.423783242702484,1,0.0,1.0,0.0,0.0,1.0,1.0,1348.0,0.0,0.005,0.0,benign
8.610264778137207,16.5,118.63888888888889,129.29064207367145,66.0,485.25,17827.893904320987,0.6121818280114708,1.9811761894029156,7.152557373046875e-07,7.423783242702484,1,0.0,1.0,0.0,0.0,1.0,1.0,716.0,0.0,0.004,0.0,benign
17.134998440742493,25.0,121.96519524617997,140.34595648098895,66.0,515.0,20087.434758922067,0.7610137025515239,2.2556111547927626,1.5497207641601562e-06,8.577402949333191,2,0.5,0.5,0.0,0.0,1.0,1.0,14549.0,14549.0,0.003,0.002,benign
17.134998440742493,25.0,121.96519524617997,140.34595648098895,66.0,515.0,20087.434758922067,0.7610137025515239,2.2556111547927626,1.5497207641601562e-06,8.577402949333191,1,0.0,1.0,0.0,0.0,1.0,1.0,99961.0,0.0,0.007,0.0,benign
17.134998440742493,25.0,121.96519524617997,140.34595648098895,66.0,515.0,20087.434758922067,0.7610137025515239,2.2556111547927626,1.5497207641601562e-06,8.577402949333191,4,0.0,1.0,0.0,0.0,1.0,1.0,23526.75,20515.309544033207,0.00425,0.0008291561975888,benign
11.260156810283661,16.75,119.00416666666666,129.87202884806348,66.0,485.25,17933.70326388889,0.8346490418178995,2.6468794945047547,7.748603820800781e-07,9.899706542491913,7,0.1428571428571428,0.8571428571428571,0.0,0.0,1.0,1.0,31880.85714285714,32997.21920070829,0.0071428571428571,0.0055915387973659,benign
11.260156810283661,16.75,119.00416666666666,129.87202884806348,66.0,485.25,17933.70326388889,0.8346490418178995,2.6468794945047547,7.748603820800781e-07,9.899706542491913,1,0.0,1.0,0.0,0.0,1.0,1.0,1348.0,0.0,0.004,0.0,benign
11.260156810283661,16.75,119.00416666666666,129.87202884806348,66.0,485.25,17933.70326388889,0.8346490418178995,2.6468794945047547,7.748603820800781e-07,9.899706542491913,1,0.0,1.0,0.0,0.0,1.0,1.0,1348.0,0.0,0.005,0.0,benign
5.560298919677734,25.5,120.91176470588235,139.38957270644042,66.0,515.0,19621.211072664362,0.25733873948003305,0.7208134498280401,4.76837158203125e-07,2.754317045211792,1,0.0,1.0,0.0,0.0,1.0,1.0,29098.0,0.0,0.003,0.0,benign
5.560298919677734,25.5,120.91176470588235,139.38957270644042,66.0,515.0,19621.211072664362,0.25733873948003305,0.7208134498280401,4.76837158203125e-07,2.754317045211792,1,1.0,0.0,0.0,0.0,1.0,1.0,0.0,0.0,0.001,0.0,benign
5.560298919677734,25.5,120.91176470588235,139.38957270644042,66.0,515.0,19621.211072664362,0.25733873948003305,0.7208134498280401,4.76837158203125e-07,2.754317045211792,1,0.0,1.0,0.0,0.0,1.0,1.0,99961.0,0.0,0.007,0.0,benign
5.560298919677734,25.5,120.91176470588235,139.38957270644042,66.0,515.0,19621.211072664362,0.25733873948003305,0.7208134498280401,4.76837158203125e-07,2.754317045211792,4,0.0,1.0,0.0,0.0,1.0,1.0,23368.75,20687.225591835653,0.0065,0.0026925824035672,benign
10.751261234283447,14.75,123.71488095238095,134.1814119226995,66.0,483.5,19075.294435296844,0.8398214455548818,2.6274308422201664,1.2516975402832031e-06,9.632026970386505,7,0.1428571428571428,0.8571428571428571,0.0,0.0,1.0,1.0,31880.85714285714,32997.219200708285,0.0065714285714285,0.0039589732744431,benign
10.751261234283447,14.75,123.71488095238095,134.1814119226995,66.0,483.5,19075.294435296844,0.8398214455548818,2.6274308422201664,1.2516975402832031e-06,9.632026970386505,1,0.0,1.0,0.0,0.0,1.0,1.0,716.0,0.0,0.004,0.0,benign
10.751261234283447,14.75,123.71488095238095,134.1814119226995,66.0,483.5,19075.294435296844,0.8398214455548818,2.6274308422201664,1.2516975402832031e-06,9.632026970386505,1,0.0,1.0,0.0,0.0,1.0,1.0,716.0,0.0,0.003,0.0,benign
12.651802778244019,16.25,118.18614253393665,129.0231062638192,66.0,480.0,17526.59124922794,0.9637175409330263,3.032812305447128,1.7464160919189453e-05,11.078746736049652,6,0.0,1.0,0.0,0.0,1.0,1.0,37089.0,32867.33615612923,0.011,0.0061101009266077,benign
12.651802778244019,16.25,118.18614253393665,129.0231062638192,66.0,480.0,17526.59124922794,0.9637175409330263,3.032812305447128,1.7464160919189453e-05,11.078746736049652,1,1.0,0.0,0.0,0.0,1.0,1.0,0.0,0.0,0.001,0.0,benign
12.651802778244019,16.25,118.18614253393665,129.0231062638192,66.0,480.0,17526.59124922794,0.9637175409330263,3.032812305447128,1.7464160919189453e-05,11.078746736049652,1,0.0,1.0,0.0,0.0,1.0,1.0,1348.0,0.0,0.003,0.0,benign
12.651802778244019,16.25,118.18614253393665,129.0231062638192,66.0,480.0,17526.59124922794,0.9637175409330263,3.032812305447128,1.7464160919189453e-05,11.078746736049652,1,0.0,1.0,0.0,0.0,1.0,1.0,716.0,0.0,0.004,0.0,benign
13.764065980911255,20.0,113.44827586206897,128.98736926641453,66.0,495.0,17070.933520700466,0.9317834232534681,2.6408475580849693,5.960464477539062e-07,10.745375037193298,2,0.5,0.5,0.0,0.0,1.0,1.0,49980.5,49980.5,0.0055,0.0025,benign
12.758699973424276,19.666666666666668,111.54446460980036,126.1869855655883,66.0,491.0,16227.63435082709,0.8202253925106513,2.5742442766135993,7.152557373046875e-07,10.717458407084147,5,0.0,1.0,0.0,0.0,1.0,1.0,24641.0,18484.27853068656,0.004,0.0010954451150103,benign
14.031826496124268,20.0,116.125,130.93716166594857,66.0,478.0,17224.125,1.2267179203472929,2.5125185644935115,4.76837158203125e-07,8.624128580093384,2,0.5,0.5,0.0,0.0,1.0,1.0,14549.0,14549.0,0.003,0.001,benign
12.232060670852661,19.333333333333332,113.97222222222223,128.11264112202804,66.0,479.6666666666667,16481.86111111111,0.9870772218062237,2.3415480151595043,3.178914388020833e-07,8.584678411483765,5,0.0,1.0,0.0,0.0,1.0,1.0,38687.2,35790.902248476494,0.0048,0.0003999999999999,benign
17.50410747528076,21.0,111.51612903225805,126.90359957674511,66.0,495.0,16455.317661526817,1.1650797526041667,3.6509001460150867,4.76837158203125e-07,15.268544435501099,1,0.0,1.0,0.0,0.0,1.0,1.0,99961.0,0.0,0.007,0.0,benign
17.50410747528076,21.0,111.51612903225805,126.90359957674511,66.0,495.0,16455.317661526817,1.1650797526041667,3.6509001460150867,4.76837158203125e-07,15.268544435501099,1,1.0,0.0,0.0,0.0,1.0,1.0,0.0,0.0,0.001,0.0,benign
17.50410747528076,21.0,111.51612903225805,126.90359957674511,66.0,495.0,16455.317661526817,1.1650797526041667,3.6509001460150867,4.76837158203125e-07,15.268544435501099,1,0.0,1.0,0.0,0.0,1.0,1.0,1348.0,0.0,0.003,0.0,benign
16.759236653645832,21.333333333333332,122.01075268817203,138.95181172806792,66.0,503.3333333333333,19831.78753192697,1.019092771742079,3.0685457025833682,6.357828776041666e-07,12.733756939570108,4,0.0,1.0,0.0,0.0,1.0,1.0,30464.25,16047.881112081432,0.005,0.001,benign
16.759236653645832,21.333333333333332,122.01075268817203,138.95181172806792,66.0,503.3333333333333,19831.78753192697,1.019092771742079,3.0685457025833682,6.357828776041666e-07,12.733756939570108,1,0.0,1.0,0.0,0.0,1.0,1.0,716.0,0.0,0.004,0.0,benign
16.759236653645832,21.333333333333332,122.01075268817203,138.95181172806792,66.0,503.3333333333333,19831.78753192697,1.019092771742079,3.0685457025833682,6.357828776041666e-07,12.733756939570108,1,0.0,1.0,0.0,0.0,1.0,1.0,1348.0,0.0,0.004,0.0,benign
16.775593996047974,12.0,133.75,150.81894498592234,66.0,513.0,22746.354166666668,1.5250539996407249,4.784898573223979,1.9073486328125e-06,16.656094074249268,1,0.0,1.0,0.0,0.0,1.0,1.0,716.0,0.0,0.004,0.0,benign
16.680565178394318,17.25,119.97514367816092,130.26317550021196,66.0,480.0,18036.212662752674,1.23730750638584,3.9106151490065857,9.5367431640625e-07,14.68120002746582,6,0.1666666666666666,0.8333333333333334,0.0,0.0,1.0,1.0,36969.66666666666,33000.21228551248,0.0093333333333333,0.0080760276263904,benign
16.680565178394318,17.25,119.97514367816092,130.26317550021196,66.0,480.0,18036.212662752674,1.23730750638584,3.9106151490065857,9.5367431640625e-07,14.68120002746582,1,0.0,1.0,0.0,0.0,1.0,1.0,1348.0,0.0,0.004,0.0,benign
16.680565178394318,17.25,119.97514367816092,130.26317550021196,66.0,480.0,18036.212662752674,1.23730750638584,3.9106151490065857,9.5367431640625e-07,14.68120002746582,1,0.0,1.0,0.0,0.0,1.0,1.0,1348.0,0.0,0.015,0.0,benign
16.680565178394318,17.25,119.97514367816092,130.26317550021196,66.0,480.0,18036.212662752674,1.23730750638584,3.9106151490065857,9.5367431640625e-07,14.68120002746582,1,0.0,1.0,0.0,0.0,1.0,1.0,1348.0,0.0,0.006,0.0,benign
15.693845510482788,17.5,120.27350427350427,136.00106254064133,66.0,481.5,18813.461501935864,1.293997038602829,3.279570518202646,5.698204040525e-05,12.33927059173584,2,0.5,0.5,0.0,0.0,1.0,1.0,14549.0,14549.0,0.0035,0.0025,benign
11.465547720591227,17.666666666666668,116.86752136752136,131.82657696272523,66.0,482.0,17624.5473798914,0.9216637539863587,2.4153420494954556,3.7988026936833335e-05,9.20086638132731,5,0.0,1.0,0.0,0.0,1.0,1.0,38813.6,35657.446238338496,0.0126,0.0066513156593263,benign
12.82009243965149,24.5,123.69736842105263,138.7308511018814,66.0,495.0,20179.963957441454,0.812868156626418,1.8922502412596915,4.76837158203125e-07,6.350677490234375,2,0.5,0.5,0.0,0.0,1.0,1.0,49980.5,49980.5,0.004,0.003,benign
11.499627272288004,21.666666666666668,112.29824561403508,122.14406764431236,66.0,474.6666666666667,16091.892638294303,0.7387720363634127,1.9935951352699697,6.357828776041666e-07,7.169879674911499,5,0.0,1.0,0.0,0.0,1.0,1.0,24641.0,18484.27853068656,0.0044,0.0008,benign
11.499627272288004,21.666666666666668,112.29824561403508,122.14406764431236,66.0,474.6666666666667,16091.892638294303,0.7387720363634127,1.9935951352699697,6.357828776041666e-07,7.169879674911499,1,0.0,1.0,0.0,0.0,1.0,1.0,1348.0,0.0,0.005,0.0,benign
11.499627272288004,21.666666666666668,112.29824561403508,122.14406764431236,66.0,474.6666666666667,16091.892638294303,0.7387720363634127,1.9935951352699697,6.357828776041666e-07,7.169879674911499,1,0.0,1.0,0.0,0.0,1.0,1.0,716.0,0.0,0.003,0.0,benign
9.900534272193909,14.5,123.51262891520246,131.05492075180362,66.0,483.0,18652.821817160413,0.7586242998830783,2.472285515831039,1.9073486328125e-06,9.314061224460602,6,0.0,1.0,0.0,0.0,1.0,1.0,37194.333333333336,32751.4073421111,0.0088333333333333,0.0073352270282217,benign
9.900534272193909,14.5,123.51262891520246,131.05492075180362,66.0,483.0,18652.821817160413,0.7586242998830783,2.472285515831039,1.9073486328125e-06,9.314061224460602,1,1.0,0.0,0.0,0.0,1.0,1.0,0.0,0.0,0.002,0.0,benign
9.900534272193909,14.5,123.51262891520246,131.05492075180362,66.0,483.0,18652.821817160413,0.7586242998830783,2.472285515831039,1.9073486328125e-06,9.314061224460602,1,0.0,1.0,0.0,0.0,1.0,1.0,1348.0,0.0,0.003,0.0,benign
11.166702032089232,27.0,129.33333333333334,151.44538191606802,66.0,520.0,22935.703703703704,0.4294885396957397,1.5260914309820666,9.5367431640625e-07,7.243292808532715,1,0.0,1.0,0.0,0.0,1.0,1.0,29098.0,0.0,0.006,0.0,benign
11.139028429985046,19.0,115.16666666666667,129.80974200455614,66.0,481.5,17318.670033670034,0.7703120112419128,1.9378634687273735,4.76837158203125e-07,7.260044455528259,1,1.0,0.0,0.0,0.0,1.0,1.0,0.0,0.0,0.001,0.0,benign
9.857399622599283,20.0,117.67171717171719,133.93728631229854,66.0,494.3333333333333,18285.337184981126,0.6293213726982237,1.641653213915944,9.5367431640625e-07,6.199061950047811,4,0.0,1.0,0.0,0.0,1.0,1.0,44045.75,38110.88915503678,0.01125,0.0066096520332011,benign
9.857399622599283,20.0,117.67171717171719,133.93728631229854,66.0,494.3333333333333,18285.337184981126,0.6293213726982237,1.641653213915944,9.5367431640625e-07,6.199061950047811,1,0.0,1.0,0.0,0.0,1.0,1.0,17885.0,0.0,0.007,0.0,benign
9.857399622599283,20.0,117.67171717171719,133.93728631229854,66.0,494.3333333333333,18285.337184981126,0.6293213726982237,1.641653213915944,9.5367431640625e-07,6.199061950047811,1,0.0,1.0,0.0,0.0,1.0,1.0,1348.0,0.0,0.004,0.0,benign
13.790870070457458,20.0,112.03571428571428,125.02920702984103,66.0,478.0,16158.723639455784,0.8813390029399886,2.631192694677662,4.76837158203125e-07,10.9251469373703,2,0.5,0.5,0.0,0.0,1.0,1.0,14549.0,14549.0,0.0035,0.0025,benign
12.842905044555664,20.333333333333332,116.26190476190476,131.14469734399043,66.0,489.6666666666667,17624.67743764172,0.7700089185058602,2.300285970850486,3.178914388020833e-07,9.293876886367798,5,0.0,1.0,0.0,0.0,1.0,1.0,38687.2,35790.902248476494,0.011,0.0066332495807108,benign
12.842905044555664,20.333333333333332,116.26190476190476,131.14469734399043,66.0,489.6666666666667,17624.67743764172,0.7700089185058602,2.300285970850486,3.178914388020833e-07,9.293876886367798,1,0.0,1.0,0.0,0.0,1.0,1.0,716.0,0.0,0.005,0.0,benign
20.78710001707077,15.25,126.13988095238095,136.97623032170281,66.0,485.25,19807.43101899093,1.6680373676011242,4.883125672414791,4.303455352783164e-05,17.02385824918747,5,0.0,1.0,0.0,0.0,1.0,1.0,41056.2,34607.82475914948,0.009,0.0043358966777357,benign
20.78710001707077,15.25,126.13988095238095,136.97623032170281,66.0,485.25,19807.43101899093,1.6680373676011242,4.883125672414791,4.303455352783164e-05,17.02385824918747,2,0.5,0.5,0.0,0.0,1.0,1.0,8942.5,8942.5,0.0045,0.0005,benign
20.78710001707077,15.25,126.13988095238095,136.97623032170281,66.0,485.25,19807.43101899093,1.6680373676011242,4.883125672414791,4.303455352783164e-05,17.02385824918747,1,0.0,1.0,0.0,0.0,1.0,1.0,716.0,0.0,0.004,0.0,benign
20.78710001707077,15.25,126.13988095238095,136.97623032170281,66.0,485.25,19807.43101899093,1.6680373676011242,4.883125672414791,4.303455352783164e-05,17.02385824918747,1,0.0,1.0,0.0,0.0,1.0,1.0,1348.0,0.0,0.007,0.0,benign
20.78710001707077,15.25,126.13988095238095,136.97623032170281,66.0,485.25,19807.43101899093,1.6680373676011242,4.883125672414791,4.303455352783164e-05,17.02385824918747,1,0.0,1.0,0.0,0.0,1.0,1.0,1348.0,0.0,0.004,0.0,benign
15.448688745498657,16.0,121.57291666666666,131.55366426579943,66.0,480.0,18356.27144097222,1.2738519698366368,3.8249675724850043,1.7285346984863281e-06,14.005458533763885,2,0.0,1.0,0.0,0.0,1.0,1.0,14907.0,14191.0,0.007,0.003,benign
15.448688745498657,16.0,121.57291666666666,131.55366426579943,66.0,480.0,18356.27144097222,1.2738519698366368,3.8249675724850043,1.7285346984863281e-06,14.005458533763885,5,0.2,0.8,0.0,0.0,1.0,1.0,38544.0,35943.64561921899,0.0152,0.0104192130221048,benign
15.448688745498657,16.0,121.57291666666666,131.55366426579943,66.0,480.0,18356.27144097222,1.2738519698366368,3.8249675724850043,1.7285346984863281e-06,14.005458533763885,1,0.0,1.0,0.0,0.0,1.0,1.0,1348.0,0.0,0.005,0.0,benign
15.448688745498657,16.0,121.57291666666666,131.55366426579943,66.0,480.0,18356.27144097222,1.2738519698366368,3.8249675724850043,1.7285346984863281e-06,14.005458533763885,1,0.0,1.0,0.0,0.0,1.0,1.0,1348.0,0.0,0.005,0.0,benign
14.64328420162201,16.25,118.05782085561498,128.33140834135895,66.0,478.25,17428.226034303,1.080677605330041,3.4823078568066324,9.5367431640625e-07,12.660858929157257,7,0.1428571428571428,0.8571428571428571,0.0,0.0,1.0,1.0,31790.571428571428,33081.39576368369,0.0071428571428571,0.0054883922035138,benign
14.64328420162201,16.25,118.05782085561498,128.33140834135895,66.0,478.25,17428.226034303,1.080677605330041,3.4823078568066324,9.5367431640625e-07,12.660858929157257,1,0.0,1.0,0.0,0.0,1.0,1.0,716.0,0.0,0.004,0.0,benign
14.64328420162201,16.25,118.05782085561498,128.33140834135895,66.0,478.25,17428.226034303,1.080677605330041,3.4823078568066324,9.5367431640625e-07,12.660858929157257,1,0.0,1.0,0.0,0.0,1.0,1.0,716.0,0.0,0.004,0.0,benign
7.295003533363342,20.0,114.79032258064515,130.2676965793828,66.0,491.5,17173.4586657417,0.5747698972622552,1.3783206317867083,4.76837158203125e-07,5.293732523918152,2,0.5,0.5,0.0,0.0,1.0,1.0,49980.5,49980.5,0.0045,0.0035,benign
6.628455638885498,19.666666666666668,112.31635540464062,126.71028541699688,66.0,488.6666666666667,16216.664041242388,0.4812421509513148,1.3170384952405445,6.357828776041666e-07,5.268794695536296,5,0.0,1.0,0.0,0.0,1.0,1.0,24514.6,18644.5952232812,0.0046,0.0010198039027185,benign
15.38586699962616,28.5,143.98295454545456,165.79926971508115,66.0,533.5,27551.810656278692,0.5746324757195037,1.697848979085129,4.76837158203125e-07,7.9052510261535645,1,0.0,1.0,0.0,0.0,1.0,1.0,99961.0,0.0,0.007,0.0,benign
15.38586699962616,28.5,143.98295454545456,165.79926971508115,66.0,533.5,27551.810656278692,0.5746324757195037,1.697848979085129,4.76837158203125e-07,7.9052510261535645,1,1.0,0.0,0.0,0.0,1.0,1.0,0.0,0.0,0.001,0.0,benign
15.38586699962616,28.5,143.98295454545456,165.79926971508115,66.0,533.5,27551.810656278692,0.5746324757195037,1.697848979085129,4.76837158203125e-07,7.9052510261535645,1,0.0,1.0,0.0,0.0,1.0,1.0,29098.0,0.0,0.003,0.0,benign
15.38586699962616,28.5,143.98295454545456,165.79926971508115,66.0,533.5,27551.810656278692,0.5746324757195037,1.697848979085129,4.76837158203125e-07,7.9052510261535645,4,0.0,1.0,0.0,0.0,1.0,1.0,23526.75,20515.309544033207,0.0075,0.0025980762113533,benign
15.38586699962616,28.5,143.98295454545456,165.79926971508115,66.0,533.5,27551.810656278692,0.5746324757195037,1.697848979085129,4.76837158203125e-07,7.9052510261535645,1,0.0,1.0,0.0,0.0,1.0,1.0,716.0,0.0,0.003,0.0,benign
15.38586699962616,28.5,143.98295454545456,165.79926971508115,66.0,533.5,27551.810656278692,0.5746324757195037,1.697848979085129,4.76837158203125e-07,7.9052510261535645,1,0.0,1.0,0.0,0.0,1.0,1.0,716.0,0.0,0.007,0.0,benign
15.38586699962616,28.5,143.98295454545456,165.79926971508115,66.0,533.5,27551.810656278692,0.5746324757195037,1.697848979085129,4.76837158203125e-07,7.9052510261535645,1,0.0,1.0,0.0,0.0,1.0,1.0,1348.0,0.0,0.004,0.0,benign
8.735613942146301,18.0,117.51538461538462,131.66254805507054,66.0,478.0,17771.984142011836,0.6585615883933174,1.5078962557918922,1.5497207641601562e-06,5.11414098739624,2,0.5,0.5,0.0,0.0,1.0,1.0,14549.0,14549.0,0.0025,0.0015,benign
7.536676645278931,19.0,119.91501831501832,135.56692469414347,66.0,489.6666666666667,18700.184439345758,0.524687759787948,1.2789186790133245,1.3510386149088542e-06,4.585283994674683,5,0.0,1.0,0.0,0.0,1.0,1.0,38687.2,35790.9022484765,0.0098,0.0050754310161798,benign
7.536676645278931,19.0,119.91501831501832,135.56692469414347,66.0,489.6666666666667,18700.184439345758,0.524687759787948,1.2789186790133245,1.3510386149088542e-06,4.585283994674683,1,0.0,1.0,0.0,0.0,1.0,1.0,716.0,0.0,0.003,0.0,benign
12.849304556846619,16.5,124.085,140.0453909431344,66.0,491.5,19937.765550000004,1.1833177514019466,2.3849939370245004,5.960464477539062e-07,7.7820470333099365,2,0.5,0.5,0.0,0.0,1.0,1.0,49980.5,49980.5,0.0025,0.0015,benign
11.16159439086914,17.0,127.68629629629629,144.58134369318523,66.0,501.0,21161.617362551442,0.9415485805211837,2.0048336654941368,3.973642985026042e-07,6.520015001296997,5,0.0,1.0,0.0,0.0,1.0,1.0,24514.6,18644.5952232812,0.006,0.0028982753492378,benign
11.16159439086914,17.0,127.68629629629629,144.58134369318523,66.0,501.0,21161.617362551442,0.9415485805211837,2.0048336654941368,3.973642985026042e-07,6.520015001296997,1,0.0,1.0,0.0,0.0,1.0,1.0,1348.0,0.0,0.004,0.0,benign
14.66829240322113,18.5,117.41666666666667,133.59311672790577,66.0,495.0,18277.04351851852,1.095390860341553,2.8229330395015424,9.5367431640625e-07,10.882463932037354,2,0.5,0.5,0.0,0.0,1.0,1.0,49980.5,49980.5,0.004,0.003,benign
13.407243569691977,19.0,113.49444444444445,128.35687179100344,66.0,491.0,16816.938179012348,0.9212280455370646,2.687035459596275,6.357828776041666e-07,10.861589272816977,5,0.0,1.0,0.0,0.0,1.0,1.0,24641.0,18484.27853068656,0.0042,0.0009797958971132,benign
234.38055247068405,28.25,116.45503790312637,129.59364731756946,66.0,499.25,17262.77454748479,8.144181843444763,40.61844396645681,4.76837158203125e-07,222.24462473392487,7,0.1428571428571428,0.8571428571428571,0.0,0.0,1.0,1.0,31790.571428571428,33081.39576368369,0.0045714285714285,0.0022587697572631,benign
234.38055247068405,28.25,116.45503790312637,129.59364731756946,66.0,499.25,17262.77454748479,8.144181843444763,40.61844396645681,4.76837158203125e-07,222.24462473392487,1,0.0,1.0,0.0,0.0,1.0,1.0,716.0,0.0,0.002,0.0,benign
191.3910019874573,25.8,112.34306413892621,126.06498441785968,66.0,494.8,16227.607068312933,6.872315204354223,33.33194768189007,3.814697265625e-07,180.86114459037782,2,0.5,0.5,0.0,0.0,1.0,1.0,49980.5,49980.5,0.0045,0.0035,benign
161.19564000765482,25.0,118.11922011577184,132.84370674127453,66.0,499.0,18156.561445816333,5.812086254533874,27.991354025428524,3.178914388020833e-07,151.53703196843466,5,0.0,1.0,0.0,0.0,1.0,1.0,24641.0,18484.27853068656,0.0034,0.0004898979485566,benign
161.19564000765482,25.0,118.11922011577184,132.84370674127453,66.0,499.0,18156.561445816333,5.812086254533874,27.991354025428524,3.178914388020833e-07,151.53703196843466,1,0.0,1.0,0.0,0.0,1.0,1.0,1348.0,0.0,0.003,0.0,benign
161.19564000765482,25.0,118.11922011577184,132.84370674127453,66.0,499.0,18156.561445816333,5.812086254533874,27.991354025428524,3.178914388020833e-07,151.53703196843466,1,0.0,1.0,0.0,0.0,1.0,1.0,1348.0,0.0,0.003,0.0,benign
188.95142273902894,25.6,112.07417525003731,125.39205421969886,66.0,494.8,16175.920291657487,6.648220602481478,32.73910771013862,6.198883056640625e-07,178.20964021682738,2,0.5,0.5,0.0,0.0,1.0,1.0,49980.5,49980.5,0.003,0.002,benign
158.05843810240427,24.666666666666668,111.00347937503109,124.14077550261554,66.0,492.8333333333333,15796.054826381238,5.57170589609668,27.413516224203047,8.344650268554688e-07,149.09498568375906,5,0.0,1.0,0.0,0.0,1.0,1.0,24641.0,18484.27853068656,0.0036,0.0004898979485566,benign
191.4114107608795,26.0,110.77678758023585,123.28791188528325,66.0,488.0,15578.8975070427,6.81119571993433,33.34729718421371,3.814697265625e-07,181.18822860717773,2,0.5,0.5,0.0,0.0,1.0,1.0,14549.0,14549.0,0.002,0.002,benign
161.35273396968842,25.833333333333332,117.49398965019655,131.0778838408202,66.0,492.1666666666667,17800.653522535584,5.752797475040642,27.96750273140643,1.0649363199869791e-05,151.60535168647766,1,0.0,1.0,0.0,0.0,1.0,1.0,716.0,0.0,0.003,0.0,benign
161.35273396968842,25.833333333333332,117.49398965019655,131.0778838408202,66.0,492.1666666666667,17800.653522535584,5.752797475040642,27.96750273140643,1.0649363199869791e-05,151.60535168647766,4,0.0,1.0,0.0,0.0,1.0,1.0,48180.0,33921.521125975465,0.0119999999999999,0.0047434164902525,benign
161.35273396968842,25.833333333333332,117.49398965019655,131.0778838408202,66.0,492.1666666666667,17800.653522535584,5.752797475040642,27.96750273140643,1.0649363199869791e-05,151.60535168647766,1,0.0,1.0,0.0,0.0,1.0,1.0,716.0,0.0,0.003,0.0,benign
161.35273396968842,25.833333333333332,117.49398965019655,131.0778838408202,66.0,492.1666666666667,17800.653522535584,5.752797475040642,27.96750273140643,1.0649363199869791e-05,151.60535168647766,1,0.0,1.0,0.0,0.0,1.0,1.0,716.0,0.0,0.005,0.0,benign
161.35273396968842,25.833333333333332,117.49398965019655,131.0778838408202,66.0,492.1666666666667,17800.653522535584,5.752797475040642,27.96750273140643,1.0649363199869791e-05,151.60535168647766,1,0.0,1.0,0.0,0.0,1.0,1.0,716.0,0.0,0.003,0.0,benign
138.3457121508462,21.428571428571427,111.36957259392787,122.29663303729328,66.0,481.0,15398.700772683398,5.049683343926029,24.491099195060517,5.449567522321428e-07,131.62583109310694,7,0.1428571428571428,0.8571428571428571,0.0,0.0,1.0,1.0,31790.571428571428,33081.39576368369,0.005,0.0031622776601683,benign
191.1163673400879,25.2,113.06135473721682,126.22548295796733,66.0,489.4,16351.123422173696,6.829719556463774,33.18880319105777,5.7220458984375e-07,180.14812173843384,2,0.5,0.5,0.0,0.0,1.0,1.0,14549.0,14549.0,0.003,0.002,benign
160.6735094388326,24.666666666666668,118.05112894768068,132.3626084700917,66.0,494.5,18056.724063932623,5.758569629851209,27.824525428257985,6.755193074544271e-07,150.69820845127106,5,0.0,1.0,0.0,0.0,1.0,1.0,38813.6,35657.446238338496,0.0098,0.0048744230427815,benign
160.6735094388326,24.666666666666668,118.05112894768068,132.3626084700917,66.0,494.5,18056.724063932623,5.758569629851209,27.824525428257985,6.755193074544271e-07,150.69820845127106,1,0.0,1.0,0.0,0.0,1.0,1.0,716.0,0.0,0.005,0.0,benign
160.6735094388326,24.666666666666668,118.05112894768068,132.3626084700917,66.0,494.5,18056.724063932623,5.758569629851209,27.824525428257985,6.755193074544271e-07,150.69820845127106,1,0.0,1.0,0.0,0.0,1.0,1.0,1348.0,0.0,0.004,0.0,benign
139.47527626582556,21.285714285714285,112.5513453030115,123.79950037703883,66.0,484.0,15850.590235485328,5.137909786596906,24.79300128454461,4.087175641741071e-07,132.74490233830042,7,0.1428571428571428,0.8571428571428571,0.0,0.0,1.0,1.0,31880.85714285714,32997.219200708285,0.0048571428571428,0.0020303814862216,benign
192.05976614952087,23.6,103.81584191670399,103.13021327920981,66.0,421.0,13439.32693096725,7.570921146693122,34.17849562900448,7.038116455078125e-05,182.1980399608612,2,0.5,0.5,0.0,0.0,1.0,1.0,14549.0,14549.0,0.0035,0.0025,benign
192.05976614952087,23.6,103.81584191670399,103.13021327920981,66.0,421.0,13439.32693096725,7.570921146693122,34.17849562900448,7.038116455078125e-05,182.1980399608612,1,0.0,1.0,0.0,0.0,1.0,1.0,99961.0,0.0,0.003,0.0,benign
189.98845252990722,28.0,114.76778023022973,129.4031211894043,66.0,502.8,17227.308110304955,6.624140484571141,32.782252753083895,1.9073486328125e-07,178.7326861858368,2,0.5,0.5,0.0,0.0,1.0,1.0,49980.5,49980.5,0.0035,0.0035,benign
189.98845252990722,28.0,114.76778023022973,129.4031211894043,66.0,502.8,17227.308110304955,6.624140484571141,32.782252753083895,1.9073486328125e-07,178.7326861858368,1,0.0,1.0,0.0,0.0,1.0,1.0,29098.0,0.0,0.005,0.0,benign
189.98845252990722,28.0,114.76778023022973,129.4031211894043,66.0,502.8,17227.308110304955,6.624140484571141,32.782252753083895,1.9073486328125e-07,178.7326861858368,4,0.0,1.0,0.0,0.0,1.0,1.0,23526.75,20515.309544033207,0.00425,0.0004330127018922,benign
191.89483394622803,26.2,111.11396019627387,124.59002243175946,66.0,494.8,15861.395403406259,6.869111112461835,33.23330815842198,3.814697265625e-07,179.93128175735472,1,0.0,1.0,0.0,0.0,1.0,1.0,99961.0,0.0,0.008,0.0,benign
191.89483394622803,26.2,111.11396019627387,124.59002243175946,66.0,494.8,15861.395403406259,6.869111112461835,33.23330815842198,3.814697265625e-07,179.93128175735472,1,1.0,0.0,0.0,0.0,1.0,1.0,0.0,0.0,0.001,0.0,benign
161.22862342993417,24.833333333333332,110.93755942282081,124.4046196609484,66.0,492.8333333333333,15758.949358805628,5.801686425565891,28.00137292562358,3.178914388020833e-07,151.24793962637582,5,0.0,1.0,0.0,0.0,1.0,1.0,24641.0,18484.27853068656,0.0042,0.0007483314773547,benign
142.72172120639257,22.714285714285715,115.44436163180005,126.55817219512025,66.0,486.2857142857143,16805.953438755463,5.334380045434854,25.321971708421426,1.362391880580357e-07,134.48795311791557,7,0.1428571428571428,0.8571428571428571,0.0,0.0,1.0,1.0,31790.571428571428,33081.39576368369,0.004,0.001690308509457,benign
142.72172120639257,22.714285714285715,115.44436163180005,126.55817219512025,66.0,486.2857142857143,16805.953438755463,5.334380045434854,25.321971708421426,1.362391880580357e-07,134.48795311791557,1,0.0,1.0,0.0,0.0,1.0,1.0,1348.0,0.0,0.007,0.0,benign
142.72172120639257,22.714285714285715,115.44436163180005,126.55817219512025,66.0,486.2857142857143,16805.953438755463,5.334380045434854,25.321971708421426,1.362391880580357e-07,134.48795311791557,1,0.0,1.0,0.0,0.0,1.0,1.0,1348.0,0.0,0.003,0.0,benign
142.72172120639257,22.714285714285715,115.44436163180005,126.55817219512025,66.0,486.2857142857143,16805.953438755463,5.334380045434854,25.321971708421426,1.362391880580357e-07,134.48795311791557,1,0.0,1.0,0.0,0.0,1.0,1.0,1348.0,0.0,0.003,0.0,benign
189.680521774292,26.0,110.77678758023585,123.28791188528325,66.0,488.0,15578.8975070427,6.69376361779908,32.867354170869774,3.814697265625e-07,178.90331597328185,2,0.5,0.5,0.0,0.0,1.0,1.0,14549.0,14549.0,0.0025,0.0015,benign
158.95731031894684,24.833333333333332,110.2087264923018,122.67250375310688,66.0,487.1666666666667,15366.260387909546,5.6275923948531315,27.59016607251465,4.76837158203125e-07,149.96304114659628,5,0.0,1.0,0.0,0.0,1.0,1.0,38687.2,35790.9022484765,0.007,0.0051768716422179,benign
193.13938236236572,29.2,116.22209191670399,131.95702225484882,66.0,510.2,17844.982464821416,6.718024089857613,33.15905289445213,3.814697265625e-07,181.00682158470153,1,0.0,1.0,0.0,0.0,1.0,1.0,99961.0,0.0,0.006,0.0,benign
193.13938236236572,29.2,116.22209191670399,131.95702225484882,66.0,510.2,17844.982464821416,6.718024089857613,33.15905289445213,3.814697265625e-07,181.00682158470153,1,1.0,0.0,0.0,0.0,1.0,1.0,0.0,0.0,0.001,0.0,benign
193.13938236236572,29.2,116.22209191670399,131.95702225484882,66.0,510.2,17844.982464821416,6.718024089857613,33.15905289445213,3.814697265625e-07,181.00682158470153,1,0.0,1.0,0.0,0.0,1.0,1.0,29098.0,0.0,0.01,0.0,benign
193.13938236236572,29.2,116.22209191670399,131.95702225484882,66.0,510.2,17844.982464821416,6.718024089857613,33.15905289445213,3.814697265625e-07,181.00682158470153,4,0.0,1.0,0.0,0.0,1.0,1.0,23368.75,20687.225591835653,0.006,0.0022360679774997,benign
193.13938236236572,29.2,116.22209191670399,131.95702225484882,66.0,510.2,17844.982464821416,6.718024089857613,33.15905289445213,3.814697265625e-07,181.00682158470153,1,0.0,1.0,0.0,0.0,1.0,1.0,1348.0,0.0,0.003,0.0,benign
135.99492924554008,21.714285714285715,110.85079415874075,122.09219737073899,66.0,484.0,15397.979913278545,4.8401683021117305,23.83509460560573,5.449567522321428e-07,129.26708722114563,7,0.1428571428571428,0.8571428571428571,0.0,0.0,1.0,1.0,31880.85714285714,32997.21920070829,0.0084285714285714,0.006521549834579,benign
192.76504735946656,23.6,111.290841916704,122.466564514375,66.0,492.4,15563.784222633918,6.976633319298111,34.03651722744964,1.9073486328125e-07,183.34486775398256,1,0.0,1.0,0.0,0.0,1.0,1.0,1348.0,0.0,0.004,0.0,benign
142.39800752912248,21.571428571428573,119.71171248018538,130.59987652305782,66.0,489.2857142857143,17932.07989006479,5.380029207366616,25.32512659450158,5.449567522321428e-07,134.2086772578103,6,0.1666666666666666,0.8333333333333334,0.0,0.0,1.0,1.0,36969.66666666666,33000.21228551248,0.0056666666666666,0.0025603819159562,benign
142.39800752912248,21.571428571428573,119.71171248018538,130.59987652305782,66.0,489.2857142857143,17932.07989006479,5.380029207366616,25.32512659450158,5.449567522321428e-07,134.2086772578103,1,0.0,1.0,0.0,0.0,1.0,1.0,1348.0,0.0,0.005,0.0,benign
142.39800752912248,21.571428571428573,119.71171248018538,130.59987652305782,66.0,489.2857142857143,17932.07989006479,5.380029207366616,25.32512659450158,5.449567522321428e-07,134.2086772578103,1,0.0,1.0,0.0,0.0,1.0,1.0,1348.0,0.0,0.004,0.0,benign
142.39800752912248,21.571428571428573,119.71171248018538,130.59987652305782,66.0,489.2857142857143,17932.07989006479,5.380029207366616,25.32512659450158,5.449567522321428e-07,134.2086772578103,1,0.0,1.0,0.0,0.0,1.0,1.0,716.0,0.0,0.005,0.0,benign
235.11287289857864,25.5,115.98855239587999,129.46680509165697,66.0,501.0,17223.792778292398,8.290091009238962,41.04541311923442,4.76837158203125e-07,223.41516244411469,1,0.0,1.0,0.0,0.0,1.0,1.0,1348.0,0.0,0.003,0.0,benign
138.54825363840376,21.571428571428573,114.13402382896733,125.92547153307767,66.0,489.2857142857143,16468.62341484673,5.046779794110237,24.478761508288517,4.087175641741071e-07,131.61817942346846,6,0.1666666666666666,0.8333333333333334,0.0,0.0,1.0,1.0,36969.66666666666,33000.21228551248,0.0038333333333333,0.0015723301886761,benign
138.54825363840376,21.571428571428573,114.13402382896733,125.92547153307767,66.0,489.2857142857143,16468.62341484673,5.046779794110237,24.478761508288517,4.087175641741071e-07,131.61817942346846,1,0.0,1.0,0.0,0.0,1.0,1.0,1348.0,0.0,0.004,0.0,benign
190.20342154502868,28.8,112.93750858337066,127.3025862790751,66.0,502.8,16605.213464463985,6.6215600467055875,32.82948927103119,1.9073486328125e-07,179.31250281333922,2,0.5,0.5,0.0,0.0,1.0,1.0,14549.0,14549.0,0.0025,0.0015,benign
190.20342154502868,28.8,112.93750858337066,127.3025862790751,66.0,502.8,16605.213464463985,6.6215600467055875,32.82948927103119,1.9073486328125e-07,179.31250281333922,1,0.0,1.0,0.0,0.0,1.0,1.0,99961.0,0.0,0.003,0.0,benign
190.20342154502868,28.8,112.93750858337066,127.3025862790751,66.0,502.8,16605.213464463985,6.6215600467055875,32.82948927103119,1.9073486328125e-07,179.31250281333922,4,0.0,1.0,0.0,0.0,1.0,1.0,23526.75,20515.309544033207,0.0065,0.0037749172176353,benign
139.17105610030038,22.857142857142858,115.9627706812436,126.77008310090109,66.0,489.2857142857143,16981.933100253093,5.048559732132895,24.47490264028003,4.087175641741071e-07,131.71653641973222,6,0.0,1.0,0.0,0.0,1.0,1.0,37194.333333333336,32751.4073421111,0.006,0.0028284271247461,benign
139.17105610030038,22.857142857142858,115.9627706812436,126.77008310090109,66.0,489.2857142857143,16981.933100253093,5.048559732132895,24.47490264028003,4.087175641741071e-07,131.71653641973222,1,1.0,0.0,0.0,0.0,1.0,1.0,0.0,0.0,0.001,0.0,benign
139.17105610030038,22.857142857142858,115.9627706812436,126.77008310090109,66.0,489.2857142857143,16981.933100253093,5.048559732132895,24.47490264028003,4.087175641741071e-07,131.71653641973222,1,0.0,1.0,0.0,0.0,1.0,1.0,716.0,0.0,0.004,0.0,benign
139.17105610030038,22.857142857142858,115.9627706812436,126.77008310090109,66.0,489.2857142857143,16981.933100253093,5.048559732132895,24.47490264028003,4.087175641741071e-07,131.71653641973222,1,0.0,1.0,0.0,0.0,1.0,1.0,716.0,0.0,0.003,0.0,benign
139.17105610030038,22.857142857142858,115.9627706812436,126.77008310090109,66.0,489.2857142857143,16981.933100253093,5.048559732132895,24.47490264028003,4.087175641741071e-07,131.71653641973222,1,0.0,1.0,0.0,0.0,1.0,1.0,1348.0,0.0,0.004,0.0,benign
138.46177128383093,21.714285714285715,116.14226803574094,127.81018220967549,66.0,488.2857142857143,17033.233720532164,5.0400937931537175,24.37903141273743,5.449567522321428e-07,130.96667439596993,7,0.1428571428571428,0.8571428571428571,0.0,0.0,1.0,1.0,31880.85714285714,32997.21920070829,0.0072857142857142,0.0056242913385798,benign
138.46177128383093,21.714285714285715,116.14226803574094,127.81018220967549,66.0,488.2857142857143,17033.233720532164,5.0400937931537175,24.37903141273743,5.449567522321428e-07,130.96667439596993,1,0.0,1.0,0.0,0.0,1.0,1.0,716.0,0.0,0.005,0.0,benign
138.46177128383093,21.714285714285715,116.14226803574094,127.81018220967549,66.0,488.2857142857143,17033.233720532164,5.0400937931537175,24.37903141273743,5.449567522321428e-07,130.96667439596993,1,0.0,1.0,0.0,0.0,1.0,1.0,716.0,0.0,0.007,0.0,benign
190.27240972518922,25.4,113.17020699606906,126.93330510572196,66.0,494.8,16487.83500368708,6.788473410005608,33.07973243438152,1.9073486328125e-07,179.80025777816772,2,0.5,0.5,0.0,0.0,1.0,1.0,49980.5,49980.5,0.0035,0.0025,benign
159.82216827074686,24.333333333333332,112.26464618093473,125.87545728209095,66.0,492.8333333333333,16163.368504919288,5.727162665731851,27.85244201842447,3.178914388020833e-07,151.0828245083491,5,0.0,1.0,0.0,0.0,1.0,1.0,24641.0,18484.27853068656,0.0042,0.0007483314773547,benign
234.80935966968536,25.5,115.98855239587999,129.46680509165697,66.0,501.0,17223.792778292398,8.262498897521391,40.95265089321245,4.76837158203125e-07,223.09408950805664,7,0.1428571428571428,0.8571428571428571,0.0,0.0,1.0,1.0,31880.85714285714,32997.219200708285,0.0061428571428571,0.0033986792152486,benign
234.80935966968536,25.5,115.98855239587999,129.46680509165697,66.0,501.0,17223.792778292398,8.262498897521391,40.95265089321245,4.76837158203125e-07,223.09408950805664,1,0.0,1.0,0.0,0.0,1.0,1.0,1348.0,0.0,0.009,0.0,benign
13.760963559150696,20.0,113.61666666666667,128.66441899483993,66.0,491.5,16875.136111111115,1.000114264159367,2.579568513322182,3.3020973205566406e-05,10.114475131034851,2,0.5,0.5,0.0,0.0,1.0,1.0,49980.5,49980.5,0.0045,0.0035,benign
12.549120664596558,19.333333333333332,120.57777777777778,136.67089933711028,66.0,498.6666666666667,19020.87777777778,0.8652807815079756,2.2682646763355554,2.3682912190755207e-05,8.762981494267782,5,0.0,1.0,0.0,0.0,1.0,1.0,24514.6,18644.5952232812,0.0056,0.0023323807579381,benign
12.549120664596558,19.333333333333332,120.57777777777778,136.67089933711028,66.0,498.6666666666667,19020.87777777778,0.8652807815079756,2.2682646763355554,2.3682912190755207e-05,8.762981494267782,1,0.0,1.0,0.0,0.0,1.0,1.0,716.0,0.0,0.004,0.0,benign
7.80493152141571,14.5,93.9,74.31193782869892,66.0,310.5,10541.68,1.4560356636842091,2.37701979065685,0.0001685619354248,6.364542007446289,2,0.5,0.5,0.0,0.0,1.0,1.0,14549.0,14549.0,0.0035,0.0015,benign
7.80493152141571,14.5,93.9,74.31193782869892,66.0,310.5,10541.68,1.4560356636842091,2.37701979065685,0.0001685619354248,6.364542007446289,1,0.0,1.0,0.0,0.0,1.0,1.0,99961.0,0.0,0.011,0.0,benign
14.36234450340271,19.5,113.94967532467533,128.52105866817578,66.0,491.5,17017.58097381514,0.982126075691647,2.602855181466677,4.76837158203125e-07,10.223705530166626,2,0.5,0.5,0.0,0.0,1.0,1.0,49980.5,49980.5,0.004,0.003,benign
12.983360687891642,20.333333333333332,123.52705627705627,139.84267633172945,66.0,501.0,20145.61114507786,0.8170585434272807,2.1927873516769094,3.178914388020833e-07,8.70514965057373,5,0.0,1.0,0.0,0.0,1.0,1.0,24514.6,18644.5952232812,0.0046,0.0004898979485566,benign
12.983360687891642,20.333333333333332,123.52705627705627,139.84267633172945,66.0,501.0,20145.61114507786,0.8170585434272807,2.1927873516769094,3.178914388020833e-07,8.70514965057373,1,0.0,1.0,0.0,0.0,1.0,1.0,716.0,0.0,0.003,0.0,benign
12.983360687891642,20.333333333333332,123.52705627705627,139.84267633172945,66.0,501.0,20145.61114507786,0.8170585434272807,2.1927873516769094,3.178914388020833e-07,8.70514965057373,1,0.0,1.0,0.0,0.0,1.0,1.0,1348.0,0.0,0.005,0.0,benign
8.324130058288574,16.25,115.1235098965362,126.65073467307377,66.0,483.5,16731.877024781585,0.6394932745519467,1.96581713494035,2.384185791015625e-07,7.092795729637146,5,0.0,1.0,0.0,0.0,1.0,1.0,41056.2,34607.82475914948,0.0066,0.001356465996625,benign
8.324130058288574,16.25,115.1235098965362,126.65073467307377,66.0,483.5,16731.877024781585,0.6394932745519467,1.96581713494035,2.384185791015625e-07,7.092795729637146,2,0.5,0.5,0.0,0.0,1.0,1.0,8942.5,8942.5,0.0025,0.0015,benign
8.324130058288574,16.25,115.1235098965362,126.65073467307377,66.0,483.5,16731.877024781585,0.6394932745519467,1.96581713494035,2.384185791015625e-07,7.092795729637146,1,0.0,1.0,0.0,0.0,1.0,1.0,716.0,0.0,0.015,0.0,benign
13.617904901504517,16.0,119.69651960784313,131.46918864827094,66.0,485.25,18201.894441743563,1.0428775994840898,3.229107560090209,9.5367431640625e-07,11.459434449672699,7,0.1428571428571428,0.8571428571428571,0.0,0.0,1.0,1.0,31880.85714285714,32997.21920070829,0.0067142857142857,0.0052837834311162,benign
13.617904901504517,16.0,119.69651960784313,131.46918864827094,66.0,485.25,18201.894441743563,1.0428775994840898,3.229107560090209,9.5367431640625e-07,11.459434449672699,1,0.0,1.0,0.0,0.0,1.0,1.0,1348.0,0.0,0.008,0.0,benign
13.617904901504517,16.0,119.69651960784313,131.46918864827094,66.0,485.25,18201.894441743563,1.0428775994840898,3.229107560090209,9.5367431640625e-07,11.459434449672699,1,0.0,1.0,0.0,0.0,1.0,1.0,716.0,0.0,0.007,0.0,benign
7.347949981689453,19.5,114.14137931034482,128.2889496858727,66.0,478.0,16765.35312722949,0.5370332551380945,1.4586145971023177,0.0,5.808721542358398,2,0.5,0.5,0.0,0.0,1.0,1.0,14549.0,14549.0,0.0035,0.0025,benign
6.84274435043335,20.0,117.66568144499179,133.3178591146782,66.0,489.6666666666667,18029.097096157526,0.4552277215574154,1.2608709943015228,0.0,4.923459688822429,5,0.0,1.0,0.0,0.0,1.0,1.0,38687.2,35790.902248476494,0.0122,0.0073047929470998,benign
6.84274435043335,20.0,117.66568144499179,133.3178591146782,66.0,489.6666666666667,18029.097096157526,0.4552277215574154,1.2608709943015228,0.0,4.923459688822429,1,0.0,1.0,0.0,0.0,1.0,1.0,716.0,0.0,0.003,0.0,benign
12.330822467803955,19.5,114.51785714285714,130.09521345393088,66.0,495.0,17405.299686920225,0.843050331098062,2.379450615365179,5.960464477539062e-07,9.613759517669678,2,0.5,0.5,0.0,0.0,1.0,1.0,49980.5,49980.5,0.0025,0.0015,benign
11.426327308019003,20.333333333333332,124.01190476190476,141.07955431285845,66.0,503.3333333333333,20465.10888218924,0.7146896967391698,1.958967993319365,3.973642985026042e-07,7.639665683110555,5,0.0,1.0,0.0,0.0,1.0,1.0,24641.0,18484.27853068656,0.0038,0.0004,benign
11.426327308019003,20.333333333333332,124.01190476190476,141.07955431285845,66.0,503.3333333333333,20465.10888218924,0.7146896967391698,1.958967993319365,3.973642985026042e-07,7.639665683110555,1,0.0,1.0,0.0,0.0,1.0,1.0,716.0,0.0,0.004,0.0,benign
11.426327308019003,20.333333333333332,124.01190476190476,141.07955431285845,66.0,503.3333333333333,20465.10888218924,0.7146896967391698,1.958967993319365,3.973642985026042e-07,7.639665683110555,1,0.0,1.0,0.0,0.0,1.0,1.0,1348.0,0.0,0.014,0.0,benign
12.791702508926392,16.5,117.24519230769232,129.08484672245086,66.0,485.25,17486.261809104355,0.9276883848508198,2.966043459760612,5.7041645050036326e-05,10.891059160232544,7,0.1428571428571428,0.8571428571428571,0.0,0.0,1.0,1.0,31880.85714285714,32997.219200708285,0.0075714285714285,0.0034582052676886,benign
12.791702508926392,16.5,117.24519230769232,129.08484672245086,66.0,485.25,17486.261809104355,0.9276883848508198,2.966043459760612,5.7041645050036326e-05,10.891059160232544,1,0.0,1.0,0.0,0.0,1.0,1.0,716.0,0.0,0.003,0.0,benign
12.791702508926392,16.5,117.24519230769232,129.08484672245086,66.0,485.25,17486.261809104355,0.9276883848508198,2.966043459760612,5.7041645050036326e-05,10.891059160232544,1,0.0,1.0,0.0,0.0,1.0,1.0,1348.0,0.0,0.007,0.0,benign
